,,BLUE-IT,2,2,4,2,2,2,1,2,2,2,2,2,2,3,2,3,1,3,2,2,2,2,1,3,2,2,3,2,2,2,2,2,4,2,2,2,2,2,2,1,3,4,2,2,2,3,2,2,2,2,4,2,2,2,2,3,3,3,3,3,2,2,2,2,4,1,2,2,2,1,2,3,2,4,3,4,2,2,3,2,5,4,2,3,3,3,2,4,2,3,3,3,2,2,2,2,2,2,2,3,4,2,3,3,3,3,2,3,4,2,2,2,5,2,2,4,6,3,3,3,1,2,2,2,2,2,2,3,3,3,2,3,3,3,3,2,4,4,2,2,3,2,3,4,2,6,3,3,2,2,2,2,2,4,2,3,2,2,4,3,2,2,3,4,3,2,2,2,2,5,3,1,4,3,4,2,3,2,2,4,2,2,2,3,4,4,3,2,2,2,2,3,2,4,3,3,4,3,3,3,3,3,2,4,4,3,4,4,3,3,4,5,2,3,3,4,3,4,3,3,4,2,4,4,3,3,2,4,4,4,4,2,2,2,4,3,2,4,3,4,2,6,2,3,6,3,3,5,2,4,4,5,5,5,5,4,4,3,3,3,5,2,5,3,3,3,7,3,3,2,2,2,4,4,4,3,3,4,3,2,2,3,3,4,3,2,3,6,3,2,2,5,3,5,4,4,2,2,4,3,4,3,2,5,3,4,4,3,4,2,3,2,4,3,4,4,4,3,3,4,2,3,3,4,3,3,3,3,3,4,5,2,7,5,5,5,5,2,3,4,5,4,3,5,3,4,3,3,2,2,2,3,4,3,4,3,2,2,3,3,4,4,3,3,3,2,3,3,3,2,2,3,4,3,2,6,3,4,3,3,3,5,3,5,3,4,5,4,3,4,4,3,4,5,4,2,3,4,2,2,4,3,4,3,4,5,3,3,4,3,4,2,5,4,2,5,3,2,4,2,3,5,4,3,2,3,7,5,4,3,5,3,4,7,3,8,4,6,4,4,2,7,4,3,3,6,3,3,2,3,5,3,3,4,5,4,4,4,2,4,3,5,3,6,5,4,5,6,3,4,5,3,4,2,2,5,2,3,4,4,5,4,4,4,3,3,5,4,5,3,3,2,5,6,3,4,7,4,2,3,6,4,2,2,3,6,3,3,6,5,3,3,5,4,4,4,5,4,3,4,6,3,5,3,4,3,4,4,7,2,2,4,6,5,3,3,4,3,3,3,5,4,4,4,4,2,4,6,4,4,2,6,3,3,5,6,4,3,5,3,3,5,4,5,6,5,4,5,5,4,5,6,5,5,5,5,3,2,6,4,4,4,5,5,5,4,6,2,2,6,6,2,5,3,4,7,5,4,3,4,3,4,3,4,4,5,3,4,5,3,6,7,3,4,7,5,4,5,5,4,2,3,3,5,4,6,6,8,7,4,5,4,5,3,3,5,3,5,2,6,4,5,2,3,5,4,4,5,4,4,4,6,4,4,3,8,7,7,5,8,4,3,5,3,6,5,7,5,3,5,5,5,6,5,4,3,4,3,5,9,8,5,7,7,5,3,4,5,8,8,7,4,3,3,2,4,7,3,4,3,3,3,4,3,7,7,2,5,5,4,8,5,5,6,4,6,4,5,4,4,4,8,3,8,6,6,5,9,5,5,5,5,5,5,3,6,6,4,5,6,7,4,7,6,7,7,3,3,5,4,8,6,8,4,9,4,6,5,6,3,8,8,7,8,3,4,6,4,8,7,3,7,4,7,7,4,4,5,5,6,5,3,7,6,5,5,7,5,5,5,7,6,7,6,6,7,8,9,5,5,3,6,7,9,6,4,7,7,8,7,7,5,5,9,6,5,8,6,7,7,8,4,4,5,7,4,6,4,7,8,5,4,5,8,5,7,4,7,4,4,4,3,4,5,5,7,6,4,7,5,5,5,5,8,4,7,5,9,3,8,8,8,5,5,5,6,3,4,3,7,8,7,6,7,7,4,5,5,8,5,5,4,4,5,4,8,6,5,5,7,7,6,5,8,8,7,4,8,4,3,9,5,4,3,3,3,8,6,8,4,8,4,6,8,4,6,6,6,4,8,8,9,8,8,8,4,7,9,5,6,6,2,7,5,5,5,7,6,5,8,7,6,3,8,4,7,2,7,8,9,8,9,8,6,5,8,6,5,9,3,9,8,4,6,5,4,8,3,8,8,8,7,7,6,6,4,3,5,7,8,9,7,7,8,9,8,8,8,8,8,7,8,4,9,6,6,9,9,7,8,9,4,8,8,5,8,7,7,8,8,8,8,5,7,6,9,8,7,8,8,7,9,7,8,8,7,7,5,6,5,4,7,8,8,9,4,5,8,7,9,8,8,4,8,7,7,7,7,7,6,5,7,8,3,7,7,7,7,8,8,8,8,8,8,7,6,7,8,6,5,7,9,4,7,6,4,9,6,8,8,4,8,9,7,9,9,9,9,7,8,7,7,3,5,6,9,6,6,7,6,7,7,6,8,6,8,8,7,8,9,9,3,8,8,8,8,5,4,8,8,8,8,9,9,9,8,9,9,8,7,9,8,8,8,6,8,8,7,8,9,9,8,8,9,9,8,8,8,4,9,6,8,9,7,9,9,9,9,8,8,8,8,5,8,7,8,8,8,9,9,5,9,9,9,9
SNP ID,Frequency of favorable allele,BLUE-SEV,4,9,33,5,7,10,3,10,21,23,19,33,23,30,9,10,4,24,21,9,13,7,3,28,9,6,18,4,13,16,4,9,43,23,15,11,6,4,14,5,28,33,20,15,25,36,6,29,13,19,28,10,4,11,5,33,28,30,35,26,13,14,4,9,33,3,26,4,11,3,15,24,11,38,30,50,29,14,24,8,50,48,6,38,28,25,6,45,17,31,35,38,15,4,15,6,16,10,11,24,40,10,38,30,29,53,14,33,40,28,24,18,45,15,23,33,68,28,30,20,7,15,9,6,20,11,9,35,35,38,21,25,21,26,16,13,40,30,4,13,35,28,38,38,6,70,26,45,18,25,11,15,9,40,11,25,8,25,45,30,26,11,20,55,24,6,4,18,16,58,18,4,53,30,38,7,35,15,13,41,19,7,13,38,60,53,38,5,7,4,7,25,11,39,33,34,48,15,24,40,19,18,4,43,40,40,38,45,21,24,45,53,19,38,35,48,24,38,26,43,43,10,43,53,29,31,14,50,45,43,43,4,14,15,29,25,8,31,20,45,6,65,16,38,63,38,40,53,29,50,40,55,40,53,50,45,53,21,31,50,48,16,55,33,29,26,73,19,45,9,38,15,40,35,45,21,38,55,25,7,4,20,30,60,23,14,33,63,25,9,25,46,36,58,48,43,19,5,53,40,43,21,33,63,45,43,53,48,55,25,26,5,33,40,40,38,48,33,35,40,8,33,29,30,43,24,33,20,25,43,58,12,54,55,53,50,60,11,38,50,63,38,23,58,25,43,45,45,33,4,16,38,38,43,25,48,14,24,45,29,60,35,30,20,14,8,18,38,43,38,12,35,45,26,28,65,45,43,28,38,45,55,28,58,33,40,58,48,40,48,40,24,38,53,40,21,40,48,6,6,43,38,48,43,33,60,38,30,60,43,41,5,50,35,6,65,41,4,40,15,40,53,43,43,10,30,80,43,30,24,65,29,65,83,38,73,63,66,28,48,23,71,30,30,20,73,30,19,23,30,60,38,15,53,60,48,41,48,28,40,28,58,45,58,58,45,48,73,28,48,73,36,53,9,25,60,21,40,55,50,50,29,43,50,53,40,60,48,68,53,50,24,63,73,28,38,73,48,18,40,68,43,23,13,16,68,33,31,70,63,35,19,58,40,43,53,63,45,30,45,70,43,60,28,53,45,53,43,78,15,30,38,78,55,50,34,36,29,40,43,63,38,40,60,50,29,43,65,53,48,10,58,33,43,53,58,43,36,58,31,33,56,50,50,73,43,41,63,58,58,68,78,65,58,58,60,36,11,70,45,33,43,53,70,58,48,73,33,38,63,68,8,41,50,48,80,50,58,43,53,50,38,33,33,35,55,30,58,60,28,73,78,33,50,80,60,50,55,60,55,22,30,29,58,24,73,70,85,70,55,60,55,55,45,50,68,33,55,23,65,45,70,13,48,54,38,47,58,45,43,45,70,43,48,38,80,80,73,53,83,48,43,75,34,68,60,78,60,35,56,60,48,68,60,45,43,50,30,60,90,88,58,78,80,73,45,60,55,90,90,78,43,24,38,16,43,85,30,43,35,35,35,48,53,73,78,14,60,58,40,78,58,70,73,48,70,40,58,43,53,50,78,35,93,70,58,63,88,60,73,60,60,65,65,43,65,70,45,63,68,80,70,78,75,78,78,48,48,58,45,93,75,88,53,93,53,70,68,75,19,90,88,80,90,48,30,75,58,78,83,25,75,53,68,68,50,60,65,68,58,68,38,83,75,60,63,80,60,65,73,73,73,88,68,70,78,83,90,65,63,35,83,78,95,68,65,85,83,90,68,78,73,63,93,80,70,85,70,78,80,88,45,45,68,75,51,73,68,55,85,60,38,65,93,45,83,60,78,50,55,38,25,53,60,60,83,73,38,73,48,60,73,44,85,50,83,68,95,35,90,83,83,58,53,53,76,53,75,75,70,93,83,75,68,85,43,63,56,90,55,48,48,46,63,58,93,75,65,65,78,75,60,73,90,88,80,53,90,55,33,95,53,58,29,38,30,93,70,83,55,83,48,75,85,58,70,73,73,55,85,85,90,93,80,88,45,75,90,63,68,63,16,78,58,68,75,80,73,58,80,73,78,80,90,68,70,8,88,90,95,90,95,83,55,65,83,80,65,93,43,95,85,45,73,68,55,88,33,85,88,85,75,73,75,65,70,24,53,85,88,90,80,73,90,90,93,90,93,90,80,80,85,53,85,68,70,90,95,83,88,93,55,90,85,63,90,80,83,85,85,90,93,78,80,75,93,85,83,85,88,83,93,73,88,93,80,85,63,65,70,53,78,85,93,95,58,58,85,80,88,83,88,55,88,83,88,85,88,80,88,73,93,83,36,83,90,88,88,88,85,90,88,93,90,83,60,83,90,80,63,75,95,30,83,78,43,95,70,83,88,55,88,93,75,93,95,90,95,88,93,75,78,56,75,63,93,73,73,90,75,80,83,65,93,63,88,88,78,85,93,95,33,88,88,85,85,55,48,80,90,78,70,95,95,93,90,95,95,93,85,90,83,88,80,80,88,95,70,90,90,90,95,90,95,98,90,93,95,83,93,75,85,93,78,95,93,95,90,90,93,90,90,65,90,85,85,80,83,90,93,88,98,95,95,95
IWA7715*,0.11,,CC,CC,CC,CC,CC,CC,CC,TT,TT,TT,TT,TT,TT,TT,CC,CC,CC,TT,TT,TT,TT,TT,TT,TT,TT,CC,TT,TT,TT,TT,CC,CC,TT,TT,CC,CC,CC,CC,TT,CC,CC,TT,TT,TT,TT,TT,TT,TT,TT,TT,CC,TT,CC,TT,TT,TT,TT,TT,TT,TT,TT,TT,CC,CC,CC,TT,TT,TT,TT,CC,CC,TT,TT,TT,TT,TT,TT,TT,TT,TT,TT,TT,TT,TT,TT,TT,CC,TT,TT,TT,TT,TT,CC,TT,TT,TT,TT,TT,CC,TT,TT,TT,TT,TT,TT,TT,TT,TT,TT,TT,TT,TT,TT,TT,TT,TT,TT,TT,TT,TT,CC,TT,TT,TT,CC,CC,CC,TT,TT,TT,TT,TT,TT,TT,TT,TT,TT,TT,TT,TT,CC,TT,TT,TT,TT,TT,CC,TT,TT,TT,CC,CC,TT,TT,CC,TT,TT,TT,TT,TT,TT,CC,TT,TT,TT,TT,TT,TT,TT,TT,TT,NN,TT,TT,TT,CC,TT,TT,TT,TT,TT,TT,TT,TT,TT,TT,TT,CC,TT,TT,CC,CC,TT,TT,TT,TT,TT,TT,CC,TT,TT,TT,TT,TT,TT,TT,TT,TT,TT,TT,CC,TT,TT,TT,TT,TT,TT,TT,TT,TT,TT,TT,TT,TT,TT,TT,TT,TT,TT,TT,TT,TT,TT,TT,TT,TT,TT,CC,TT,TT,TT,TT,TT,TT,TT,TT,TT,TT,TT,CC,TT,TT,TT,TT,TT,TT,TT,TT,TT,TT,TT,TT,TT,TT,TT,TT,TT,TT,TT,TT,TT,TT,TT,TT,TT,CC,TT,TT,TT,TT,TT,TT,TT,TT,CC,TT,TT,TT,TT,TT,TT,TT,TT,TT,TT,TT,TT,CC,TT,TT,TT,TT,TT,TT,TT,TT,TT,TT,TT,TT,TT,TT,TT,TT,TT,TT,TT,TT,TT,TT,TT,TT,TT,CC,TT,TT,TT,TT,CC,TT,TT,TT,CC,TT,TT,NN,CC,TT,TT,TT,TT,TT,TT,TT,TT,TT,TT,TT,TT,TT,TT,TT,TT,TT,TT,CC,TT,CC,TT,TT,CC,TT,TT,CC,TT,TT,TT,TT,TT,TT,TT,TT,TT,TT,TT,TT,TT,TT,TT,TT,TT,TT,TT,TT,TT,TT,TT,TT,TT,TT,TT,TT,TT,TT,TT,TT,TT,TT,TT,TT,CC,CC,TT,TT,TT,TT,CC,CC,TT,TT,CC,TT,TT,TT,TT,CC,CC,CC,TT,TT,TT,TT,TT,TT,TT,TT,TT,TT,TT,TT,TT,TT,TT,TT,TT,TT,TT,TT,TT,TT,TT,TT,TT,TT,TT,TT,TT,TT,TT,TT,TT,TT,TT,TT,TT,TT,TT,TT,TT,TT,TT,CC,TT,TT,TT,TT,TT,TT,TT,TT,TT,TT,TT,TT,TT,TT,TT,TT,TT,CC,TT,TT,TT,TT,TT,TT,CC,TT,TT,TT,TT,TT,CC,TT,TT,TT,TT,TT,TT,TT,TT,TT,TT,TT,TT,TT,TT,TT,TT,TT,TT,TT,TT,TT,TT,TT,TT,TT,TT,TT,CC,TT,TT,TT,TT,TT,TT,TT,CC,TT,TT,TT,TT,CC,TT,TT,TT,TT,TT,TT,TT,TT,TT,TT,TT,TT,TT,TT,TT,TT,TT,TT,CC,TT,TT,TT,TT,CC,TT,TT,TT,TT,TT,TT,TT,CC,CC,CC,CC,CC,CC,CC,CC,CC,CC,CC,CC,TT,TT,TT,TT,TT,TT,TT,TT,TT,TT,TT,TT,TT,TT,TT,TT,TT,TT,TT,TT,TT,TT,TT,TT,TT,TT,TT,TT,TT,TT,TT,TT,CC,TT,TT,TT,TT,TT,TT,TT,CC,TT,TT,TT,TT,TT,TT,TT,TT,TT,TT,CC,CC,NN,TT,TT,TT,TT,TT,TT,TT,TT,TT,TT,TT,TT,TT,TT,TT,TT,TT,TT,TT,TT,CC,TT,TT,TT,TT,CC,TT,TT,TT,TT,TT,TT,TT,TT,TT,TT,TT,TT,TT,TT,TT,TT,TT,TT,TT,TT,TT,TT,TT,TT,CC,CC,CC,TT,TT,TT,CC,TT,TT,TT,TT,CC,TT,TT,TT,TT,TT,TT,TT,TT,TT,TT,TT,CC,TT,TT,CC,TT,TT,TT,TT,TT,TT,TT,TT,TT,TT,TT,TT,TT,TT,TT,TT,TT,TT,TT,TT,TT,TT,TT,TT,TT,TT,TT,TT,TT,TT,TT,TT,TT,TT,TT,TT,TT,TT,TT,TT,TT,CC,CC,CC,CC,TT,TT,TT,TT,TT,TT,TT,TT,TT,TT,TT,TT,TT,TT,TT,TT,TT,TT,TT,TT,TT,TT,CC,CC,TT,TT,CC,CC,TT,TT,TT,TT,TT,TT,TT,TT,TT,TT,TT,TT,TT,TT,TT,TT,CC,CC,CC,TT,TT,TT,TT,TT,TT,TT,TT,TT,TT,TT,TT,TT,TT,TT,TT,TT,TT,TT,TT,TT,TT,TT,TT,TT,TT,CC,TT,TT,CC,CC,TT,TT,TT,TT,TT,TT,TT,TT,TT,TT,TT,TT,TT,TT,TT,TT,TT,TT,TT,TT,TT,TT,TT,TT,TT,TT,TT,TT,TT,TT,TT,TT,TT,TT,CC,TT,TT,TT,TT,TT,TT,TT,TT,TT,TT,TT,TT,TT,TT,TT,TT,TT,TT,TT,TT,TT,TT,TT,TT,TT,TT,TT,TT,TT,CC,TT,TT,TT,TT,TT,TT,TT,TT,TT,TT,TT,TT,TT,TT,TT,TT,TT,TT,TT,TT,TT,TT,TT,TT,TT,TT,TT,TT,TT,TT,TT,TT,TT,TT,TT,TT,TT,TT,TT,TT,TT,TT,TT,TT,TT,TT,TT,TT,TT,TT,TT,TT,TT,TT,TT,TT,TT,TT,TT,CC,CC,TT,TT,TT,TT,TT,TT,TT,TT,TT,TT,TT,TT,TT,TT,TT,TT,TT,TT,TT,TT,TT,CC,TT,TT,TT,TT,TT,TT,TT,TT,TT,TT,TT,TT,TT,TT,TT,TT,TT,TT,TT,TT,TT,TT,TT,TT,TT,TT,TT,TT,TT,TT,TT,TT,TT,TT,TT,TT,TT,TT,TT,TT,TT,TT,TT,TT,TT,TT,TT,TT,TT,CC,TT,TT,TT,TT,TT,TT,TT,TT,TT,CC,TT,TT,TT,TT,TT,TT,TT,TT,TT,TT,TT,TT,TT,TT,TT,TT,TT,TT,TT,TT,TT,TT,TT,CC,TT,TT,TT,TT,TT,TT,TT,TT,TT,TT,TT,TT,TT,TT,TT,TT,TT,TT,TT,TT,TT,TT,TT,TT,TT,TT,TT,TT,TT,TT,TT,TT,TT,TT,TT,TT,TT,TT,TT,TT,TT,TT,TT,TT,TT,TT,TT,TT,TT,TT,TT,TT,TT,TT,TT,CC,TT,TT,CC,TT,TT,TT,TT,TT,TT,TT,TT,TT,TT,TT,TT,TT,TT,TT,TT,TT,TT,TT,TT,TT,TT,TT,TT,TT,TT,TT,TT,TT,TT,TT,TT,TT,TT,TT,TT,TT,TT,CC,TT,TT,TT,TT,TT,TT,TT,TT,TT,NN,TT,TT,TT,TT
IWA5435†,0.87,,GG,GG,GG,GG,GG,GG,GG,GG,GG,GG,GG,GG,GG,GG,GG,GG,GG,GG,GG,GG,GG,GG,GG,GG,GG,GG,GG,GG,GG,GG,GG,GG,GG,GG,GG,GG,GG,GG,GG,GG,GG,GG,GG,GG,GG,GG,GG,GG,GG,GG,GG,AA,GG,GG,GG,GG,GG,GG,GG,GG,AA,AA,GG,GG,GG,GG,GG,GG,AA,GG,GG,GG,GG,GG,GG,GG,GG,GG,GG,GG,GG,GG,GG,GG,GG,GG,GG,GG,GG,GG,GG,GG,GG,AA,AA,AA,GG,AA,GG,GG,GG,GG,GG,GG,GG,GG,AA,GG,GG,GG,GG,GG,GG,AA,GG,GG,GG,GG,GG,GG,GG,GG,GG,GG,GG,AA,GG,GG,GG,GG,GG,GG,GG,GG,GG,GG,GG,GG,GG,GG,GG,AA,GG,GG,AA,GG,GG,GG,GG,GG,GG,GG,AA,GG,GG,GG,AA,GG,GG,GG,GG,GG,GG,GG,GG,GG,GG,GG,GG,GG,GG,GG,GG,GG,GG,GG,GG,GG,GG,GG,GG,GG,GG,GG,GG,GG,GG,GG,GG,GG,GG,AA,GG,GG,GG,GG,GG,GG,GG,GG,GG,GG,GG,GG,GG,GG,GG,GG,AA,AA,GG,GG,GG,GG,GG,GG,GG,GG,GG,GG,GG,GG,GG,GG,GG,GG,GG,GG,GG,GG,GG,AA,GG,GG,GG,GG,AA,GG,GG,GG,GG,GG,GG,GG,GG,GG,AA,GG,GG,GG,GG,GG,GG,GG,GG,GG,GG,GG,GG,GG,GG,GG,GG,GG,GG,GG,GG,GG,GG,AA,GG,GG,GG,GG,GG,GG,GG,GG,GG,AA,AA,GG,GG,GG,GG,GG,GG,GG,NN,GG,GG,GG,GG,GG,GG,GG,GG,GG,GG,GG,GG,GG,GG,GG,GG,GG,GG,GG,GG,GG,GG,AA,AA,GG,GG,GG,GG,GG,GG,GG,GG,GG,GG,GG,GG,GG,GG,GG,GG,GG,GG,GG,GG,GG,GG,GG,AA,GG,GG,GG,GG,GG,GG,GG,GG,AA,GG,GG,GG,NN,GG,GG,GG,GG,GG,GG,GG,GG,GG,GG,GG,AA,GG,GG,GG,GG,GG,GG,GG,GG,AA,GG,GG,AA,GG,GG,GG,GG,AA,GG,GG,GG,GG,GG,GG,GG,GG,GG,GG,GG,GG,GG,GG,GG,GG,AA,GG,GG,GG,GG,AA,GG,GG,AA,GG,GG,GG,GG,GG,GG,GG,GG,GG,AA,AA,GG,GG,NN,GG,GG,GG,GG,GG,GG,GG,GG,GG,AA,AA,GG,GG,GG,GG,GG,GG,GG,GG,GG,GG,GG,GG,GG,GG,GG,AA,AA,AA,GG,AA,GG,GG,GG,AA,GG,GG,GG,GG,GG,GG,GG,GG,GG,GG,AA,GG,GG,GG,GG,GG,GG,GG,GG,GG,AA,GG,GG,GG,GG,GG,GG,AA,AA,GG,AA,GG,AA,GG,GG,GG,GG,NN,GG,GG,GG,GG,GG,GG,GG,GG,GG,GG,GG,GG,GG,GG,GG,GG,GG,GG,GG,AA,NN,NN,GG,GG,GG,GG,GG,GG,GG,GG,GG,AA,GG,GG,GG,GG,GG,GG,GG,GG,AA,GG,AA,GG,GG,GG,GG,GG,GG,GG,AA,GG,GG,GG,GG,GG,GG,GG,GG,AA,GG,GG,AA,GG,GG,GG,GG,AA,GG,GG,GG,GG,GG,GG,GG,GG,GG,GG,GG,GG,GG,GG,GG,GG,GG,GG,GG,GG,AA,GG,GG,GG,GG,AA,GG,GG,GG,GG,GG,GG,GG,AA,GG,GG,GG,GG,AA,AA,GG,GG,AA,AA,AA,GG,GG,GG,GG,GG,GG,GG,GG,GG,GG,GG,AA,GG,GG,GG,GG,GG,AA,GG,GG,GG,GG,GG,GG,GG,GG,GG,GG,GG,AA,AA,GG,AA,GG,GG,GG,GG,GG,GG,GG,GG,GG,GG,GG,GG,GG,GG,GG,GG,GG,GG,GG,GG,GG,GG,AA,AA,AA,AA,GG,GG,GG,GG,GG,AA,GG,AA,GG,GG,GG,GG,GG,GG,GG,GG,GG,GG,AA,GG,GG,GG,GG,GG,NN,GG,GG,GG,AA,GG,AA,AA,GG,GG,GG,AA,AA,AA,AA,GG,AA,GG,GG,GG,GG,GG,AA,GG,GG,GG,GG,GG,GG,GG,GG,GG,GG,GG,GG,GG,GG,GG,GG,GG,GG,GG,GG,GG,GG,GG,GG,GG,GG,GG,GG,GG,GG,GG,GG,GG,GG,GG,GG,AA,GG,AA,AA,AA,GG,GG,GG,GG,GG,GG,GG,GG,AA,GG,GG,GG,GG,GG,AA,GG,GG,GG,GG,AA,GG,GG,GG,GG,AA,GG,GG,NN,GG,GG,GG,GG,GG,GG,GG,GG,GG,GG,GG,GG,GG,GG,GG,GG,GG,GG,GG,GG,GG,AA,GG,GG,GG,GG,GG,AA,GG,GG,AA,AA,GG,AA,GG,GG,GG,GG,GG,GG,GG,GG,GG,GG,GG,GG,AA,NN,GG,AA,GG,GG,GG,GG,GG,AA,GG,GG,GG,GG,GG,AA,AA,GG,AA,AA,GG,GG,AA,AA,AA,AA,GG,GG,GG,GG,GG,GG,GG,GG,GG,GG,GG,GG,GG,GG,AA,GG,GG,GG,NN,AA,GG,GG,GG,GG,GG,AA,AA,GG,GG,AA,AA,GG,GG,GG,GG,GG,GG,AA,GG,GG,AA,AA,GG,GG,AA,AA,GG,GG,AA,GG,GG,GG,AA,AA,AA,GG,GG,GG,GG,GG,GG,GG,GG,GG,GG,GG,GG,GG,GG,GG,GG,GG,GG,GG,GG,GG,GG,GG,GG,AA,AA,GG,GG,GG,GG,GG,GG,GG,GG,GG,GG,GG,GG,GG,GG,GG,GG,GG,GG,GG,GG,AA,GG,NN,AA,AA,AA,GG,GG,GG,GG,GG,AA,AA,GG,GG,GG,GG,GG,GG,GG,AA,GG,NN,GG,GG,GG,GG,GG,GG,GG,GG,GG,NN,GG,GG,GG,GG,GG,GG,GG,AA,GG,GG,GG,GG,AA,GG,GG,GG,GG,GG,GG,GG,GG,GG,GG,GG,GG,GG,GG,GG,GG,GG,GG,GG,GG,GG,GG,GG,GG,GG,GG,GG,GG,GG,GG,AA,GG,GG,GG,GG,GG,GG,GG,GG,AA,GG,GG,GG,GG,GG,GG,GG,GG,GG,GG,GG,GG,GG,GG,GG,GG,GG,GG,GG,GG,GG,GG,GG,AA,AA,GG,GG,GG,GG,AA,GG,GG,GG,GG,AA,GG,GG,GG,GG,GG,GG,GG,GG,GG,GG,GG,GG,GG,GG,GG,GG,AA,GG,GG,GG,GG,GG,GG,GG,NN,AA,GG,GG,GG,GG,GG,GG,GG,GG,GG,GG,GG,GG,GG,GG,GG,GG,GG,GG,AA,GG,GG,GG,AA,GG,GG,GG,GG,GG,GG,GG,GG,GG,GG,GG,GG,GG,GG,GG,GG,GG,GG,GG,GG,GG,GG,AA,GG,GG,GG,GG,GG,GG,GG,GG,GG,GG,GG,GG,GG,GG,GG,GG,GG,GG,GG,GG,GG,GG,GG,GG,GG,GG,GG,GG,GG,GG
IWA3666*,0.56,,GG,GG,GG,GG,GG,GG,GG,GG,GG,GG,GG,GG,GG,GG,GG,GG,GG,AA,GG,GG,GG,GG,GG,AA,GG,GG,GG,GG,GG,GG,GG,GG,AA,GG,GG,GG,AA,GG,AA,GG,GG,GG,GG,GG,AA,AA,GG,AA,GG,AA,GG,GG,GG,AA,GG,AA,AA,AA,AA,AA,GG,AA,GG,GG,GG,GG,GG,GG,AA,GG,GG,AA,GG,AA,GG,AA,AA,AA,AA,AA,AA,AA,GG,AA,AA,AA,GG,GG,AA,AA,AA,AA,GG,AA,GG,AA,AA,AA,GG,GG,GG,GG,GG,GG,GG,AA,GG,GG,AA,AA,AA,AA,GG,GG,GG,AA,AA,AA,AA,AA,GG,AA,GG,GG,GG,GG,GG,AA,AA,AA,GG,AA,AA,AA,AA,GG,GG,GG,GG,AA,GG,GG,GG,AA,GG,GG,GG,GG,AA,GG,GG,GG,GG,AA,GG,GG,GG,AA,AA,AA,AA,GG,GG,GG,GG,GG,GG,GG,GG,GG,GG,GG,AA,AA,AA,GG,AA,AA,AA,AA,AA,GG,AA,AA,AA,AA,AA,GG,GG,GG,AA,GG,GG,AA,AA,AA,AA,GG,GG,AA,GG,GG,GG,GG,AA,AA,AA,AA,GG,GG,GG,GG,AA,AA,AA,GG,AA,GG,AA,AA,AA,GG,AA,AA,AA,AA,AA,AA,AA,AA,GG,GG,GG,AA,GG,GG,GG,GG,GG,GG,GG,AA,GG,AA,AA,GG,GG,GG,GG,GG,AA,AA,AA,AA,AA,AA,AA,GG,AA,AA,GG,GG,AA,AA,AA,AA,AA,AA,AA,GG,GG,AA,AA,GG,AA,GG,AA,AA,AA,GG,AA,GG,GG,AA,GG,GG,AA,AA,GG,GG,GG,GG,AA,AA,AA,AA,AA,GG,AA,AA,AA,GG,AA,AA,GG,AA,AA,AA,GG,AA,AA,GG,GG,AA,AA,AA,AA,AA,GG,GG,GG,GG,AA,GG,GG,GG,GG,GG,GG,GG,GG,AA,GG,AA,AA,GG,GG,GG,GG,AA,GG,AA,AA,AA,AA,GG,GG,AA,GG,GG,AA,AA,GG,AA,GG,GG,AA,GG,AA,AA,GG,GG,GG,GG,AA,GG,GG,AA,AA,GG,GG,AA,AA,GG,AA,GG,GG,AA,GG,AA,GG,AA,AA,AA,AA,GG,AA,GG,AA,AA,AA,AA,AA,AA,AA,GG,GG,GG,GG,GG,GG,GG,AA,GG,GG,AA,GG,GG,GG,AA,GG,GG,AA,GG,GG,GG,GG,GG,AA,AA,AA,AA,AA,AA,AA,AA,AA,GG,GG,GG,AA,AA,AA,AA,AA,AA,AA,AA,GG,AA,AA,AA,GG,GG,GG,GG,GG,AA,AA,AA,GG,GG,AA,AA,AA,AA,GG,AA,AA,AA,AA,GG,AA,GG,AA,AA,GG,AA,AA,AA,AA,AA,AA,GG,AA,AA,AA,AA,AA,GG,GG,AA,GG,GG,GG,AA,GG,AA,AA,GG,GG,GG,GG,GG,AA,AA,AA,AA,AA,AA,AA,AA,AA,GG,GG,AA,AA,AA,AA,AA,GG,GG,GG,AA,AA,AA,AA,AA,AA,AA,GG,AA,GG,GG,AA,AA,AA,AA,GG,GG,GG,GG,GG,GG,GG,AA,GG,GG,AA,AA,AA,GG,AA,AA,AA,AA,AA,AA,AA,GG,GG,AA,GG,GG,AA,AA,AA,GG,AA,GG,GG,GG,GG,AA,GG,GG,GG,GG,GG,GG,GG,GG,GG,GG,GG,GG,GG,GG,GG,GG,AA,AA,AA,AA,GG,GG,AA,GG,GG,AA,AA,GG,GG,AA,AA,AA,AA,GG,AA,AA,GG,GG,GG,GG,GG,AA,GG,GG,GG,GG,GG,AA,AA,GG,GG,GG,AA,GG,AA,AA,GG,GG,AA,AA,GG,AA,AA,AA,GG,GG,GG,AA,AA,GG,GG,GG,GG,GG,GG,AA,AA,GG,GG,GG,GG,GG,GG,GG,GG,GG,AA,GG,AA,AA,AA,AA,GG,GG,AA,GG,GG,GG,GG,GG,AA,AA,AA,AA,GG,AA,GG,AA,GG,GG,AA,GG,GG,GG,GG,GG,GG,GG,GG,GG,AA,AA,GG,GG,GG,AA,AA,GG,GG,GG,AA,GG,GG,GG,GG,GG,GG,GG,AA,GG,GG,GG,GG,GG,GG,GG,AA,AA,GG,AA,GG,GG,GG,GG,GG,GG,GG,GG,GG,GG,GG,GG,GG,AA,GG,GG,GG,GG,GG,GG,GG,GG,GG,GG,GG,GG,GG,GG,GG,GG,GG,AA,GG,GG,GG,GG,GG,GG,GG,AA,GG,AA,AA,GG,GG,AA,AA,AA,AA,AA,AA,GG,AA,AA,AA,AA,GG,AA,GG,AA,GG,GG,GG,AA,AA,GG,GG,GG,GG,GG,AA,GG,GG,GG,GG,GG,AA,AA,GG,GG,GG,GG,AA,GG,GG,GG,GG,AA,GG,AA,AA,GG,AA,GG,AA,AA,GG,AA,GG,GG,GG,GG,GG,GG,GG,GG,AA,GG,AA,GG,GG,GG,GG,GG,GG,GG,GG,AA,AA,AA,GG,GG,AA,AA,GG,AA,GG,GG,GG,GG,GG,AA,GG,GG,GG,GG,GG,GG,GG,GG,GG,GG,GG,AA,GG,GG,GG,AA,GG,AA,GG,GG,GG,GG,GG,GG,AA,AA,AA,GG,AA,AA,GG,AA,AA,GG,GG,GG,AA,GG,GG,AA,GG,AA,GG,AA,GG,GG,GG,GG,AA,GG,GG,GG,AA,GG,GG,AA,GG,GG,GG,GG,AA,GG,GG,GG,GG,GG,GG,GG,AA,GG,GG,GG,AA,GG,GG,GG,GG,GG,AA,AA,AA,GG,AA,GG,GG,GG,AA,AA,AA,AA,GG,GG,AA,GG,GG,AA,AA,GG,NN,GG,GG,AA,GG,GG,GG,GG,GG,GG,AA,GG,GG,AA,GG,AA,AA,AA,AA,GG,GG,AA,AA,AA,AA,AA,AA,AA,GG,GG,GG,GG,AA,GG,GG,GG,AA,AA,GG,GG,GG,GG,GG,GG,GG,GG,GG,AA,GG,AA,AA,GG,AA,AA,GG,GG,AA,AA,AA,AA,AA,GG,AA,GG,AA,GG,GG,AA,GG,GG,GG,GG,GG,GG,AA,GG,GG,AA,AA,GG,GG,AA,GG,AA,GG,GG,AA,AA,GG,AA,GG,AA,AA,AA,GG,GG,AA,AA,AA,GG,GG,GG,GG,GG,AA,GG,GG,GG,AA,GG,GG,GG,GG,AA,AA,GG,AA,AA,GG,AA,AA,AA,AA,GG,AA,AA,AA,AA,GG,GG,AA,GG,AA,AA,GG,GG,GG,GG,AA,AA,GG,GG,AA,GG,GG,GG,AA,AA,AA,AA,GG,GG,GG,GG,AA,GG,AA,AA,GG,AA,AA,GG,AA,GG,AA,GG,AA,GG,GG,AA,AA,AA,NN,AA,GG,AA,AA,AA,AA,AA,AA,AA,AA,AA,AA,AA,AA,AA,AA,GG,GG,AA,GG,GG,GG,GG,GG,AA,AA,AA,AA,GG,AA,AA,AA,AA,AA,AA,GG,AA,AA,AA,GG,AA,AA,AA,GG,GG,AA,AA,AA,GG,AA,AA,GG,AA,GG,GG,GG,AA,GG
IWA6835*,0.16,,GG,AA,AA,GG,AA,GG,GG,GG,GG,GG,GG,GG,GG,GG,GG,GG,AA,GG,NN,GG,GG,GG,AA,GG,GG,GG,GG,GG,GG,GG,GG,GG,AA,GG,GG,GG,GG,GG,AA,AA,GG,GG,GG,GG,AA,AA,GG,GG,GG,GG,GG,GG,GG,AA,GG,GG,GG,GG,GG,AA,GG,GG,GG,GG,AA,GG,GG,GG,GG,AA,GG,GG,GG,GG,GG,GG,GG,GG,GG,GG,GG,GG,GG,AA,AA,GG,AA,GG,GG,GG,GG,GG,AA,GG,GG,GG,AA,GG,GG,GG,GG,GG,GG,GG,GG,GG,GG,GG,GG,GG,GG,GG,GG,GG,GG,GG,AA,AA,GG,GG,GG,GG,GG,GG,AA,GG,GG,GG,GG,GG,GG,GG,GG,GG,GG,GG,GG,GG,GG,GG,GG,GG,GG,GG,GG,GG,GG,GG,AA,GG,GG,GG,GG,AA,GG,GG,GG,GG,GG,AA,AA,GG,AA,GG,GG,GG,GG,GG,GG,GG,GG,AA,GG,GG,AA,GG,GG,GG,GG,GG,GG,GG,GG,AA,GG,GG,AA,GG,GG,GG,GG,GG,NN,AA,GG,GG,GG,GG,GG,GG,GG,GG,GG,GG,GG,GG,GG,GG,GG,GG,GG,GG,AA,GG,GG,GG,GG,GG,GG,GG,GG,GG,GG,GG,GG,GG,GG,GG,GG,AA,GG,GG,GG,AA,GG,GG,GG,GG,GG,GG,GG,GG,AA,GG,GG,AA,GG,GG,GG,AA,GG,GG,GG,GG,GG,GG,GG,GG,GG,AA,GG,GG,AA,GG,GG,GG,GG,GG,GG,GG,GG,AA,GG,GG,GG,GG,GG,GG,GG,GG,GG,GG,GG,AA,GG,GG,GG,GG,AA,GG,GG,AA,AA,GG,GG,GG,GG,AA,GG,GG,GG,GG,GG,GG,GG,GG,GG,GG,GG,GG,GG,GG,AA,GG,GG,GG,GG,AA,GG,AA,GG,GG,GG,GG,GG,GG,GG,GG,GG,AA,GG,GG,GG,GG,GG,GG,AA,GG,GG,GG,GG,GG,GG,AA,AA,GG,GG,GG,GG,GG,GG,GG,GG,AA,GG,AA,AA,AA,GG,AA,AA,GG,GG,GG,GG,AA,GG,GG,AA,GG,GG,GG,GG,AA,GG,GG,GG,GG,GG,GG,GG,GG,GG,GG,AA,GG,GG,AA,GG,GG,GG,GG,GG,GG,AA,GG,GG,GG,GG,GG,GG,GG,GG,GG,GG,GG,GG,AA,GG,GG,AA,GG,GG,GG,GG,AA,GG,AA,GG,GG,GG,GG,GG,GG,GG,GG,GG,GG,GG,GG,GG,GG,GG,GG,GG,GG,GG,GG,GG,AA,GG,GG,GG,GG,GG,GG,GG,GG,GG,GG,AA,AA,GG,GG,GG,GG,GG,GG,GG,AA,GG,AA,GG,GG,GG,GG,GG,GG,GG,GG,GG,GG,GG,GG,GG,GG,GG,AA,GG,AA,GG,GG,GG,AA,GG,AA,AA,GG,GG,GG,GG,GG,AA,AA,GG,GG,GG,GG,GG,GG,AA,GG,GG,GG,GG,GG,GG,GG,GG,GG,AA,GG,AA,AA,GG,GG,GG,AA,GG,GG,AA,AA,GG,GG,GG,GG,GG,GG,AA,GG,GG,GG,GG,GG,GG,GG,GG,AA,GG,GG,GG,GG,AA,AA,GG,GG,GG,GG,GG,GG,GG,GG,AA,AA,GG,GG,GG,AA,GG,GG,GG,GG,GG,AA,GG,AA,AA,AA,AA,AA,AA,AA,AA,AA,AA,AA,GG,GG,GG,AA,GG,GG,GG,GG,GG,GG,GG,GG,GG,GG,GG,GG,GG,GG,GG,GG,GG,AA,AA,GG,GG,AA,GG,AA,GG,GG,GG,GG,GG,AA,GG,GG,GG,GG,GG,AA,GG,AA,GG,GG,GG,GG,GG,GG,GG,GG,GG,GG,AA,GG,AA,GG,GG,AA,GG,GG,GG,GG,GG,GG,GG,GG,GG,GG,GG,GG,GG,GG,GG,GG,GG,AA,GG,GG,GG,GG,AA,AA,AA,GG,AA,AA,AA,GG,GG,GG,GG,GG,AA,GG,GG,GG,GG,GG,GG,GG,GG,GG,GG,GG,GG,AA,AA,AA,GG,GG,GG,AA,GG,GG,GG,GG,GG,GG,GG,GG,GG,AA,AA,AA,AA,AA,GG,GG,AA,GG,GG,AA,GG,GG,GG,GG,GG,GG,GG,GG,GG,GG,GG,GG,GG,GG,GG,GG,GG,GG,GG,GG,GG,GG,GG,GG,GG,GG,GG,GG,GG,GG,GG,GG,GG,GG,GG,GG,GG,GG,GG,GG,AA,AA,AA,AA,AA,GG,GG,GG,GG,GG,GG,GG,GG,GG,GG,GG,GG,GG,GG,GG,GG,GG,AA,GG,GG,AA,GG,AA,AA,GG,AA,AA,AA,GG,GG,GG,GG,GG,GG,GG,GG,GG,GG,GG,GG,GG,GG,GG,AA,AA,GG,AA,GG,GG,GG,GG,GG,GG,GG,GG,GG,GG,GG,GG,GG,GG,GG,GG,GG,GG,GG,GG,GG,GG,GG,GG,GG,GG,AA,GG,GG,AA,AA,GG,GG,GG,GG,GG,AA,GG,GG,GG,AA,AA,GG,GG,GG,GG,GG,GG,GG,GG,GG,GG,GG,GG,GG,GG,GG,GG,GG,GG,GG,GG,GG,GG,GG,AA,GG,GG,GG,GG,AA,GG,GG,GG,GG,GG,GG,GG,GG,GG,AA,AA,GG,GG,GG,GG,AA,GG,AA,GG,GG,GG,GG,GG,GG,AA,GG,GG,AA,GG,GG,GG,GG,AA,AA,AA,GG,GG,GG,GG,GG,GG,GG,GG,GG,GG,GG,GG,GG,GG,GG,GG,GG,GG,GG,GG,GG,GG,GG,GG,AA,GG,GG,GG,GG,GG,GG,AA,GG,GG,GG,GG,GG,GG,GG,GG,GG,GG,GG,GG,GG,GG,GG,AA,GG,AA,AA,GG,GG,GG,GG,GG,GG,GG,GG,GG,GG,GG,GG,GG,GG,GG,GG,GG,GG,GG,GG,GG,AA,GG,GG,GG,GG,GG,GG,GG,GG,GG,GG,GG,GG,GG,AA,GG,GG,GG,GG,GG,AA,GG,GG,GG,GG,GG,AA,GG,GG,GG,GG,GG,GG,GG,GG,GG,GG,GG,GG,GG,GG,GG,GG,GG,GG,GG,GG,GG,GG,GG,AA,GG,GG,GG,GG,GG,AA,GG,GG,GG,AA,GG,GG,GG,GG,GG,GG,GG,GG,GG,GG,GG,GG,GG,GG,GG,GG,GG,GG,GG,GG,GG,GG,GG,AA,GG,GG,GG,GG,GG,GG,GG,GG,GG,GG,GG,GG,GG,GG,GG,GG,GG,GG,GG,GG,GG,GG,GG,GG,GG,GG,GG,GG,GG,GG,GG,GG,GG,GG,GG,GG,GG,GG,GG,GG,GG,GG,GG,GG,GG,GG,GG,GG,GG,GG,GG,GG,GG,GG,AA,AA,GG,GG,GG,GG,GG,GG,GG,GG,GG,GG,GG,GG,GG,GG,GG,GG,GG,AA,GG,GG,GG,GG,GG,GG,GG,GG,GG,GG,GG,GG,GG,GG,GG,GG,GG,GG,GG,GG,GG,GG,GG,AA,AA,GG,GG,GG,GG,GG,GG,GG,GG,AA,GG,GG,GG,GG
IWA3859*,0.24,,AA,AA,AA,AA,AA,AA,AA,AA,GG,GG,GG,GG,GG,AA,AA,AA,AA,AA,GG,AA,AA,AA,AA,AA,AA,AA,AA,AA,AA,AA,AA,AA,AA,GG,AA,AA,AA,AA,AA,AA,AA,AA,AA,AA,AA,AA,AA,GG,AA,AA,AA,AA,AA,AA,AA,AA,AA,AA,AA,AA,AA,AA,AA,AA,AA,AA,AA,AA,AA,AA,AA,AA,GG,AA,AA,AA,AA,GG,GG,GG,GG,GG,AA,AA,AA,AA,AA,AA,AA,AA,AA,AA,AA,AA,AA,AA,AA,AA,AA,AA,AA,AA,AA,AA,AA,AA,AA,GG,AA,AA,AA,AA,AA,AA,AA,AA,AA,AA,AA,AA,AA,GG,AA,AA,AA,AA,AA,AA,AA,AA,AA,AA,AA,AA,AA,AA,AA,AA,AA,AA,AA,AA,AA,AA,AA,AA,AA,GG,AA,AA,AA,AA,AA,AA,AA,AA,GG,AA,AA,AA,AA,AA,AA,AA,AA,AA,AA,AA,AA,AA,AA,AA,AA,AA,GG,AA,GG,GG,GG,AA,GG,AA,GG,AA,AA,AA,AA,AA,AA,AA,AA,AA,AA,GG,AA,AA,AA,GG,AA,AA,AA,AA,AA,AA,AA,AA,AA,AA,AA,AA,AA,AA,AA,AA,AA,AA,AA,AA,AA,AA,AA,AA,AA,AA,AA,AA,GG,AA,AA,AA,AA,AA,AA,AA,AA,AA,AA,AA,AA,GG,AA,AA,AA,AA,AA,AA,AA,AA,GG,AA,AA,AA,AA,AA,AA,AA,AA,AA,AA,AA,AA,AA,AA,GG,GG,GG,GG,GG,GG,AA,AA,AA,AA,GG,AA,AA,AA,GG,AA,AA,AA,AA,AA,AA,AA,AA,AA,GG,GG,GG,AA,GG,AA,AA,AA,AA,AA,AA,AA,GG,AA,AA,AA,AA,AA,AA,AA,AA,AA,GG,GG,AA,AA,AA,AA,AA,AA,AA,AA,AA,AA,AA,AA,AA,AA,AA,AA,AA,AA,AA,GG,AA,AA,AA,GG,AA,AA,GG,AA,AA,AA,AA,AA,AA,AA,AA,AA,GG,GG,AA,GG,GG,AA,AA,GG,AA,AA,AA,AA,AA,AA,AA,AA,AA,AA,AA,AA,AA,AA,AA,AA,AA,AA,AA,AA,AA,AA,AA,AA,AA,AA,AA,AA,AA,AA,AA,GG,AA,AA,AA,AA,AA,AA,AA,AA,AA,AA,AA,AA,AA,AA,AA,AA,AA,GG,AA,AA,AA,AA,AA,AA,AA,AA,AA,AA,AA,GG,AA,GG,GG,AA,AA,AA,AA,AA,AA,GG,AA,AA,AA,AA,AA,GG,GG,AA,AA,GG,AA,AA,AA,GG,AA,AA,AA,AA,GG,AA,AA,AA,AA,AA,AA,AA,AA,GG,AA,AA,GG,GG,GG,AA,AA,AA,AA,AA,AA,AA,GG,GG,GG,GG,GG,GG,AA,AA,AA,AA,AA,AA,AA,AA,AA,AA,AA,AA,AA,GG,AA,AA,GG,GG,GG,AA,AA,AA,AA,GG,GG,GG,AA,AA,GG,AA,AA,AA,AA,GG,AA,GG,GG,AA,AA,AA,AA,AA,AA,AA,AA,AA,AA,AA,GG,AA,AA,AA,GG,AA,AA,AA,AA,AA,AA,AA,AA,GG,GG,GG,GG,AA,AA,AA,AA,AA,AA,AA,GG,AA,AA,GG,GG,AA,AA,AA,AA,AA,AA,AA,GG,AA,AA,GG,GG,GG,AA,AA,AA,AA,AA,AA,AA,AA,AA,AA,AA,AA,AA,AA,AA,AA,AA,GG,AA,AA,AA,AA,AA,GG,GG,GG,GG,GG,AA,AA,AA,AA,AA,AA,GG,GG,AA,GG,GG,AA,GG,AA,AA,GG,GG,GG,AA,GG,GG,GG,AA,GG,AA,AA,AA,AA,GG,AA,AA,AA,GG,AA,AA,AA,AA,AA,AA,AA,GG,AA,GG,AA,AA,AA,AA,GG,AA,AA,AA,GG,GG,AA,GG,GG,AA,GG,AA,AA,AA,AA,AA,AA,GG,GG,GG,GG,AA,AA,AA,AA,AA,AA,AA,AA,AA,AA,AA,AA,AA,AA,AA,AA,AA,GG,GG,AA,AA,GG,AA,AA,AA,AA,AA,AA,AA,GG,GG,AA,AA,AA,GG,AA,AA,GG,AA,AA,AA,AA,AA,GG,AA,AA,AA,AA,AA,AA,AA,AA,AA,AA,AA,GG,GG,GG,AA,GG,GG,GG,AA,AA,AA,AA,AA,AA,GG,AA,AA,AA,AA,AA,AA,AA,AA,AA,GG,AA,AA,AA,GG,AA,AA,AA,GG,AA,AA,GG,AA,AA,AA,AA,GG,GG,AA,AA,AA,AA,AA,GG,AA,AA,AA,AA,AA,AA,GG,AA,GG,AA,AA,AA,AA,GG,AA,AA,AA,GG,AA,AA,AA,GG,GG,GG,AA,GG,AA,AA,AA,AA,AA,GG,AA,AA,AA,AA,AA,AA,AA,AA,GG,AA,AA,GG,AA,AA,AA,AA,AA,AA,AA,AA,AA,GG,GG,GG,GG,GG,GG,GG,GG,GG,AA,GG,AA,AA,AA,AA,AA,AA,AA,AA,AA,AA,GG,GG,AA,AA,AA,AA,AA,AA,GG,GG,AA,AA,AA,AA,AA,AA,AA,AA,AA,AA,AA,AA,GG,AA,GG,GG,GG,AA,GG,GG,AA,AA,AA,AA,AA,AA,GG,GG,AA,AA,AA,AA,AA,AA,GG,AA,AA,GG,GG,GG,GG,AA,AA,AA,GG,AA,AA,AA,GG,AA,AA,AA,AA,AA,AA,AA,AA,AA,AA,AA,AA,AA,AA,GG,AA,GG,GG,GG,GG,AA,AA,GG,AA,GG,GG,GG,GG,AA,AA,AA,GG,AA,GG,AA,GG,AA,AA,AA,AA,GG,AA,AA,AA,GG,GG,AA,AA,GG,AA,AA,GG,GG,AA,AA,GG,AA,AA,AA,NN,AA,AA,AA,AA,AA,AA,AA,AA,GG,AA,AA,AA,AA,AA,GG,GG,AA,GG,AA,AA,AA,AA,AA,AA,AA,AA,AA,AA,AA,GG,GG,GG,GG,GG,AA,AA,AA,AA,AA,AA,AA,AA,AA,AA,AA,GG,GG,GG,NN,GG,AA,AA,GG,AA,AA,AA,AA,GG,AA,GG,GG,GG,GG,GG,GG,AA,GG,AA,AA,AA,GG,GG,AA,GG,AA,GG,GG,GG,GG,AA,AA,AA,AA,AA,GG,AA,AA,AA,GG,GG,GG,AA,AA,AA,GG,AA,AA,AA,GG,AA,AA,AA,AA,GG,GG,AA,AA,AA,AA,AA,GG,GG,GG,AA,AA,GG,AA,AA,AA,AA,AA,AA,GG,AA,AA,AA,AA,AA,AA,GG,GG,AA,AA,AA,AA,AA,AA,GG,AA,AA,AA,AA,AA,AA,AA,AA,AA,AA,AA,AA,AA,AA,AA,AA,GG,GG,GG,AA,AA,GG,GG,AA,GG,AA,AA,GG,AA,AA,AA,AA,AA,AA,AA,AA,GG,GG,GG,GG,GG,GG,AA,GG,AA,AA,AA,GG,AA,GG,GG,GG,AA,AA,AA,AA,GG,GG,AA,GG,AA,GG,AA,AA,AA,GG,GG,AA,AA,AA,AA,AA,AA,AA,GG,AA,AA,AA,AA,GG,AA,AA,AA
IWA5822*,0.50,,TT,TT,TT,TT,TT,TT,TT,TT,CC,CC,CC,CC,CC,TT,TT,TT,TT,TT,CC,TT,TT,TT,TT,TT,TT,TT,TT,TT,TT,TT,CC,TT,TT,CC,TT,CC,CC,TT,TT,TT,TT,TT,TT,TT,TT,TT,TT,CC,TT,TT,TT,CC,TT,TT,TT,CC,CC,CC,CC,TT,TT,TT,TT,TT,TT,TT,TT,TT,TT,TT,TT,TT,CC,TT,TT,TT,CC,CC,CC,CC,CC,CC,TT,CC,TT,CC,TT,TT,TT,TT,TT,TT,TT,TT,TT,TT,TT,TT,TT,TT,TT,TT,TT,TT,TT,TT,TT,CC,CC,CC,CC,CC,CC,TT,TT,TT,TT,TT,TT,CC,CC,CC,TT,TT,TT,TT,CC,TT,TT,TT,TT,TT,TT,TT,TT,TT,TT,TT,TT,TT,TT,TT,TT,CC,CC,CC,TT,CC,TT,CC,TT,TT,TT,CC,TT,TT,CC,TT,CC,TT,TT,TT,TT,TT,TT,CC,CC,TT,TT,TT,TT,TT,TT,CC,CC,TT,CC,CC,CC,CC,CC,TT,CC,TT,TT,CC,TT,TT,TT,TT,TT,TT,TT,CC,TT,TT,TT,CC,TT,TT,TT,TT,TT,CC,CC,CC,TT,TT,TT,TT,CC,CC,CC,TT,CC,CC,CC,TT,TT,TT,CC,CC,TT,TT,TT,CC,CC,CC,CC,CC,TT,TT,TT,TT,TT,TT,TT,CC,CC,CC,TT,CC,CC,TT,TT,TT,TT,TT,CC,CC,TT,CC,CC,CC,CC,CC,CC,CC,TT,TT,TT,TT,CC,CC,CC,CC,CC,CC,CC,TT,CC,CC,CC,TT,CC,TT,CC,TT,CC,TT,TT,TT,TT,TT,TT,TT,CC,CC,CC,CC,CC,CC,CC,TT,TT,TT,TT,TT,CC,TT,CC,TT,TT,TT,CC,CC,TT,CC,CC,CC,CC,TT,TT,TT,TT,TT,CC,CC,TT,TT,TT,TT,TT,TT,CC,TT,CC,TT,TT,CC,CC,TT,TT,TT,CC,TT,TT,CC,CC,CC,TT,TT,CC,TT,TT,CC,CC,CC,CC,TT,CC,CC,TT,TT,TT,CC,TT,TT,TT,CC,TT,TT,TT,TT,TT,TT,TT,TT,TT,TT,TT,TT,TT,TT,TT,TT,TT,CC,TT,TT,CC,CC,TT,CC,TT,CC,TT,CC,TT,TT,CC,TT,TT,CC,CC,TT,TT,TT,TT,TT,TT,CC,TT,CC,CC,CC,TT,TT,CC,TT,TT,TT,TT,TT,TT,TT,TT,CC,CC,CC,TT,CC,TT,CC,CC,CC,TT,CC,CC,CC,TT,CC,CC,CC,TT,CC,CC,CC,TT,CC,CC,TT,TT,TT,TT,CC,CC,CC,TT,TT,TT,TT,TT,TT,CC,TT,CC,CC,CC,TT,CC,TT,TT,TT,TT,CC,CC,CC,CC,CC,CC,CC,CC,TT,TT,TT,CC,TT,TT,CC,TT,TT,TT,TT,TT,TT,CC,CC,TT,CC,CC,CC,TT,TT,TT,TT,TT,CC,CC,CC,CC,CC,TT,TT,TT,CC,CC,TT,CC,CC,TT,TT,TT,TT,TT,TT,TT,CC,TT,NN,TT,TT,TT,TT,TT,CC,TT,TT,TT,TT,TT,TT,CC,TT,CC,CC,CC,CC,TT,TT,CC,CC,CC,TT,TT,CC,CC,CC,CC,CC,CC,TT,TT,CC,TT,TT,TT,TT,TT,TT,CC,CC,CC,CC,TT,TT,TT,TT,TT,TT,TT,TT,TT,TT,TT,TT,TT,TT,TT,TT,CC,TT,TT,TT,TT,TT,CC,CC,CC,CC,CC,CC,CC,TT,TT,TT,TT,TT,CC,CC,CC,CC,CC,CC,TT,TT,CC,CC,CC,TT,CC,CC,CC,CC,CC,TT,TT,TT,TT,CC,TT,CC,CC,TT,TT,TT,TT,TT,CC,TT,TT,TT,TT,CC,CC,TT,TT,TT,CC,TT,CC,TT,CC,CC,CC,CC,CC,CC,CC,CC,TT,TT,CC,CC,TT,CC,TT,CC,TT,TT,TT,TT,TT,CC,TT,TT,TT,TT,TT,TT,TT,TT,TT,TT,TT,TT,CC,CC,CC,CC,CC,TT,TT,TT,TT,TT,TT,TT,CC,CC,CC,TT,TT,CC,TT,TT,CC,TT,CC,CC,CC,CC,CC,TT,TT,CC,CC,TT,TT,TT,TT,TT,CC,TT,CC,CC,CC,CC,CC,CC,CC,CC,CC,CC,CC,CC,CC,CC,CC,CC,CC,CC,CC,CC,CC,CC,CC,CC,CC,CC,CC,CC,CC,CC,CC,TT,CC,TT,TT,TT,TT,TT,TT,CC,CC,TT,TT,TT,TT,TT,CC,CC,CC,CC,CC,TT,CC,CC,CC,CC,TT,TT,TT,TT,CC,TT,TT,TT,CC,TT,TT,TT,CC,CC,CC,CC,CC,CC,CC,CC,CC,CC,CC,CC,CC,CC,TT,TT,TT,TT,TT,CC,TT,CC,CC,CC,CC,TT,CC,TT,TT,TT,CC,TT,CC,CC,CC,CC,CC,CC,CC,CC,CC,CC,CC,TT,TT,CC,TT,TT,TT,TT,CC,CC,TT,CC,TT,TT,TT,TT,TT,TT,CC,CC,CC,TT,TT,TT,TT,TT,TT,TT,TT,CC,CC,CC,CC,CC,CC,CC,CC,CC,CC,CC,CC,TT,CC,CC,CC,TT,TT,CC,CC,CC,CC,CC,TT,TT,CC,CC,TT,TT,CC,CC,CC,CC,TT,CC,TT,CC,CC,CC,TT,CC,CC,CC,TT,CC,TT,TT,TT,TT,CC,CC,CC,CC,CC,CC,CC,CC,CC,CC,CC,CC,CC,CC,CC,CC,CC,CC,CC,CC,CC,TT,CC,TT,TT,CC,CC,CC,TT,TT,TT,TT,CC,CC,TT,TT,CC,CC,CC,CC,CC,CC,CC,CC,CC,CC,CC,CC,CC,CC,TT,CC,TT,TT,TT,TT,TT,CC,TT,TT,CC,TT,TT,TT,TT,TT,CC,CC,CC,CC,TT,CC,TT,TT,TT,TT,TT,CC,CC,CC,CC,CC,CC,CC,CC,CC,CC,CC,CC,CC,TT,CC,TT,CC,CC,CC,TT,NN,CC,CC,CC,CC,CC,CC,CC,CC,CC,CC,CC,CC,CC,CC,CC,TT,CC,CC,CC,CC,CC,CC,CC,CC,CC,CC,CC,CC,TT,TT,CC,CC,CC,CC,TT,CC,CC,CC,TT,TT,TT,TT,CC,CC,CC,CC,CC,CC,CC,CC,CC,CC,CC,CC,CC,CC,CC,CC,CC,CC,CC,TT,TT,TT,CC,CC,TT,TT,TT,CC,TT,TT,TT,CC,TT,CC,CC,CC,CC,CC,CC,CC,TT,CC,CC,CC,CC,CC,CC,CC,TT,CC,TT,TT,NN,CC,TT,TT,TT,NN,TT,TT,TT,CC,CC,CC,CC,CC,CC,CC,CC,CC,CC,CC,CC,TT,CC,CC,TT,CC,TT,TT,CC,CC,CC,CC,CC,CC,CC,CC,CC,CC,CC,CC,CC,CC,TT,TT,CC,TT,CC,CC,CC,CC,CC,TT,CC,CC,CC,CC,CC,CC,CC,TT,TT,TT,CC,CC,CC,CC,TT,TT,TT,CC,CC,TT,CC,CC,TT,CC,TT,TT,CC,CC,CC
IWA4523‡,0.63,,CC,CC,CC,CC,CC,TT,CC,CC,TT,TT,TT,TT,TT,CC,CC,CC,CC,TT,TT,CC,CC,TT,CC,TT,CC,CC,CC,CC,CC,CC,CC,CC,TT,TT,CC,TT,TT,CC,TT,CC,TT,CC,TT,TT,TT,TT,CC,TT,CC,TT,CC,TT,CC,TT,CC,TT,TT,TT,TT,TT,CC,CC,CC,CC,CC,CC,CC,CC,CC,CC,CC,TT,TT,TT,CC,TT,TT,TT,TT,TT,TT,TT,TT,CC,TT,CC,CC,CC,TT,TT,TT,TT,CC,CC,CC,CC,TT,CC,CC,CC,CC,CC,TT,CC,CC,TT,CC,TT,TT,CC,CC,CC,TT,CC,CC,CC,TT,TT,TT,TT,TT,TT,CC,CC,CC,CC,CC,TT,TT,TT,CC,TT,TT,TT,CC,CC,CC,CC,CC,TT,CC,CC,CC,TT,TT,TT,CC,TT,TT,TT,CC,CC,TT,TT,CC,CC,TT,TT,TT,TT,TT,CC,TT,CC,CC,TT,TT,CC,CC,CC,CC,NN,TT,TT,TT,CC,TT,TT,TT,TT,TT,CC,TT,TT,TT,TT,TT,CC,CC,CC,TT,TT,CC,TT,TT,TT,TT,TT,CC,NN,CC,CC,CC,TT,TT,TT,TT,TT,CC,CC,CC,TT,CC,TT,TT,TT,TT,CC,CC,TT,TT,TT,TT,TT,TT,TT,TT,TT,TT,TT,CC,CC,CC,CC,CC,CC,CC,TT,TT,TT,CC,TT,TT,TT,TT,CC,CC,CC,TT,CC,CC,TT,TT,TT,TT,TT,TT,TT,TT,TT,CC,CC,TT,TT,TT,TT,TT,TT,TT,CC,TT,CC,TT,CC,TT,CC,TT,TT,TT,CC,CC,CC,CC,TT,CC,CC,CC,TT,TT,TT,TT,TT,TT,TT,TT,TT,CC,CC,TT,TT,TT,TT,TT,CC,CC,CC,TT,CC,TT,TT,TT,CC,CC,TT,CC,CC,TT,CC,CC,CC,CC,CC,TT,CC,TT,CC,TT,CC,CC,TT,TT,CC,TT,TT,TT,CC,CC,TT,TT,TT,TT,TT,CC,TT,TT,TT,CC,TT,TT,CC,TT,TT,CC,TT,CC,TT,CC,CC,TT,TT,TT,CC,CC,CC,CC,CC,CC,TT,TT,CC,CC,TT,TT,TT,TT,CC,CC,TT,CC,TT,TT,TT,TT,TT,TT,TT,TT,TT,TT,TT,TT,TT,TT,TT,TT,CC,CC,CC,CC,CC,CC,CC,TT,CC,TT,TT,CC,CC,TT,TT,CC,CC,CC,CC,TT,CC,CC,CC,CC,CC,CC,TT,TT,TT,TT,TT,TT,TT,TT,CC,CC,CC,TT,TT,TT,TT,TT,TT,CC,CC,TT,TT,CC,CC,CC,TT,CC,TT,TT,CC,CC,CC,TT,TT,TT,CC,TT,TT,TT,TT,TT,CC,CC,CC,TT,TT,TT,TT,TT,TT,TT,TT,TT,CC,TT,TT,CC,TT,TT,CC,CC,CC,CC,TT,CC,CC,TT,TT,TT,TT,TT,TT,TT,CC,TT,CC,CC,TT,TT,CC,TT,TT,TT,CC,CC,TT,TT,CC,TT,TT,CC,CC,TT,TT,TT,CC,TT,TT,TT,TT,TT,TT,TT,CC,TT,TT,TT,CC,TT,CC,CC,CC,TT,CC,TT,TT,TT,TT,CC,TT,TT,TT,TT,CC,CC,CC,TT,TT,TT,TT,TT,CC,TT,TT,TT,CC,TT,CC,CC,CC,TT,TT,TT,TT,CC,CC,CC,CC,CC,CC,CC,CC,CC,CC,CC,CC,CC,CC,CC,CC,TT,CC,TT,CC,CC,CC,TT,TT,TT,TT,TT,TT,TT,CC,CC,CC,CC,CC,TT,TT,TT,TT,TT,TT,CC,CC,TT,CC,TT,TT,TT,TT,TT,TT,TT,CC,CC,TT,TT,TT,CC,CC,TT,TT,CC,CC,CC,CC,TT,CC,CC,TT,TT,TT,TT,CC,CC,CC,CC,CC,TT,TT,TT,TT,TT,TT,TT,TT,TT,TT,TT,CC,CC,TT,TT,TT,CC,TT,TT,CC,CC,CC,CC,TT,CC,CC,CC,TT,CC,CC,CC,CC,CC,TT,CC,CC,TT,TT,TT,TT,TT,CC,CC,CC,CC,TT,CC,CC,TT,TT,TT,CC,CC,TT,CC,CC,TT,TT,CC,CC,CC,CC,TT,CC,CC,TT,TT,CC,CC,CC,TT,CC,TT,TT,TT,TT,TT,TT,TT,TT,TT,TT,TT,TT,TT,TT,TT,TT,TT,TT,TT,TT,TT,TT,TT,TT,TT,TT,TT,TT,TT,TT,TT,TT,TT,CC,CC,NN,CC,CC,CC,CC,CC,TT,TT,CC,CC,CC,CC,CC,TT,TT,TT,TT,TT,CC,TT,TT,CC,TT,CC,CC,CC,CC,TT,CC,CC,CC,TT,CC,CC,CC,TT,TT,TT,TT,TT,TT,TT,TT,TT,TT,TT,TT,TT,TT,CC,CC,TT,CC,CC,TT,CC,TT,TT,CC,TT,CC,TT,CC,CC,TT,TT,TT,TT,TT,TT,TT,TT,TT,TT,TT,TT,TT,TT,CC,CC,TT,CC,CC,CC,CC,TT,TT,CC,TT,CC,CC,CC,CC,CC,CC,TT,TT,TT,CC,CC,CC,CC,CC,TT,CC,CC,TT,TT,TT,TT,TT,TT,TT,TT,TT,TT,TT,TT,CC,TT,TT,TT,CC,TT,TT,TT,TT,TT,CC,CC,CC,TT,TT,CC,CC,TT,TT,TT,TT,CC,TT,CC,TT,TT,TT,CC,TT,TT,TT,CC,TT,CC,NN,CC,CC,TT,TT,TT,TT,TT,TT,TT,TT,TT,TT,TT,TT,TT,TT,TT,TT,TT,TT,TT,TT,TT,CC,TT,TT,CC,TT,TT,TT,CC,CC,TT,TT,TT,TT,CC,TT,CC,TT,TT,TT,TT,TT,TT,TT,TT,TT,TT,TT,TT,TT,CC,CC,CC,CC,CC,CC,CC,TT,CC,CC,TT,CC,CC,CC,CC,CC,TT,TT,TT,TT,CC,TT,TT,CC,CC,CC,TT,TT,TT,TT,TT,TT,TT,TT,TT,TT,TT,TT,TT,TT,CC,TT,CC,TT,TT,TT,CC,TT,CC,TT,TT,TT,CC,TT,TT,TT,TT,TT,TT,TT,TT,TT,TT,CC,TT,TT,TT,TT,TT,TT,TT,TT,TT,TT,TT,TT,CC,CC,CC,TT,TT,TT,TT,CC,TT,TT,CC,CC,TT,CC,TT,TT,TT,TT,TT,TT,TT,TT,TT,TT,TT,TT,TT,TT,TT,TT,TT,TT,TT,CC,CC,CC,TT,TT,TT,TT,CC,CC,CC,TT,CC,TT,CC,TT,TT,TT,TT,TT,TT,TT,CC,TT,TT,TT,TT,TT,TT,CC,CC,TT,TT,TT,NN,TT,CC,CC,CC,CC,TT,TT,CC,TT,TT,TT,TT,TT,TT,TT,TT,TT,TT,TT,TT,CC,TT,TT,CC,TT,CC,CC,TT,TT,TT,TT,TT,TT,TT,TT,TT,TT,TT,TT,TT,TT,CC,CC,TT,CC,TT,TT,TT,TT,TT,CC,TT,TT,TT,TT,TT,CC,TT,CC,TT,TT,TT,TT,TT,TT,CC,TT,CC,TT,TT,CC,TT,TT,CC,TT,NN,CC,TT,TT,TT
IWA5505*,0.50,,GG,GG,GG,GG,GG,AA,GG,GG,AA,AA,AA,AA,AA,GG,GG,GG,GG,AA,AA,GG,GG,AA,GG,AA,GG,GG,GG,GG,GG,GG,GG,GG,GG,AA,GG,AA,GG,GG,GG,GG,GG,GG,GG,GG,AA,AA,GG,AA,GG,AA,GG,GG,GG,AA,GG,AA,AA,AA,AA,AA,GG,GG,GG,GG,GG,GG,GG,GG,GG,GG,GG,GG,AA,GG,GG,GG,AA,AA,AA,AA,AA,AA,AA,GG,GG,AA,GG,GG,AA,AA,AA,AA,GG,GG,GG,GG,AA,GG,GG,GG,GG,GG,AA,GG,GG,GG,GG,AA,AA,AA,AA,AA,AA,GG,GG,GG,AA,AA,GG,AA,GG,GG,GG,GG,GG,GG,GG,AA,AA,AA,GG,GG,GG,GG,GG,GG,GG,GG,GG,AA,GG,GG,GG,GG,GG,AA,GG,AA,AA,AA,GG,GG,GG,AA,GG,GG,AA,AA,AA,AA,AA,GG,GG,GG,GG,AA,AA,GG,GG,GG,GG,GG,AA,AA,GG,GG,GG,AA,AA,AA,AA,GG,AA,AA,AA,AA,AA,GG,GG,GG,AA,AA,GG,AA,GG,GG,GG,GG,GG,GG,GG,GG,GG,AA,AA,AA,GG,AA,GG,GG,AA,AA,GG,GG,AA,AA,AA,AA,AA,AA,AA,AA,AA,AA,GG,AA,AA,AA,AA,AA,GG,GG,GG,GG,GG,GG,GG,GG,GG,AA,GG,AA,GG,AA,GG,GG,GG,GG,AA,AA,GG,AA,AA,AA,AA,AA,AA,AA,AA,AA,GG,GG,AA,AA,AA,AA,AA,AA,AA,GG,GG,GG,AA,AA,AA,GG,AA,AA,AA,GG,GG,GG,GG,AA,GG,GG,AA,GG,AA,AA,AA,AA,GG,GG,GG,GG,GG,GG,AA,AA,AA,AA,AA,GG,AA,AA,GG,AA,AA,AA,AA,GG,GG,GG,GG,GG,AA,GG,GG,GG,GG,GG,AA,GG,GG,GG,GG,GG,GG,AA,AA,GG,GG,GG,AA,GG,GG,AA,AA,AA,GG,GG,AA,AA,AA,GG,AA,AA,GG,GG,AA,AA,GG,AA,GG,GG,GG,GG,AA,AA,GG,GG,GG,GG,GG,GG,GG,GG,AA,GG,GG,AA,GG,GG,AA,GG,GG,AA,GG,AA,GG,AA,AA,AA,GG,AA,AA,GG,AA,GG,AA,GG,GG,AA,AA,GG,GG,GG,GG,GG,AA,GG,AA,AA,AA,AA,GG,GG,GG,GG,GG,GG,GG,GG,AA,GG,GG,GG,AA,GG,AA,AA,AA,AA,AA,AA,AA,GG,GG,AA,GG,AA,AA,AA,AA,AA,AA,AA,GG,GG,GG,GG,GG,GG,GG,GG,GG,AA,AA,GG,GG,GG,AA,GG,GG,GG,GG,AA,AA,AA,GG,GG,GG,GG,GG,AA,AA,GG,AA,AA,AA,AA,AA,GG,AA,AA,AA,AA,AA,AA,GG,GG,GG,AA,GG,GG,AA,AA,AA,AA,AA,AA,GG,GG,GG,GG,GG,AA,AA,AA,GG,AA,GG,GG,GG,AA,AA,GG,AA,GG,GG,GG,AA,AA,AA,GG,GG,GG,AA,AA,GG,AA,GG,GG,AA,AA,AA,GG,AA,GG,GG,GG,AA,GG,AA,AA,AA,AA,GG,AA,AA,GG,AA,GG,GG,GG,AA,AA,AA,AA,GG,GG,AA,AA,AA,GG,AA,GG,GG,GG,AA,AA,AA,AA,GG,GG,GG,GG,GG,GG,GG,GG,GG,GG,GG,GG,GG,GG,GG,GG,AA,GG,GG,GG,GG,GG,GG,AA,AA,AA,AA,AA,GG,GG,GG,GG,GG,GG,AA,GG,AA,GG,GG,GG,GG,GG,AA,AA,AA,AA,AA,GG,AA,AA,AA,GG,GG,GG,AA,AA,GG,AA,AA,AA,GG,GG,GG,GG,AA,GG,GG,AA,GG,GG,AA,GG,GG,GG,GG,GG,AA,AA,AA,AA,AA,AA,AA,AA,AA,AA,GG,GG,GG,AA,GG,GG,GG,GG,AA,GG,GG,GG,GG,AA,GG,GG,GG,GG,GG,GG,GG,GG,GG,AA,GG,GG,AA,AA,AA,AA,AA,GG,GG,GG,GG,GG,GG,GG,AA,AA,AA,GG,GG,GG,GG,GG,AA,AA,AA,AA,AA,AA,AA,GG,GG,AA,AA,GG,GG,GG,GG,GG,AA,GG,AA,AA,AA,AA,AA,AA,AA,AA,AA,AA,AA,AA,AA,AA,AA,AA,AA,AA,AA,AA,AA,AA,AA,AA,AA,AA,AA,AA,AA,AA,AA,GG,GG,GG,GG,GG,GG,GG,GG,AA,AA,GG,GG,GG,GG,GG,AA,AA,AA,AA,GG,GG,AA,AA,GG,GG,GG,GG,GG,GG,AA,GG,GG,GG,GG,GG,GG,GG,AA,AA,AA,AA,AA,AA,AA,AA,AA,AA,AA,AA,AA,AA,GG,GG,GG,GG,GG,GG,GG,GG,AA,AA,GG,GG,AA,GG,GG,GG,AA,AA,AA,AA,AA,AA,AA,AA,AA,AA,AA,AA,AA,GG,GG,AA,GG,GG,GG,GG,AA,AA,GG,AA,GG,GG,GG,GG,GG,GG,AA,GG,GG,GG,GG,GG,GG,GG,GG,GG,GG,AA,AA,AA,AA,AA,GG,AA,AA,AA,AA,AA,AA,GG,AA,AA,AA,GG,GG,AA,AA,GG,AA,GG,GG,GG,AA,AA,GG,GG,AA,AA,AA,GG,GG,AA,GG,AA,AA,GG,GG,AA,GG,GG,GG,AA,GG,NN,GG,GG,AA,AA,AA,AA,AA,AA,GG,AA,AA,AA,AA,AA,AA,AA,AA,AA,AA,AA,AA,AA,AA,GG,AA,AA,GG,GG,AA,AA,GG,GG,GG,GG,GG,AA,GG,GG,AA,AA,AA,AA,AA,AA,AA,AA,AA,AA,AA,AA,AA,AA,GG,GG,GG,GG,GG,GG,GG,AA,GG,GG,GG,GG,GG,GG,GG,GG,AA,AA,GG,GG,GG,AA,AA,GG,GG,GG,AA,GG,AA,AA,AA,AA,AA,AA,AA,AA,AA,AA,AA,AA,GG,GG,GG,AA,AA,AA,GG,AA,GG,AA,AA,GG,GG,AA,AA,AA,AA,AA,AA,AA,AA,AA,AA,GG,AA,AA,AA,AA,AA,AA,AA,AA,AA,AA,AA,AA,GG,GG,AA,GG,GG,GG,AA,GG,AA,AA,GG,GG,GG,GG,AA,AA,AA,AA,AA,AA,AA,AA,AA,AA,AA,GG,AA,AA,AA,AA,AA,AA,AA,GG,GG,GG,GG,GG,AA,AA,GG,GG,GG,GG,GG,AA,GG,AA,AA,AA,AA,AA,AA,AA,GG,AA,AA,AA,AA,AA,GG,GG,GG,AA,GG,GG,NN,AA,GG,GG,GG,GG,GG,GG,GG,GG,AA,AA,AA,AA,AA,AA,AA,AA,AA,AA,AA,GG,AA,AA,GG,AA,GG,GG,GG,AA,GG,AA,AA,AA,AA,AA,AA,AA,AA,AA,AA,AA,GG,GG,AA,GG,AA,AA,AA,AA,AA,GG,AA,AA,AA,AA,AA,GG,AA,GG,GG,GG,AA,AA,AA,AA,GG,AA,GG,AA,AA,GG,AA,AA,GG,AA,GG,GG,AA,AA,AA
IWA2819*,0.53,,GG,GG,GG,GG,GG,AA,GG,GG,AA,AA,AA,AA,AA,GG,GG,GG,GG,GG,AA,GG,GG,AA,GG,AA,GG,GG,GG,GG,GG,GG,GG,GG,AA,AA,GG,AA,AA,GG,AA,GG,AA,GG,AA,AA,AA,AA,GG,AA,GG,AA,GG,NN,GG,GG,GG,AA,AA,AA,AA,AA,GG,GG,GG,GG,GG,GG,GG,GG,GG,GG,GG,AA,AA,AA,GG,AA,AA,AA,AA,AA,GG,GG,AA,AA,AA,AA,GG,GG,AA,AA,AA,AA,GG,GG,GG,GG,AA,GG,GG,GG,GG,GG,AA,GG,GG,AA,GG,GG,AA,AA,AA,AA,AA,GG,GG,AA,AA,AA,AA,AA,AA,AA,GG,GG,GG,GG,GG,AA,AA,AA,GG,AA,AA,AA,GG,GG,GG,GG,GG,AA,GG,GG,GG,AA,AA,AA,GG,AA,AA,AA,GG,GG,AA,AA,GG,GG,AA,AA,AA,AA,AA,GG,AA,GG,GG,AA,AA,GG,GG,GG,GG,GG,AA,AA,AA,GG,GG,AA,AA,GG,AA,GG,AA,AA,AA,AA,AA,GG,GG,GG,AA,AA,GG,AA,AA,AA,AA,GG,GG,GG,GG,GG,GG,AA,AA,AA,AA,AA,GG,GG,AA,AA,AA,AA,AA,AA,AA,AA,AA,AA,AA,AA,AA,AA,AA,AA,AA,AA,AA,AA,GG,GG,GG,GG,GG,GG,GG,AA,NN,GG,GG,AA,AA,AA,AA,GG,GG,GG,AA,AA,GG,AA,AA,AA,AA,AA,AA,GG,AA,AA,GG,GG,AA,AA,AA,AA,AA,AA,AA,GG,AA,GG,AA,AA,AA,GG,AA,AA,GG,GG,GG,GG,GG,AA,GG,GG,AA,GG,AA,AA,AA,AA,GG,AA,AA,AA,GG,GG,AA,AA,AA,AA,AA,GG,AA,AA,AA,AA,AA,AA,AA,GG,GG,GG,AA,AA,AA,AA,GG,GG,GG,GG,AA,GG,AA,GG,AA,GG,GG,AA,GG,GG,AA,AA,AA,GG,GG,AA,GG,AA,AA,AA,AA,AA,AA,AA,AA,GG,AA,GG,AA,AA,GG,AA,GG,AA,GG,GG,AA,GG,AA,GG,GG,GG,GG,GG,GG,AA,AA,GG,GG,AA,AA,AA,AA,AA,GG,AA,GG,AA,AA,AA,AA,AA,AA,AA,AA,AA,AA,AA,AA,AA,AA,AA,AA,GG,GG,GG,GG,GG,AA,AA,AA,AA,AA,AA,GG,GG,AA,AA,GG,GG,GG,GG,AA,GG,GG,GG,AA,GG,AA,AA,AA,AA,GG,GG,AA,AA,AA,AA,GG,AA,AA,AA,AA,GG,AA,GG,GG,AA,AA,AA,GG,GG,GG,AA,GG,GG,AA,GG,GG,GG,AA,AA,AA,GG,GG,AA,AA,AA,GG,GG,GG,GG,GG,GG,AA,AA,AA,AA,AA,AA,AA,GG,AA,AA,AA,AA,AA,AA,GG,GG,GG,AA,GG,GG,AA,AA,AA,GG,AA,GG,AA,GG,AA,GG,GG,AA,AA,AA,AA,AA,AA,GG,GG,AA,AA,GG,AA,GG,GG,GG,AA,AA,AA,GG,AA,AA,AA,GG,AA,AA,AA,GG,AA,AA,AA,GG,AA,GG,GG,GG,AA,GG,AA,AA,AA,AA,GG,AA,AA,GG,GG,GG,GG,GG,AA,AA,AA,AA,AA,GG,AA,AA,AA,GG,AA,GG,GG,GG,AA,AA,AA,AA,GG,GG,GG,GG,GG,GG,GG,GG,GG,GG,GG,GG,GG,GG,GG,GG,AA,GG,AA,GG,GG,GG,AA,AA,AA,GG,AA,AA,AA,GG,GG,GG,GG,GG,AA,AA,AA,AA,GG,AA,GG,GG,AA,AA,AA,AA,AA,AA,GG,AA,AA,GG,GG,AA,AA,AA,GG,AA,AA,AA,GG,GG,GG,GG,AA,GG,GG,AA,AA,AA,AA,GG,GG,GG,GG,GG,AA,AA,AA,AA,AA,AA,AA,AA,AA,AA,AA,GG,GG,AA,AA,AA,GG,AA,AA,GG,GG,GG,GG,AA,GG,GG,GG,AA,GG,GG,GG,GG,GG,AA,GG,GG,AA,AA,AA,AA,GG,GG,GG,GG,GG,AA,GG,GG,AA,AA,AA,GG,GG,AA,GG,GG,GG,AA,AA,AA,AA,AA,AA,GG,GG,AA,AA,GG,GG,GG,AA,GG,AA,AA,AA,AA,GG,AA,AA,AA,AA,AA,GG,AA,AA,GG,AA,AA,AA,AA,AA,AA,AA,AA,GG,AA,AA,AA,AA,AA,AA,AA,AA,AA,AA,GG,GG,GG,GG,GG,GG,GG,GG,AA,AA,GG,AA,GG,GG,GG,AA,AA,AA,AA,AA,GG,AA,AA,GG,AA,GG,GG,GG,GG,AA,GG,GG,GG,AA,GG,GG,GG,AA,GG,AA,AA,AA,AA,AA,AA,AA,AA,AA,AA,AA,AA,GG,GG,AA,GG,GG,AA,GG,AA,AA,AA,AA,GG,AA,GG,GG,AA,AA,AA,AA,GG,AA,AA,GG,AA,GG,AA,AA,AA,AA,GG,GG,GG,GG,GG,GG,GG,AA,AA,GG,AA,GG,GG,GG,GG,GG,GG,AA,AA,AA,GG,GG,GG,GG,GG,AA,GG,GG,AA,AA,GG,AA,AA,AA,GG,GG,AA,AA,AA,AA,GG,GG,GG,GG,GG,AA,AA,AA,AA,AA,GG,GG,GG,AA,AA,GG,GG,AA,AA,AA,AA,GG,AA,GG,GG,AA,AA,GG,AA,AA,GG,GG,AA,GG,NN,GG,GG,AA,AA,AA,AA,AA,GG,AA,GG,AA,AA,AA,GG,AA,AA,AA,GG,AA,AA,GG,GG,AA,GG,AA,AA,GG,AA,AA,AA,GG,GG,AA,AA,AA,AA,GG,AA,AA,AA,GG,AA,GG,AA,AA,GG,AA,GG,GG,GG,GG,GG,GG,GG,GG,GG,GG,GG,GG,AA,GG,GG,AA,GG,GG,GG,GG,GG,AA,AA,AA,AA,GG,AA,AA,GG,GG,GG,AA,AA,GG,GG,GG,GG,AA,AA,AA,AA,GG,GG,AA,GG,GG,AA,GG,AA,AA,AA,GG,AA,GG,AA,NN,AA,GG,AA,AA,GG,GG,AA,AA,AA,AA,GG,GG,GG,GG,GG,AA,AA,AA,GG,GG,GG,AA,GG,GG,AA,GG,GG,AA,AA,AA,AA,AA,GG,AA,AA,GG,GG,AA,GG,AA,AA,AA,GG,GG,GG,AA,GG,AA,GG,GG,AA,GG,GG,GG,GG,GG,GG,AA,GG,GG,GG,AA,AA,AA,AA,GG,GG,GG,AA,GG,AA,GG,AA,GG,GG,AA,GG,AA,GG,GG,AA,GG,AA,AA,GG,AA,GG,GG,AA,AA,AA,NN,AA,GG,GG,GG,GG,AA,AA,GG,AA,GG,GG,GG,GG,GG,GG,AA,AA,GG,AA,GG,GG,AA,AA,GG,AA,GG,GG,AA,AA,AA,GG,GG,GG,GG,AA,GG,GG,GG,AA,GG,GG,GG,GG,GG,GG,AA,AA,AA,AA,AA,GG,AA,AA,GG,AA,GG,GG,GG,GG,AA,AA,AA,AA,AA,AA,GG,AA,GG,GG,GG,GG,AA,GG,GG,GG,GG,GG,AA,AA,GG
IWA4271*,0.49,,TT,TT,CC,TT,TT,CC,TT,TT,CC,CC,CC,CC,CC,TT,TT,TT,TT,TT,CC,TT,TT,TT,CC,TT,TT,TT,TT,CC,TT,TT,TT,CC,CC,CC,TT,TT,TT,CC,CC,TT,TT,TT,CC,CC,TT,TT,CC,CC,CC,CC,TT,TT,CC,TT,TT,TT,TT,TT,TT,TT,TT,TT,CC,TT,TT,CC,CC,CC,TT,TT,TT,TT,CC,TT,CC,TT,TT,CC,CC,TT,CC,CC,TT,TT,CC,CC,TT,TT,CC,TT,TT,TT,TT,TT,TT,TT,TT,TT,CC,TT,CC,TT,TT,TT,TT,TT,TT,CC,TT,TT,TT,TT,CC,TT,TT,TT,TT,TT,TT,TT,TT,CC,TT,TT,TT,TT,TT,TT,TT,TT,TT,TT,TT,TT,TT,TT,TT,CC,CC,TT,TT,TT,TT,TT,TT,CC,TT,CC,TT,CC,TT,TT,TT,TT,CC,TT,CC,CC,TT,TT,TT,CC,CC,CC,TT,TT,TT,TT,TT,TT,TT,TT,CC,CC,TT,CC,NN,CC,CC,CC,CC,TT,CC,TT,TT,CC,CC,TT,TT,TT,TT,CC,CC,TT,CC,CC,TT,CC,CC,TT,CC,TT,CC,TT,TT,TT,TT,TT,TT,TT,CC,TT,TT,TT,TT,CC,TT,TT,CC,CC,CC,TT,TT,TT,TT,TT,TT,TT,TT,TT,TT,TT,CC,TT,TT,TT,TT,CC,TT,TT,TT,TT,TT,CC,CC,TT,TT,TT,CC,TT,TT,TT,TT,TT,TT,TT,TT,TT,CC,CC,TT,TT,TT,TT,CC,CC,CC,CC,CC,TT,TT,TT,CC,TT,TT,TT,TT,CC,TT,TT,TT,CC,TT,TT,TT,TT,TT,TT,CC,CC,TT,TT,TT,CC,CC,TT,TT,TT,TT,TT,TT,TT,CC,TT,TT,CC,CC,CC,CC,CC,CC,CC,TT,TT,CC,CC,TT,TT,CC,TT,TT,CC,TT,TT,TT,TT,TT,TT,TT,CC,CC,TT,CC,TT,TT,TT,CC,CC,CC,TT,CC,TT,CC,TT,CC,TT,TT,CC,CC,CC,TT,CC,TT,CC,TT,CC,TT,TT,TT,TT,CC,TT,TT,TT,TT,TT,TT,CC,TT,TT,TT,TT,TT,TT,CC,TT,TT,TT,CC,TT,TT,TT,TT,TT,TT,CC,CC,TT,CC,CC,TT,TT,TT,TT,TT,TT,TT,TT,TT,TT,TT,TT,TT,TT,TT,TT,CC,TT,CC,CC,CC,CC,CC,CC,TT,CC,CC,CC,CC,TT,CC,TT,CC,TT,CC,TT,TT,TT,TT,CC,CC,CC,TT,CC,TT,CC,CC,CC,TT,TT,CC,TT,CC,TT,TT,CC,TT,CC,TT,CC,CC,CC,CC,TT,CC,TT,TT,CC,TT,TT,TT,CC,TT,TT,TT,TT,CC,CC,CC,CC,TT,TT,TT,TT,CC,CC,TT,CC,TT,CC,TT,TT,TT,TT,TT,TT,CC,TT,TT,CC,CC,CC,CC,TT,TT,TT,TT,CC,CC,TT,TT,CC,TT,TT,TT,CC,CC,TT,CC,CC,TT,TT,TT,CC,TT,TT,TT,CC,CC,TT,CC,TT,CC,TT,TT,TT,TT,TT,CC,TT,TT,TT,TT,CC,CC,CC,TT,CC,TT,TT,TT,TT,CC,TT,CC,CC,CC,TT,CC,TT,TT,TT,CC,TT,CC,TT,TT,TT,TT,CC,TT,TT,TT,TT,CC,CC,CC,CC,CC,CC,CC,TT,CC,CC,CC,CC,NN,TT,TT,TT,CC,CC,CC,CC,TT,CC,TT,CC,CC,CC,TT,TT,TT,TT,CC,TT,TT,TT,CC,CC,CC,CC,TT,CC,TT,CC,TT,CC,TT,CC,TT,TT,CC,TT,TT,TT,TT,CC,TT,TT,CC,CC,TT,TT,TT,TT,TT,TT,TT,TT,CC,TT,TT,TT,TT,TT,TT,CC,TT,TT,CC,CC,TT,CC,CC,TT,TT,TT,TT,CC,TT,CC,CC,CC,CC,CC,TT,CC,CC,TT,TT,TT,TT,CC,CC,CC,CC,TT,TT,CC,TT,TT,CC,CC,CC,CC,TT,TT,TT,CC,CC,CC,CC,CC,CC,CC,TT,CC,CC,CC,CC,TT,TT,CC,TT,CC,TT,TT,TT,TT,TT,TT,CC,CC,CC,CC,CC,CC,TT,TT,CC,CC,CC,TT,TT,CC,TT,TT,TT,CC,TT,TT,CC,TT,TT,TT,TT,CC,TT,TT,TT,TT,TT,TT,CC,TT,TT,CC,TT,TT,TT,TT,TT,TT,TT,CC,TT,TT,TT,CC,TT,CC,TT,CC,CC,CC,TT,TT,TT,TT,CC,CC,CC,CC,TT,CC,CC,TT,CC,TT,CC,TT,CC,CC,TT,CC,CC,TT,NN,TT,TT,TT,CC,TT,CC,TT,CC,TT,TT,TT,TT,TT,TT,TT,TT,CC,TT,CC,CC,CC,TT,TT,TT,CC,CC,TT,CC,TT,CC,CC,CC,CC,TT,CC,TT,TT,CC,CC,CC,CC,CC,TT,TT,CC,CC,TT,CC,CC,TT,CC,TT,TT,CC,CC,CC,CC,TT,CC,CC,TT,CC,CC,TT,CC,CC,TT,CC,TT,TT,TT,TT,TT,CC,CC,TT,CC,CC,CC,CC,CC,CC,CC,CC,CC,CC,CC,CC,CC,CC,CC,NN,CC,CC,TT,CC,NN,TT,TT,CC,CC,CC,CC,CC,CC,CC,CC,CC,CC,TT,CC,TT,TT,TT,CC,CC,CC,TT,CC,TT,CC,CC,TT,CC,TT,TT,TT,CC,CC,CC,CC,CC,CC,CC,CC,TT,CC,CC,CC,CC,CC,CC,CC,CC,TT,TT,CC,CC,TT,CC,CC,TT,TT,CC,TT,CC,CC,TT,TT,CC,CC,CC,CC,CC,CC,CC,CC,CC,CC,CC,CC,CC,CC,CC,TT,NN,TT,CC,CC,TT,CC,TT,CC,CC,TT,TT,CC,CC,CC,CC,CC,CC,CC,TT,CC,TT,TT,CC,CC,CC,CC,CC,CC,CC,CC,CC,CC,CC,CC,CC,TT,CC,CC,TT,TT,CC,CC,CC,CC,TT,CC,CC,CC,NN,CC,TT,CC,CC,CC,TT,CC,TT,TT,CC,CC,CC,CC,CC,CC,CC,CC,CC,TT,TT,CC,CC,TT,CC,CC,CC,CC,TT,TT,CC,CC,CC,CC,TT,CC,CC,CC,TT,TT,CC,CC,CC,CC,CC,CC,CC,CC,TT,CC,CC,CC,CC,CC,CC,CC,CC,CC,CC,CC,TT,CC,TT,CC,CC,CC,CC,CC,CC,CC,TT,CC,CC,CC,CC,CC,CC,CC,CC,CC,CC,CC,CC,CC,CC,CC,CC,CC,TT,CC,CC,CC,TT,CC,TT,CC,CC,CC,CC,CC,TT,CC,CC,CC,CC,TT,CC,CC,CC,CC,CC,CC,CC,CC,NN,TT,TT,CC,CC,NN,CC,CC,CC,CC,CC,CC,CC,CC,CC,CC,CC,CC,CC,CC,CC,TT,CC,CC,CC,CC,CC,CC,CC,CC,CC,TT,NN,CC,CC,CC,CC,CC,CC,CC,CC,CC,CC,CC,TT,CC,CC,CC,CC,CC,CC,CC,CC,CC,CC,CC,CC,CC,CC
IWA3215‡,0.67,,GG,GG,GG,GG,GG,GG,GG,GG,GG,GG,GG,GG,GG,GG,GG,GG,GG,GG,GG,GG,GG,GG,GG,GG,GG,GG,GG,GG,GG,GG,GG,GG,AA,GG,GG,GG,GG,GG,AA,GG,GG,GG,GG,GG,GG,GG,GG,GG,AA,GG,GG,GG,GG,GG,GG,GG,GG,GG,GG,GG,GG,GG,GG,GG,GG,GG,GG,GG,GG,GG,GG,AA,GG,GG,GG,GG,GG,AA,GG,AA,GG,GG,GG,GG,AA,AA,GG,GG,AA,GG,GG,GG,AA,GG,GG,GG,GG,GG,GG,GG,GG,GG,GG,GG,GG,GG,GG,AA,GG,GG,GG,GG,GG,GG,GG,GG,GG,GG,GG,GG,AA,GG,GG,GG,GG,GG,GG,GG,GG,GG,GG,GG,GG,GG,GG,GG,GG,GG,GG,GG,GG,GG,GG,GG,GG,GG,AA,GG,GG,GG,GG,GG,GG,GG,GG,GG,GG,AA,GG,GG,GG,GG,GG,GG,GG,GG,GG,GG,GG,GG,GG,GG,GG,GG,GG,NN,NN,AA,GG,GG,GG,GG,GG,GG,GG,GG,AA,GG,GG,GG,GG,AA,AA,GG,AA,AA,GG,GG,GG,GG,NN,GG,GG,GG,GG,GG,GG,GG,GG,GG,AA,GG,GG,GG,GG,GG,GG,GG,GG,AA,GG,GG,GG,GG,GG,GG,AA,AA,AA,GG,GG,GG,GG,GG,GG,GG,GG,GG,GG,GG,GG,GG,GG,GG,AA,AA,GG,GG,AA,GG,GG,GG,GG,GG,GG,GG,GG,GG,GG,AA,GG,GG,AA,GG,AA,GG,AA,AA,GG,GG,NN,AA,GG,GG,AA,GG,AA,GG,GG,GG,GG,GG,GG,GG,GG,AA,GG,AA,AA,GG,GG,GG,GG,AA,AA,NN,AA,GG,GG,GG,GG,GG,GG,GG,GG,AA,AA,AA,AA,GG,GG,GG,GG,GG,AA,AA,GG,GG,AA,GG,GG,GG,AA,GG,GG,GG,GG,GG,GG,AA,AA,GG,GG,GG,GG,GG,GG,AA,GG,GG,AA,GG,GG,GG,AA,GG,GG,GG,AA,AA,GG,AA,GG,GG,GG,AA,GG,GG,GG,GG,GG,GG,GG,GG,GG,GG,GG,AA,AA,GG,GG,AA,GG,GG,AA,GG,GG,GG,GG,GG,GG,AA,GG,GG,GG,GG,AA,GG,GG,AA,AA,GG,GG,AA,GG,GG,GG,GG,GG,GG,GG,GG,GG,GG,GG,GG,GG,GG,AA,AA,GG,GG,GG,GG,GG,GG,GG,GG,AA,AA,GG,AA,GG,AA,GG,GG,GG,GG,GG,AA,GG,GG,AA,AA,GG,GG,AA,GG,GG,AA,GG,GG,GG,AA,GG,AA,GG,GG,GG,GG,AA,AA,AA,GG,GG,GG,AA,AA,AA,GG,NN,GG,GG,GG,AA,GG,GG,GG,AA,AA,AA,AA,AA,GG,AA,GG,AA,AA,GG,GG,AA,GG,GG,GG,GG,GG,GG,GG,GG,GG,GG,GG,GG,GG,GG,GG,GG,AA,GG,GG,GG,GG,AA,GG,GG,AA,AA,NN,GG,GG,GG,GG,GG,AA,GG,AA,GG,AA,GG,GG,AA,GG,AA,GG,GG,AA,AA,GG,AA,GG,GG,GG,GG,GG,GG,GG,GG,AA,AA,GG,GG,AA,GG,GG,AA,AA,AA,AA,GG,GG,AA,GG,GG,GG,AA,GG,GG,GG,GG,AA,AA,GG,GG,GG,GG,GG,GG,GG,GG,GG,GG,GG,GG,GG,GG,GG,NN,GG,GG,GG,AA,GG,AA,GG,GG,AA,AA,GG,GG,AA,AA,AA,GG,AA,GG,GG,GG,GG,GG,AA,AA,GG,GG,GG,GG,AA,GG,AA,GG,AA,GG,AA,GG,GG,GG,GG,GG,GG,GG,AA,GG,GG,GG,GG,GG,AA,AA,AA,GG,GG,AA,GG,GG,AA,GG,GG,GG,AA,GG,GG,GG,AA,AA,GG,GG,GG,GG,GG,GG,AA,NN,AA,GG,GG,AA,AA,AA,AA,AA,AA,GG,GG,GG,GG,AA,AA,GG,GG,AA,GG,GG,GG,AA,AA,GG,AA,GG,GG,GG,AA,GG,GG,AA,GG,GG,NN,GG,GG,GG,AA,AA,GG,GG,GG,GG,GG,GG,GG,GG,GG,GG,GG,AA,GG,GG,GG,AA,GG,GG,GG,GG,GG,AA,GG,GG,GG,GG,GG,GG,GG,GG,GG,GG,GG,GG,AA,GG,GG,GG,GG,GG,GG,GG,GG,AA,GG,GG,AA,GG,GG,GG,GG,GG,GG,GG,AA,GG,GG,GG,GG,AA,AA,GG,AA,GG,AA,GG,AA,AA,GG,AA,AA,AA,AA,AA,GG,AA,AA,GG,AA,GG,GG,AA,GG,GG,GG,GG,AA,AA,GG,GG,GG,GG,GG,GG,GG,AA,GG,GG,GG,GG,GG,GG,GG,GG,AA,GG,GG,NN,AA,GG,AA,AA,AA,AA,GG,GG,AA,GG,GG,GG,AA,GG,AA,GG,GG,GG,AA,AA,AA,AA,GG,GG,AA,AA,AA,GG,AA,GG,AA,GG,GG,GG,GG,GG,AA,GG,AA,GG,GG,GG,GG,AA,GG,GG,AA,GG,GG,GG,GG,GG,GG,AA,GG,GG,AA,AA,GG,GG,GG,AA,AA,GG,GG,GG,GG,AA,AA,AA,GG,AA,GG,GG,GG,GG,GG,GG,GG,AA,AA,AA,AA,AA,AA,GG,AA,AA,GG,GG,GG,GG,GG,GG,GG,AA,GG,GG,AA,GG,AA,GG,GG,AA,GG,GG,GG,AA,GG,AA,AA,AA,AA,AA,GG,GG,AA,GG,AA,AA,AA,GG,GG,AA,GG,AA,GG,GG,AA,AA,AA,GG,GG,AA,AA,GG,AA,GG,GG,AA,AA,AA,GG,AA,AA,GG,AA,GG,GG,GG,AA,GG,GG,GG,AA,AA,GG,GG,GG,GG,AA,GG,GG,GG,GG,GG,AA,AA,GG,AA,AA,GG,GG,GG,AA,GG,AA,GG,GG,GG,GG,GG,AA,AA,AA,AA,GG,GG,GG,GG,AA,AA,GG,GG,GG,AA,AA,GG,AA,GG,GG,AA,GG,AA,AA,AA,GG,GG,AA,GG,GG,GG,AA,GG,AA,AA,AA,AA,GG,AA,AA,AA,GG,GG,AA,GG,GG,GG,AA,GG,NN,AA,AA,AA,GG,GG,GG,GG,AA,GG,AA,GG,AA,AA,AA,AA,AA,AA,AA,GG,AA,GG,AA,AA,GG,AA,AA,AA,AA,AA,GG,AA,GG,AA,GG,AA,GG,GG,GG,AA,GG,AA,GG,GG,AA,AA,AA,AA,GG,AA,AA,AA,AA,AA,AA,AA,AA,AA,AA,GG,GG,GG,GG,NN,NN,GG,GG,GG,GG,GG,AA,GG,GG,NN,GG,GG,AA,AA,GG,AA,AA,GG,GG,AA,AA,AA,AA,NN,NN,GG,AA,GG,AA,GG,GG,GG,GG,GG,GG,AA,AA,AA,AA,AA,GG,AA,AA,AA,GG,AA,GG,AA,GG,GG,GG,GG,AA,GG,AA,NN,AA,AA,AA,GG,AA,GG,GG,AA,AA,AA,GG,GG,GG,AA,GG,AA,AA,AA,AA,AA,AA,NN,GG,AA,AA,AA
IWA3680*,0.07,,GG,GG,GG,GG,GG,GG,GG,GG,GG,GG,GG,GG,GG,GG,GG,GG,GG,GG,GG,GG,GG,GG,AA,GG,GG,GG,GG,GG,GG,GG,GG,GG,GG,GG,GG,GG,GG,GG,GG,GG,GG,GG,GG,GG,GG,GG,AA,AA,GG,GG,GG,GG,GG,GG,GG,GG,GG,GG,GG,GG,GG,GG,GG,GG,GG,GG,AA,GG,GG,GG,GG,GG,GG,GG,GG,GG,GG,GG,AA,GG,AA,AA,GG,GG,GG,GG,GG,GG,GG,AA,AA,AA,GG,GG,GG,GG,GG,GG,GG,GG,GG,GG,GG,GG,GG,GG,GG,GG,GG,AA,AA,AA,GG,GG,GG,GG,AA,AA,AA,GG,GG,GG,GG,GG,GG,GG,GG,AA,AA,AA,GG,GG,GG,GG,GG,GG,GG,GG,GG,GG,GG,GG,GG,GG,GG,GG,GG,GG,GG,AA,GG,GG,GG,GG,GG,GG,GG,GG,GG,GG,GG,GG,GG,GG,GG,GG,GG,GG,GG,GG,GG,GG,GG,GG,GG,GG,GG,GG,AA,AA,GG,GG,AA,GG,GG,GG,GG,GG,GG,GG,GG,GG,GG,GG,GG,GG,GG,GG,GG,GG,GG,GG,GG,GG,GG,GG,GG,GG,GG,GG,GG,GG,GG,AA,GG,AA,GG,GG,AA,AA,AA,GG,GG,GG,GG,GG,AA,GG,GG,GG,GG,GG,GG,GG,GG,GG,AA,GG,GG,GG,GG,GG,GG,GG,GG,GG,GG,GG,GG,GG,GG,GG,GG,GG,GG,GG,GG,GG,GG,GG,NN,GG,GG,GG,AA,AA,GG,GG,AA,GG,AA,GG,AA,GG,GG,GG,GG,GG,GG,GG,GG,GG,GG,GG,GG,GG,AA,GG,GG,GG,AA,GG,GG,GG,GG,GG,GG,GG,GG,GG,GG,GG,GG,GG,AA,AA,GG,AA,GG,AA,GG,GG,GG,GG,GG,GG,GG,AA,GG,GG,GG,AA,GG,GG,GG,GG,GG,GG,GG,GG,GG,AA,GG,GG,GG,GG,GG,GG,GG,GG,GG,GG,GG,GG,GG,AA,AA,GG,GG,GG,NN,GG,GG,GG,GG,GG,GG,GG,GG,GG,GG,GG,GG,GG,GG,GG,GG,GG,GG,AA,GG,GG,GG,GG,GG,GG,GG,GG,GG,GG,AA,GG,AA,GG,GG,GG,GG,GG,GG,GG,GG,GG,AA,GG,GG,GG,GG,GG,GG,GG,GG,GG,GG,GG,GG,GG,GG,GG,AA,GG,GG,GG,GG,GG,GG,GG,GG,GG,GG,GG,GG,GG,GG,AA,GG,GG,GG,GG,GG,GG,GG,GG,GG,GG,GG,GG,GG,GG,GG,AA,GG,GG,GG,NN,GG,GG,GG,GG,GG,GG,GG,GG,GG,GG,GG,GG,GG,GG,GG,GG,GG,GG,AA,GG,GG,GG,GG,GG,GG,GG,GG,GG,GG,NN,GG,GG,GG,GG,GG,GG,NN,GG,GG,GG,AA,GG,GG,GG,AA,GG,GG,GG,GG,GG,GG,GG,GG,GG,GG,GG,GG,GG,AA,GG,GG,GG,GG,GG,GG,GG,GG,GG,GG,GG,GG,GG,GG,AA,GG,GG,GG,GG,GG,GG,GG,GG,GG,GG,GG,GG,GG,GG,GG,GG,GG,GG,GG,GG,GG,GG,GG,GG,GG,GG,AA,GG,GG,GG,GG,GG,GG,GG,GG,GG,GG,GG,GG,GG,GG,GG,GG,GG,GG,GG,GG,GG,GG,GG,GG,GG,GG,GG,GG,GG,GG,GG,GG,GG,NN,GG,GG,AA,GG,GG,GG,GG,GG,GG,GG,GG,GG,GG,GG,GG,AA,GG,GG,GG,GG,GG,GG,GG,GG,GG,GG,AA,GG,GG,GG,GG,GG,GG,GG,GG,GG,GG,GG,GG,GG,GG,GG,GG,GG,GG,GG,GG,GG,GG,GG,GG,GG,GG,GG,GG,GG,GG,GG,GG,GG,GG,GG,GG,GG,GG,GG,GG,GG,GG,GG,GG,GG,GG,GG,GG,AA,GG,GG,GG,GG,AA,GG,GG,GG,GG,GG,GG,GG,GG,GG,GG,GG,GG,GG,GG,GG,GG,GG,GG,GG,GG,GG,GG,GG,GG,GG,AA,GG,GG,GG,GG,GG,GG,GG,GG,GG,AA,GG,GG,GG,GG,GG,GG,GG,GG,GG,GG,GG,GG,GG,GG,GG,GG,GG,GG,GG,GG,GG,GG,GG,GG,GG,GG,GG,GG,GG,GG,GG,GG,GG,GG,GG,GG,GG,GG,GG,GG,GG,GG,GG,GG,GG,GG,GG,GG,GG,GG,AA,GG,GG,GG,GG,GG,GG,GG,GG,GG,GG,GG,GG,GG,GG,GG,GG,GG,AA,GG,GG,GG,GG,GG,GG,GG,GG,GG,GG,GG,GG,GG,GG,GG,GG,GG,GG,GG,GG,GG,GG,GG,GG,GG,GG,GG,GG,GG,GG,GG,GG,GG,GG,GG,GG,GG,GG,GG,GG,GG,GG,GG,GG,GG,GG,GG,GG,GG,GG,GG,GG,GG,GG,GG,GG,GG,GG,GG,GG,GG,GG,GG,GG,GG,GG,GG,GG,GG,GG,GG,GG,GG,GG,AA,GG,GG,GG,GG,GG,GG,GG,GG,GG,GG,GG,GG,GG,GG,GG,GG,GG,GG,GG,GG,GG,GG,GG,GG,GG,GG,GG,GG,GG,GG,GG,GG,GG,GG,GG,GG,GG,GG,GG,GG,GG,GG,GG,GG,GG,GG,GG,GG,GG,GG,GG,GG,GG,GG,GG,AA,GG,GG,GG,GG,GG,GG,GG,GG,GG,GG,GG,GG,GG,GG,GG,GG,GG,GG,GG,GG,GG,GG,GG,GG,GG,GG,GG,GG,GG,GG,GG,GG,GG,GG,GG,GG,GG,GG,GG,GG,AA,GG,GG,GG,GG,GG,GG,GG,GG,GG,GG,GG,GG,GG,GG,GG,GG,GG,GG,GG,GG,GG,GG,GG,GG,GG,GG,GG,GG,GG,GG,GG,GG,GG,GG,GG,GG,GG,GG,GG,GG,GG,GG,GG,GG,GG,GG,GG,GG,GG,GG,GG,GG,GG,GG,GG,GG,GG,GG,GG,GG,GG,GG,GG,GG,GG,GG,GG,GG,GG,GG,GG,GG,GG,GG,GG,GG,GG,GG,GG,GG,GG,GG,GG,GG,GG,GG,GG,GG,GG,GG,GG,GG,GG,GG,GG,GG,GG,GG,GG,AA,GG,GG,GG,GG,GG,GG,GG,GG,GG,GG,GG,GG,GG,GG,GG,GG,GG,GG,GG,GG,GG,GG,GG,GG,GG,GG,GG,GG,GG,GG,AA,GG,GG,GG,GG,GG,GG,GG,GG,GG,GG,GG,GG,GG,GG,GG,GG,GG,GG,GG,GG,GG,GG,GG,GG,GG,GG,AA,GG,GG,GG,GG,GG,GG,GG,AA,GG,GG,GG,GG,GG,GG,GG,GG,GG,GG,GG,GG,GG,GG,GG,GG,GG,GG,GG,GG,GG,GG,GG,GG,GG,GG,GG,GG,GG,GG,GG,GG,GG,GG,AA,GG,AA,GG,GG,GG,GG,GG,GG,GG,GG,GG,GG,GG,GG,GG,GG,GG,GG,GG,GG,GG,GG,GG,GG,GG,GG,GG,GG,GG,GG,GG,GG,GG,AA,GG,GG,GG
IWA406‡,0.67,,AA,AA,AA,AA,AA,AA,AA,AA,AA,AA,AA,AA,AA,AA,AA,AA,AA,GG,AA,AA,AA,AA,AA,AA,GG,AA,AA,AA,GG,AA,AA,AA,GG,AA,AA,GG,AA,GG,AA,AA,AA,AA,AA,AA,AA,AA,AA,AA,AA,AA,AA,AA,GG,AA,AA,AA,AA,AA,AA,AA,AA,AA,GG,GG,AA,AA,AA,AA,AA,GG,AA,AA,AA,AA,GG,AA,AA,AA,AA,GG,AA,AA,GG,AA,AA,AA,AA,AA,AA,AA,AA,AA,AA,AA,GG,AA,AA,AA,AA,AA,AA,AA,AA,AA,AA,AA,AA,AA,AA,AA,AA,AA,AA,GG,AA,AA,AA,AA,AA,AA,AA,AA,GG,GG,GG,AA,AA,AA,AA,AA,AA,AA,AA,AA,AA,AA,GG,AA,AA,AA,AA,AA,GG,GG,GG,AA,AA,AA,AA,AA,AA,AA,AA,GG,GG,AA,GG,AA,AA,AA,AA,GG,AA,AA,AA,AA,AA,AA,AA,AA,AA,AA,AA,AA,AA,GG,GG,GG,GG,AA,GG,GG,GG,AA,GG,AA,GG,AA,GG,GG,AA,AA,AA,GG,AA,AA,AA,AA,AA,AA,GG,GG,AA,GG,AA,AA,AA,GG,GG,GG,AA,AA,AA,AA,AA,AA,GG,GG,AA,AA,AA,AA,AA,AA,AA,AA,AA,AA,AA,AA,AA,AA,AA,AA,AA,AA,GG,AA,AA,AA,AA,AA,GG,GG,AA,AA,AA,AA,AA,AA,AA,AA,AA,AA,AA,AA,AA,AA,AA,GG,AA,AA,AA,AA,AA,AA,AA,AA,GG,GG,AA,AA,AA,GG,GG,AA,AA,AA,AA,AA,AA,AA,AA,AA,AA,AA,AA,AA,GG,AA,AA,GG,AA,AA,AA,NN,AA,AA,AA,AA,AA,AA,GG,AA,AA,AA,AA,AA,AA,GG,AA,GG,AA,GG,AA,AA,GG,AA,GG,AA,AA,AA,AA,AA,AA,GG,AA,AA,AA,AA,GG,GG,AA,AA,AA,AA,AA,GG,AA,AA,AA,AA,AA,AA,AA,AA,AA,GG,AA,AA,AA,AA,AA,AA,GG,AA,AA,AA,AA,GG,AA,AA,GG,AA,AA,AA,GG,AA,GG,AA,AA,GG,AA,GG,GG,AA,AA,GG,AA,AA,AA,AA,AA,GG,GG,AA,AA,AA,AA,AA,AA,GG,AA,AA,AA,AA,AA,AA,GG,GG,AA,AA,AA,AA,GG,AA,AA,GG,AA,GG,AA,AA,AA,AA,GG,AA,AA,AA,AA,AA,AA,AA,GG,GG,AA,AA,GG,AA,AA,AA,AA,AA,AA,AA,GG,AA,AA,AA,AA,AA,GG,AA,AA,AA,AA,AA,AA,AA,GG,AA,AA,AA,GG,AA,AA,GG,AA,AA,AA,AA,AA,AA,AA,GG,AA,GG,GG,GG,AA,GG,AA,AA,AA,AA,AA,AA,AA,AA,AA,AA,AA,AA,AA,AA,GG,AA,AA,GG,AA,AA,AA,AA,AA,AA,AA,AA,AA,GG,AA,GG,AA,GG,AA,AA,GG,AA,GG,GG,AA,GG,AA,GG,AA,GG,AA,AA,AA,AA,AA,GG,AA,AA,AA,GG,GG,AA,AA,AA,AA,AA,GG,AA,AA,AA,AA,GG,GG,AA,AA,AA,AA,AA,AA,GG,AA,AA,AA,GG,GG,GG,GG,AA,AA,GG,GG,AA,GG,GG,AA,AA,AA,AA,AA,AA,AA,AA,AA,AA,AA,AA,AA,AA,AA,AA,AA,AA,AA,AA,AA,AA,GG,AA,AA,AA,GG,AA,AA,AA,AA,AA,AA,GG,AA,AA,AA,AA,AA,GG,AA,GG,AA,AA,AA,AA,AA,AA,AA,GG,AA,AA,GG,GG,AA,GG,AA,GG,AA,AA,AA,GG,AA,AA,GG,AA,AA,AA,AA,AA,AA,GG,AA,AA,AA,AA,GG,AA,GG,AA,GG,GG,GG,AA,GG,GG,AA,AA,AA,GG,AA,AA,GG,AA,GG,AA,AA,AA,AA,GG,GG,AA,GG,GG,AA,NN,AA,AA,AA,AA,AA,AA,GG,AA,AA,GG,AA,AA,GG,AA,GG,AA,GG,AA,AA,AA,AA,AA,AA,AA,AA,AA,AA,AA,AA,AA,AA,GG,AA,GG,GG,GG,GG,GG,AA,GG,AA,GG,AA,AA,AA,AA,AA,AA,AA,AA,AA,AA,GG,AA,GG,AA,AA,GG,GG,GG,GG,GG,GG,AA,GG,GG,GG,GG,GG,GG,GG,GG,GG,AA,GG,GG,GG,AA,GG,GG,GG,AA,AA,AA,GG,AA,AA,AA,AA,GG,AA,AA,GG,AA,AA,AA,GG,GG,GG,GG,AA,GG,GG,AA,GG,AA,AA,AA,AA,AA,GG,AA,AA,AA,AA,AA,AA,AA,AA,GG,AA,GG,GG,GG,AA,GG,GG,GG,GG,GG,GG,GG,AA,AA,AA,AA,GG,AA,AA,GG,GG,AA,AA,AA,GG,AA,AA,GG,AA,AA,GG,GG,AA,GG,GG,GG,GG,AA,GG,GG,AA,AA,AA,AA,GG,AA,NN,AA,AA,AA,GG,GG,AA,AA,AA,AA,GG,GG,AA,AA,AA,AA,AA,AA,AA,AA,AA,AA,AA,GG,GG,AA,AA,AA,AA,GG,GG,AA,GG,GG,GG,AA,AA,AA,AA,AA,AA,GG,GG,GG,GG,AA,AA,AA,GG,AA,GG,GG,AA,GG,AA,GG,AA,GG,AA,GG,AA,GG,GG,GG,GG,AA,AA,AA,GG,GG,AA,AA,GG,AA,AA,AA,GG,AA,AA,AA,AA,AA,AA,AA,AA,AA,GG,GG,GG,AA,GG,AA,AA,AA,GG,AA,AA,AA,AA,GG,GG,NN,GG,AA,GG,GG,GG,AA,NN,AA,AA,GG,AA,GG,AA,GG,GG,GG,AA,AA,AA,AA,AA,AA,AA,AA,AA,AA,GG,AA,AA,AA,AA,AA,AA,GG,AA,GG,AA,GG,AA,GG,GG,GG,GG,AA,GG,AA,GG,GG,GG,AA,GG,AA,GG,GG,GG,GG,AA,GG,AA,GG,AA,AA,AA,GG,GG,GG,AA,GG,GG,GG,AA,AA,AA,AA,GG,AA,AA,AA,GG,GG,GG,AA,AA,AA,GG,AA,AA,AA,GG,AA,GG,AA,AA,GG,GG,GG,AA,AA,GG,GG,GG,GG,GG,AA,GG,NN,AA,AA,AA,AA,AA,GG,GG,GG,GG,GG,AA,GG,AA,GG,GG,AA,GG,GG,GG,GG,GG,AA,GG,AA,AA,GG,AA,AA,AA,GG,AA,AA,AA,AA,GG,GG,GG,GG,AA,AA,GG,AA,AA,AA,AA,GG,AA,GG,AA,AA,AA,GG,AA,AA,AA,AA,AA,GG,GG,AA,AA,GG,AA,AA,AA,AA,AA,GG,AA,AA,GG,GG,AA,AA,NN,GG,GG,AA,GG,GG,GG,GG,GG,AA,AA,GG,GG,GG,GG,GG,GG,NN,GG,GG,GG,GG,GG,AA,AA,AA,GG,GG,GG,GG,GG,GG,GG,GG,AA,GG,GG,AA,AA,GG,GG,AA,AA,AA,GG,GG,GG,AA,AA,GG,GG,AA,AA,GG,GG,AA,AA,AA,AA,GG,AA,GG,GG
IWA2150†,0.86,,GG,GG,GG,GG,GG,GG,GG,GG,GG,GG,GG,GG,GG,GG,GG,GG,GG,GG,GG,GG,GG,GG,GG,GG,GG,GG,GG,GG,GG,GG,GG,GG,GG,GG,GG,GG,GG,GG,GG,GG,GG,GG,GG,GG,GG,GG,GG,GG,GG,GG,GG,GG,GG,GG,GG,GG,GG,GG,GG,GG,GG,GG,GG,GG,GG,GG,GG,GG,GG,GG,GG,GG,GG,GG,GG,GG,GG,GG,GG,GG,GG,GG,GG,GG,GG,GG,GG,GG,GG,GG,GG,GG,GG,GG,GG,GG,GG,GG,GG,TT,GG,GG,GG,GG,TT,GG,GG,GG,TT,GG,GG,GG,GG,GG,GG,GG,GG,GG,GG,GG,GG,GG,GG,GG,GG,TT,GG,GG,GG,GG,GG,GG,GG,GG,GG,GG,GG,GG,GG,GG,GG,GG,GG,GG,GG,GG,TT,GG,GG,GG,GG,GG,GG,TT,GG,GG,GG,GG,GG,GG,GG,GG,GG,GG,GG,GG,GG,GG,NN,GG,NN,GG,GG,GG,GG,TT,TT,GG,GG,GG,GG,GG,GG,GG,GG,GG,GG,GG,GG,GG,GG,TT,GG,GG,GG,GG,GG,GG,GG,GG,GG,GG,GG,TT,GG,TT,GG,GG,GG,GG,GG,GG,TT,GG,TT,GG,GG,GG,GG,GG,GG,GG,GG,GG,GG,GG,GG,TT,TT,GG,GG,GG,GG,GG,GG,GG,GG,GG,GG,GG,GG,GG,GG,GG,GG,GG,GG,GG,GG,GG,GG,GG,GG,GG,GG,GG,GG,GG,GG,GG,GG,GG,GG,GG,GG,GG,TT,GG,GG,GG,GG,GG,GG,GG,GG,GG,TT,GG,GG,GG,GG,GG,GG,GG,GG,GG,GG,TT,GG,GG,GG,GG,TT,GG,GG,GG,TT,GG,TT,GG,GG,GG,GG,GG,GG,GG,GG,GG,GG,GG,GG,GG,GG,TT,GG,GG,GG,TT,GG,GG,GG,GG,GG,GG,GG,GG,GG,GG,GG,GG,GG,GG,GG,GG,TT,GG,TT,GG,GG,GG,GG,GG,GG,GG,GG,GG,GG,GG,GG,TT,GG,GG,GG,GG,GG,GG,GG,GG,GG,GG,TT,GG,GG,GG,GG,GG,GG,NN,GG,GG,GG,GG,GG,GG,GG,GG,GG,GG,GG,GG,GG,GG,GG,GG,GG,GG,TT,GG,GG,GG,GG,GG,GG,GG,GG,GG,GG,GG,GG,GG,TT,GG,GG,GG,GG,GG,GG,GG,GG,GG,GG,GG,GG,GG,GG,GG,GG,TT,GG,GG,GG,TT,GG,TT,GG,GG,TT,GG,GG,TT,GG,GG,GG,GG,GG,GG,GG,GG,GG,TT,GG,GG,GG,GG,GG,TT,TT,GG,GG,GG,GG,GG,GG,GG,GG,GG,GG,GG,GG,GG,GG,GG,GG,GG,GG,GG,GG,GG,GG,GG,GG,GG,GG,GG,GG,GG,GG,GG,GG,GG,GG,GG,GG,GG,GG,TT,GG,GG,GG,GG,GG,GG,GG,GG,GG,GG,TT,GG,TT,GG,GG,TT,GG,GG,GG,GG,GG,GG,GG,GG,GG,GG,GG,GG,GG,GG,GG,GG,GG,GG,GG,GG,GG,GG,GG,GG,GG,TT,GG,GG,GG,GG,TT,TT,GG,GG,GG,GG,GG,GG,GG,GG,GG,GG,GG,GG,TT,GG,GG,GG,GG,GG,GG,GG,GG,GG,TT,GG,GG,GG,GG,GG,GG,GG,GG,GG,GG,GG,GG,GG,GG,GG,GG,GG,GG,GG,GG,GG,GG,GG,GG,GG,GG,GG,GG,GG,GG,GG,GG,GG,GG,GG,GG,GG,GG,GG,GG,NN,GG,GG,GG,TT,TT,TT,GG,GG,GG,GG,TT,GG,GG,TT,TT,GG,GG,GG,GG,GG,GG,GG,GG,TT,GG,GG,GG,GG,GG,GG,GG,TT,GG,GG,GG,TT,GG,GG,GG,GG,GG,GG,GG,GG,TT,GG,GG,GG,GG,GG,GG,GG,GG,GG,GG,GG,TT,GG,GG,GG,TT,GG,GG,GG,GG,GG,GG,GG,GG,GG,GG,GG,GG,GG,GG,GG,GG,GG,GG,GG,TT,GG,GG,TT,GG,GG,GG,GG,GG,TT,GG,TT,GG,GG,GG,TT,GG,GG,GG,GG,GG,GG,GG,GG,GG,TT,GG,GG,GG,GG,GG,GG,GG,GG,GG,GG,GG,GG,GG,GG,GG,TT,GG,TT,GG,GG,GG,GG,GG,GG,GG,GG,GG,GG,GG,GG,GG,GG,GG,GG,GG,GG,GG,GG,GG,GG,GG,TT,TT,GG,GG,TT,TT,TT,GG,GG,GG,GG,GG,GG,GG,GG,GG,GG,GG,GG,TT,GG,TT,GG,GG,GG,GG,GG,GG,GG,GG,TT,TT,TT,TT,GG,GG,GG,TT,GG,GG,GG,GG,GG,GG,GG,GG,GG,GG,GG,GG,GG,GG,GG,GG,GG,GG,GG,GG,GG,GG,GG,TT,GG,GG,TT,TT,GG,GG,GG,GG,GG,GG,GG,GG,GG,GG,GG,GG,GG,GG,GG,TT,GG,GG,GG,TT,GG,GG,GG,GG,GG,TT,GG,GG,GG,GG,GG,GG,TT,TT,TT,GG,GG,GG,GG,GG,GG,GG,TT,TT,TT,GG,GG,GG,GG,GG,GG,GG,GG,NN,TT,GG,GG,GG,TT,TT,TT,TT,GG,TT,GG,TT,TT,GG,GG,GG,GG,GG,GG,GG,GG,GG,GG,GG,GG,GG,GG,GG,GG,GG,TT,GG,GG,GG,GG,GG,GG,GG,GG,GG,GG,GG,GG,GG,TT,GG,GG,GG,GG,TT,GG,GG,GG,TT,TT,GG,GG,GG,GG,GG,TT,GG,TT,GG,GG,GG,GG,GG,GG,GG,GG,GG,GG,GG,GG,GG,GG,TT,TT,GG,GG,TT,TT,GG,GG,GG,GG,TT,GG,TT,TT,TT,TT,TT,GG,GG,GG,TT,TT,TT,GG,GG,TT,GG,GG,GG,GG,GG,GG,TT,GG,TT,GG,GG,GG,GG,GG,GG,TT,GG,GG,GG,GG,GG,GG,GG,GG,TT,GG,GG,GG,GG,GG,GG,GG,GG,GG,GG,TT,GG,TT,GG,TT,GG,TT,GG,TT,TT,TT,TT,GG,GG,TT,GG,GG,GG,GG,GG,GG,GG,TT,GG,GG,TT,GG,GG,GG,GG,TT,GG,GG,GG,GG,TT,GG,GG,GG,GG,GG,GG,GG,GG,GG,GG,GG,TT,GG,GG,TT,GG,GG,GG,GG,GG,GG,GG,TT,TT,GG,TT,TT,TT,GG,GG,GG,TT,GG,GG,GG,GG,TT,GG,GG,GG,GG,GG,GG,GG,GG,GG,GG,GG,TT,TT,NN,GG,GG,GG,GG,GG,GG,GG,TT,TT,GG,GG,GG,GG,GG,GG,TT,GG,GG,GG,GG,GG,GG,GG,GG,GG,TT,NN,GG,GG,GG,GG,TT,GG,GG,GG,GG,GG,GG,GG,GG,GG,GG,GG,TT,GG,GG,GG,GG,GG,GG,GG,GG,GG,GG,GG,GG,TT,GG,TT,GG,GG,GG,TT,GG,GG,GG,GG,TT,TT,GG,GG,GG,GG,TT,TT,GG,GG,GG,TT,GG,GG,GG,GG,GG,GG
IWA5963*,0.95,,AA,AA,AA,AA,AA,AA,AA,AA,AA,AA,AA,AA,AA,AA,AA,AA,AA,AA,AA,AA,AA,AA,AA,AA,AA,AA,AA,AA,AA,AA,AA,AA,AA,AA,AA,AA,AA,AA,AA,AA,AA,AA,AA,AA,AA,AA,AA,CC,AA,AA,AA,AA,AA,AA,AA,AA,AA,AA,AA,AA,AA,AA,AA,AA,AA,AA,AA,AA,AA,AA,AA,AA,AA,AA,AA,AA,AA,AA,AA,AA,AA,AA,AA,AA,AA,AA,AA,AA,AA,AA,AA,AA,AA,AA,AA,AA,AA,AA,AA,AA,AA,AA,AA,AA,AA,AA,AA,AA,AA,AA,AA,AA,AA,AA,AA,AA,AA,AA,AA,AA,AA,AA,AA,AA,AA,AA,AA,AA,AA,AA,AA,AA,AA,AA,AA,AA,AA,AA,AA,AA,AA,AA,AA,AA,AA,AA,AA,AA,AA,AA,AA,AA,AA,AA,AA,AA,AA,AA,AA,AA,AA,AA,AA,AA,AA,AA,AA,AA,AA,AA,AA,AA,AA,AA,AA,AA,AA,AA,AA,AA,AA,AA,CC,AA,AA,AA,AA,AA,AA,AA,AA,AA,AA,AA,AA,AA,AA,AA,AA,AA,AA,AA,AA,AA,AA,AA,AA,AA,AA,AA,AA,AA,AA,AA,AA,AA,AA,AA,AA,AA,AA,AA,AA,AA,AA,AA,AA,AA,AA,AA,AA,AA,AA,AA,AA,AA,AA,AA,AA,AA,AA,AA,AA,AA,AA,AA,AA,AA,AA,AA,AA,AA,AA,AA,AA,AA,AA,AA,AA,AA,AA,AA,AA,AA,AA,AA,AA,AA,CC,AA,AA,AA,AA,AA,AA,AA,AA,AA,AA,AA,AA,AA,AA,AA,AA,AA,AA,AA,AA,AA,AA,AA,AA,AA,AA,AA,AA,AA,AA,AA,AA,AA,AA,AA,AA,AA,AA,AA,AA,CC,AA,AA,AA,AA,AA,AA,AA,AA,AA,AA,AA,AA,AA,AA,AA,AA,AA,AA,AA,AA,AA,AA,AA,AA,AA,AA,AA,AA,AA,AA,AA,AA,AA,AA,AA,AA,AA,AA,AA,AA,AA,AA,AA,AA,AA,AA,AA,AA,AA,AA,AA,AA,AA,AA,AA,AA,AA,AA,AA,AA,AA,AA,AA,AA,AA,AA,AA,AA,AA,AA,AA,AA,AA,AA,AA,AA,AA,AA,AA,AA,AA,AA,AA,AA,AA,AA,AA,AA,AA,AA,AA,AA,AA,AA,AA,AA,AA,AA,AA,AA,AA,AA,AA,AA,AA,AA,AA,AA,AA,AA,AA,AA,AA,AA,AA,AA,AA,AA,AA,AA,AA,AA,AA,AA,AA,AA,AA,AA,AA,AA,AA,AA,AA,AA,AA,AA,AA,AA,AA,AA,AA,AA,AA,AA,AA,AA,AA,AA,CC,AA,AA,AA,AA,AA,AA,AA,AA,AA,AA,AA,AA,CC,CC,AA,AA,AA,AA,AA,AA,AA,AA,AA,AA,AA,AA,NN,AA,AA,AA,AA,AA,AA,AA,AA,AA,AA,AA,AA,AA,AA,AA,AA,AA,AA,AA,AA,AA,AA,AA,AA,AA,AA,AA,AA,AA,AA,AA,AA,AA,AA,AA,AA,AA,AA,AA,AA,AA,AA,AA,AA,AA,AA,AA,AA,AA,AA,AA,AA,AA,AA,AA,AA,AA,AA,AA,AA,AA,AA,AA,AA,AA,AA,AA,AA,AA,AA,AA,AA,AA,AA,AA,AA,AA,AA,AA,AA,AA,AA,AA,AA,AA,AA,AA,AA,AA,AA,AA,AA,AA,AA,AA,AA,AA,AA,AA,AA,AA,AA,AA,AA,AA,AA,AA,AA,AA,AA,AA,AA,AA,AA,AA,AA,AA,AA,AA,AA,AA,AA,AA,AA,AA,AA,AA,AA,AA,AA,AA,AA,AA,AA,AA,AA,AA,AA,AA,AA,AA,AA,AA,AA,AA,AA,AA,AA,AA,AA,AA,AA,AA,AA,AA,AA,AA,AA,AA,AA,AA,AA,AA,AA,AA,AA,AA,AA,AA,AA,AA,CC,AA,AA,AA,AA,AA,AA,AA,AA,AA,AA,AA,AA,AA,AA,AA,AA,AA,AA,AA,AA,AA,CC,AA,AA,AA,AA,AA,AA,AA,AA,AA,AA,AA,AA,AA,AA,AA,AA,AA,AA,AA,AA,AA,AA,AA,AA,AA,CC,AA,AA,AA,AA,AA,AA,AA,AA,AA,AA,AA,AA,AA,AA,AA,AA,AA,AA,AA,AA,AA,AA,AA,AA,AA,AA,AA,AA,AA,AA,AA,CC,AA,AA,AA,AA,AA,AA,AA,AA,AA,AA,AA,AA,AA,AA,AA,AA,AA,AA,AA,AA,AA,AA,AA,AA,AA,AA,AA,AA,AA,CC,AA,AA,AA,AA,AA,AA,AA,AA,AA,AA,NN,AA,AA,AA,AA,AA,AA,AA,CC,AA,AA,AA,AA,AA,AA,AA,AA,AA,AA,AA,AA,AA,AA,AA,AA,AA,AA,AA,AA,AA,CC,AA,AA,AA,AA,CC,AA,AA,AA,AA,AA,AA,AA,AA,AA,AA,AA,AA,AA,AA,AA,AA,AA,AA,AA,AA,AA,AA,AA,AA,AA,AA,AA,AA,AA,AA,AA,AA,AA,AA,AA,AA,AA,AA,AA,AA,AA,AA,AA,AA,AA,CC,AA,AA,AA,CC,AA,AA,AA,AA,AA,AA,AA,AA,AA,AA,AA,AA,AA,NN,AA,CC,AA,AA,AA,AA,AA,AA,AA,AA,AA,AA,AA,AA,AA,AA,AA,AA,AA,AA,AA,AA,AA,AA,AA,AA,AA,AA,AA,AA,CC,AA,AA,AA,AA,AA,AA,AA,AA,AA,AA,AA,AA,AA,AA,AA,AA,AA,AA,CC,AA,AA,AA,AA,AA,AA,AA,AA,AA,AA,AA,CC,AA,AA,AA,AA,AA,AA,AA,AA,AA,AA,AA,AA,AA,AA,AA,NN,NN,AA,AA,AA,AA,AA,AA,AA,AA,AA,AA,CC,AA,CC,AA,AA,AA,AA,AA,AA,CC,AA,AA,AA,AA,AA,AA,AA,AA,CC,CC,CC,AA,AA,AA,AA,AA,AA,AA,AA,CC,AA,AA,CC,AA,AA,CC,AA,AA,CC,CC,AA,AA,AA,AA,AA,AA,AA,AA,CC,CC,AA,AA,AA,AA,AA,AA,AA,AA,CC,AA,AA,AA,CC,AA,AA,CC,AA,CC,AA,AA,AA,AA,AA,AA,AA,AA,AA,AA,AA,AA,AA,AA,AA,AA,AA,AA,AA,AA,AA,AA,AA,AA,AA,AA,NN,AA,AA,AA,AA,AA,AA,AA,AA,AA,AA,AA,AA,AA,AA,AA,AA,AA,AA,AA,AA,AA,CC,AA,AA,AA,AA,AA,AA,AA,CC,AA,AA,AA,AA,AA,AA,AA,AA,AA,AA,AA,CC,AA,CC,AA,AA,CC,CC,AA,AA,AA,CC,AA,AA,AA,AA,AA,AA,AA,NN,CC,CC,CC,AA,AA,AA,CC,CC,AA,CC,CC,CC,AA,AA,AA,AA,AA,CC,AA,AA,AA,AA,AA,AA,AA,CC,AA,AA,AA,CC,AA,AA,AA,AA,AA,AA,AA,AA,AA,CC,AA,AA,AA,AA,CC,AA,AA,AA,AA,CC,AA,CC,AA
IWA5779*,0.22,,TT,TT,TT,TT,TT,TT,TT,TT,CC,CC,CC,CC,CC,TT,CC,CC,CC,TT,CC,TT,TT,TT,TT,CC,CC,CC,TT,TT,CC,TT,TT,TT,CC,CC,CC,TT,CC,CC,TT,CC,CC,CC,TT,TT,CC,CC,TT,TT,CC,TT,CC,TT,CC,CC,CC,CC,CC,CC,CC,CC,TT,TT,TT,CC,CC,TT,TT,TT,CC,CC,CC,CC,CC,TT,CC,CC,TT,CC,CC,TT,TT,TT,TT,CC,TT,TT,TT,TT,CC,TT,TT,TT,CC,TT,TT,TT,TT,TT,CC,CC,CC,TT,TT,CC,CC,TT,CC,CC,CC,TT,TT,TT,CC,TT,TT,CC,TT,TT,TT,TT,CC,CC,TT,TT,CC,TT,CC,TT,CC,TT,TT,CC,CC,CC,CC,TT,CC,CC,TT,TT,TT,TT,CC,CC,CC,CC,CC,CC,TT,CC,CC,CC,CC,CC,TT,TT,CC,CC,CC,CC,CC,CC,CC,CC,CC,CC,CC,CC,CC,TT,CC,CC,CC,CC,TT,CC,CC,CC,TT,TT,CC,TT,CC,TT,CC,CC,CC,CC,TT,CC,CC,CC,CC,CC,CC,CC,CC,CC,TT,CC,CC,TT,TT,CC,TT,CC,TT,CC,CC,CC,CC,TT,CC,CC,CC,TT,TT,CC,CC,CC,TT,TT,CC,CC,TT,CC,TT,CC,CC,TT,CC,TT,CC,TT,CC,CC,TT,CC,TT,CC,TT,TT,TT,CC,CC,TT,TT,TT,CC,TT,CC,CC,CC,CC,CC,CC,CC,CC,TT,CC,CC,CC,TT,CC,CC,CC,CC,CC,CC,TT,CC,TT,CC,CC,CC,CC,CC,TT,TT,CC,TT,TT,CC,TT,CC,TT,TT,CC,CC,CC,CC,CC,CC,CC,CC,CC,CC,TT,CC,CC,CC,CC,CC,TT,TT,CC,TT,CC,CC,CC,CC,TT,CC,CC,TT,TT,TT,TT,CC,CC,CC,CC,TT,TT,TT,CC,CC,CC,TT,CC,CC,CC,CC,TT,CC,CC,CC,CC,CC,CC,CC,CC,CC,CC,CC,CC,CC,CC,CC,TT,TT,TT,TT,CC,CC,CC,CC,CC,CC,TT,CC,CC,TT,CC,CC,CC,TT,TT,CC,CC,CC,CC,TT,CC,TT,CC,TT,CC,CC,CC,CC,CC,TT,CC,CC,CC,CC,CC,CC,CC,CC,CC,TT,CC,CC,CC,TT,CC,TT,TT,TT,CC,CC,CC,CC,TT,TT,CC,TT,TT,CC,TT,TT,TT,CC,CC,CC,TT,CC,CC,CC,CC,TT,CC,CC,CC,CC,CC,CC,TT,TT,CC,CC,CC,CC,TT,CC,CC,CC,TT,TT,TT,TT,TT,CC,CC,CC,TT,CC,CC,CC,CC,CC,CC,CC,CC,CC,CC,CC,CC,TT,CC,CC,CC,TT,CC,CC,CC,CC,CC,CC,CC,CC,CC,TT,CC,CC,CC,CC,TT,CC,CC,CC,CC,TT,TT,CC,CC,CC,CC,CC,CC,CC,TT,TT,CC,CC,CC,CC,CC,CC,CC,CC,CC,CC,TT,TT,CC,TT,CC,CC,CC,CC,CC,CC,TT,CC,TT,CC,TT,CC,CC,CC,CC,CC,CC,CC,CC,TT,CC,CC,TT,TT,CC,CC,CC,CC,CC,TT,CC,CC,CC,CC,TT,TT,CC,CC,CC,TT,NN,CC,TT,CC,CC,CC,CC,CC,CC,CC,TT,CC,CC,CC,CC,CC,CC,CC,CC,CC,CC,CC,CC,CC,CC,CC,CC,CC,TT,TT,TT,TT,CC,CC,CC,CC,CC,TT,CC,CC,CC,CC,CC,CC,CC,CC,CC,CC,CC,CC,TT,CC,CC,CC,CC,TT,CC,CC,TT,CC,CC,CC,CC,CC,CC,CC,TT,CC,CC,CC,CC,TT,CC,CC,CC,CC,CC,CC,CC,CC,CC,NN,CC,CC,TT,CC,CC,TT,CC,CC,TT,CC,TT,CC,CC,CC,CC,CC,CC,CC,CC,CC,TT,TT,CC,CC,CC,CC,CC,CC,CC,CC,CC,CC,CC,CC,CC,CC,CC,CC,CC,TT,CC,CC,CC,CC,CC,CC,CC,CC,CC,CC,CC,CC,CC,CC,CC,CC,CC,TT,CC,CC,TT,CC,CC,CC,TT,CC,CC,CC,CC,CC,CC,CC,CC,CC,CC,CC,TT,CC,CC,CC,CC,CC,CC,CC,CC,CC,CC,CC,CC,CC,CC,CC,CC,CC,CC,CC,CC,CC,CC,CC,CC,CC,CC,CC,CC,CC,CC,CC,CC,CC,CC,CC,CC,CC,CC,CC,NN,CC,CC,CC,CC,CC,TT,CC,CC,CC,TT,TT,CC,CC,CC,CC,CC,CC,CC,CC,CC,TT,CC,CC,CC,CC,CC,CC,CC,CC,CC,TT,CC,CC,CC,CC,CC,CC,CC,CC,CC,CC,CC,CC,CC,CC,CC,CC,CC,CC,CC,CC,CC,CC,CC,TT,CC,CC,CC,CC,CC,CC,CC,CC,TT,CC,CC,CC,CC,CC,CC,CC,CC,CC,CC,CC,CC,CC,CC,CC,CC,CC,CC,CC,CC,CC,CC,CC,CC,CC,CC,CC,CC,CC,CC,CC,CC,CC,CC,CC,TT,TT,CC,TT,CC,TT,CC,CC,CC,CC,CC,TT,CC,CC,CC,CC,CC,NN,CC,CC,CC,CC,CC,CC,CC,CC,CC,CC,CC,CC,TT,TT,CC,CC,CC,CC,CC,CC,CC,TT,TT,CC,CC,CC,CC,CC,CC,CC,CC,TT,CC,CC,CC,CC,CC,CC,CC,CC,CC,CC,CC,CC,CC,CC,CC,CC,CC,CC,CC,CC,CC,CC,CC,CC,CC,CC,TT,CC,CC,CC,CC,CC,CC,CC,TT,TT,TT,TT,CC,CC,CC,CC,CC,CC,CC,CC,CC,CC,CC,CC,CC,CC,CC,CC,CC,CC,CC,CC,TT,TT,CC,CC,CC,CC,TT,CC,CC,CC,CC,CC,CC,CC,CC,CC,TT,CC,CC,CC,CC,CC,TT,CC,CC,CC,CC,CC,CC,CC,CC,CC,CC,CC,CC,CC,CC,CC,CC,CC,CC,CC,CC,CC,CC,CC,CC,CC,CC,CC,CC,CC,CC,CC,CC,CC,CC,CC,CC,CC,TT,CC,CC,CC,CC,CC,CC,CC,CC,CC,CC,CC,CC,CC,CC,CC,CC,CC,TT,CC,CC,CC,CC,CC,TT,CC,CC,CC,CC,CC,CC,CC,CC,CC,CC,CC,CC,CC,CC,CC,CC,CC,CC,CC,CC,CC,TT,CC,CC,CC,CC,CC,TT,TT,TT,CC,CC,CC,CC,CC,CC,CC,CC,CC,CC,CC,CC,CC,CC,CC,CC,CC,CC,CC,CC,CC,CC,TT,TT,TT,CC,CC,TT,CC,TT,CC,CC,CC,CC,CC,CC,CC,CC,CC,CC,CC,CC,CC,CC,CC,CC,CC,CC,CC,CC,CC,TT,CC,CC,CC,CC,CC,CC,CC,CC,CC,CC,CC,CC,CC,CC,TT,CC,CC,CC,CC,CC,CC,CC,CC,CC,CC,CC,CC,CC,CC,CC,CC,CC,CC,CC,CC,CC,NN,CC,CC,CC,CC,CC,CC,TT,CC,CC,CC,CC,NN,CC,CC,CC,CC
IWA6018*,0.64,,TT,TT,TT,TT,TT,TT,TT,TT,CC,CC,CC,CC,CC,TT,TT,TT,TT,CC,CC,TT,TT,TT,TT,TT,TT,TT,TT,TT,TT,TT,TT,TT,TT,CC,TT,TT,CC,TT,TT,TT,CC,TT,TT,TT,TT,TT,TT,CC,TT,TT,TT,TT,TT,CC,CC,TT,TT,TT,TT,TT,TT,TT,TT,TT,TT,TT,TT,TT,TT,TT,TT,TT,TT,TT,TT,TT,TT,CC,CC,CC,TT,TT,TT,TT,TT,TT,TT,TT,TT,TT,TT,TT,TT,TT,TT,TT,TT,TT,TT,TT,TT,TT,TT,TT,TT,TT,TT,CC,TT,TT,TT,TT,TT,TT,CC,TT,TT,TT,TT,TT,TT,NN,TT,TT,TT,TT,TT,TT,TT,TT,TT,TT,TT,TT,TT,TT,TT,TT,TT,TT,TT,TT,TT,CC,CC,TT,TT,TT,TT,TT,TT,TT,TT,CC,TT,TT,TT,TT,TT,TT,TT,TT,TT,TT,TT,TT,TT,TT,TT,TT,TT,TT,TT,TT,TT,TT,TT,CC,CC,TT,TT,TT,CC,TT,TT,TT,TT,TT,TT,TT,TT,TT,TT,CC,TT,TT,TT,TT,TT,TT,TT,TT,TT,TT,TT,TT,TT,TT,TT,TT,TT,CC,TT,TT,TT,TT,TT,TT,TT,TT,CC,TT,TT,TT,TT,TT,CC,TT,TT,TT,TT,TT,TT,TT,TT,CC,TT,TT,TT,TT,TT,TT,CC,TT,TT,TT,TT,TT,CC,TT,TT,TT,TT,TT,TT,TT,TT,TT,TT,TT,TT,CC,TT,CC,CC,CC,CC,CC,CC,TT,TT,TT,TT,TT,TT,TT,TT,TT,TT,TT,TT,TT,TT,TT,CC,TT,TT,CC,TT,TT,TT,TT,CC,TT,TT,TT,TT,TT,TT,TT,TT,TT,TT,TT,TT,TT,TT,TT,CC,CC,CC,TT,TT,TT,TT,TT,TT,TT,TT,TT,CC,TT,TT,TT,TT,TT,TT,CC,TT,TT,TT,TT,TT,TT,CC,TT,TT,CC,CC,TT,TT,TT,TT,TT,TT,CC,TT,CC,CC,TT,CC,CC,TT,TT,TT,TT,TT,TT,TT,TT,TT,TT,TT,CC,TT,TT,TT,TT,TT,TT,TT,TT,TT,TT,TT,TT,CC,TT,TT,TT,TT,TT,TT,TT,TT,CC,CC,TT,TT,TT,TT,TT,TT,TT,CC,CC,TT,TT,TT,TT,TT,TT,CC,CC,CC,TT,TT,TT,TT,TT,TT,TT,TT,TT,TT,TT,TT,TT,TT,TT,TT,TT,TT,TT,CC,CC,TT,CC,CC,TT,TT,TT,CC,CC,TT,CC,CC,TT,TT,TT,CC,TT,TT,TT,TT,TT,TT,TT,TT,TT,TT,TT,TT,TT,TT,TT,TT,CC,CC,TT,TT,TT,TT,TT,TT,CC,TT,TT,CC,CC,CC,CC,CC,TT,TT,TT,TT,TT,CC,CC,CC,TT,CC,TT,TT,CC,TT,TT,TT,CC,CC,CC,TT,TT,TT,TT,TT,CC,TT,TT,TT,TT,TT,TT,TT,CC,CC,TT,CC,CC,TT,CC,TT,TT,TT,TT,TT,TT,TT,TT,TT,CC,TT,TT,TT,TT,TT,TT,TT,CC,TT,CC,CC,TT,TT,CC,CC,TT,TT,TT,TT,TT,CC,TT,TT,TT,TT,TT,CC,TT,TT,TT,TT,TT,TT,TT,TT,TT,TT,TT,TT,CC,CC,TT,TT,TT,TT,TT,TT,TT,TT,TT,TT,TT,TT,TT,TT,TT,TT,TT,TT,TT,TT,TT,TT,TT,TT,CC,CC,CC,CC,TT,TT,TT,TT,TT,TT,TT,TT,CC,CC,TT,TT,TT,TT,TT,CC,CC,TT,TT,CC,TT,CC,CC,CC,TT,TT,TT,TT,TT,TT,TT,TT,TT,CC,TT,TT,TT,TT,TT,TT,TT,TT,TT,CC,CC,CC,TT,TT,TT,TT,TT,CC,CC,CC,CC,CC,CC,CC,CC,TT,TT,TT,TT,TT,CC,TT,CC,TT,TT,TT,TT,CC,CC,TT,TT,CC,TT,TT,CC,TT,TT,TT,CC,TT,TT,CC,CC,TT,TT,CC,TT,TT,TT,CC,TT,TT,TT,TT,TT,TT,CC,CC,TT,TT,TT,CC,TT,TT,TT,TT,TT,CC,TT,CC,CC,TT,CC,TT,TT,TT,TT,TT,TT,CC,TT,TT,CC,CC,CC,CC,CC,CC,CC,CC,TT,CC,CC,CC,CC,CC,CC,CC,CC,CC,CC,CC,CC,CC,CC,CC,CC,CC,CC,CC,TT,TT,TT,TT,TT,TT,TT,TT,TT,TT,TT,TT,TT,TT,TT,CC,CC,CC,CC,CC,TT,TT,CC,TT,TT,TT,TT,TT,TT,TT,TT,TT,TT,TT,TT,TT,TT,CC,CC,CC,CC,CC,CC,CC,CC,CC,CC,CC,CC,CC,CC,TT,CC,TT,TT,TT,TT,TT,TT,CC,TT,CC,TT,CC,TT,CC,TT,CC,CC,CC,CC,CC,CC,CC,CC,CC,CC,CC,CC,CC,CC,CC,CC,CC,TT,TT,TT,TT,TT,TT,CC,TT,TT,TT,TT,TT,TT,CC,TT,TT,TT,TT,CC,CC,TT,TT,TT,TT,CC,TT,CC,CC,CC,CC,CC,CC,CC,CC,CC,CC,CC,CC,CC,CC,TT,TT,TT,TT,TT,TT,TT,TT,CC,NN,CC,TT,TT,CC,CC,CC,TT,TT,CC,TT,CC,CC,TT,TT,CC,CC,TT,TT,TT,TT,CC,TT,TT,TT,TT,TT,TT,CC,CC,CC,CC,CC,CC,CC,CC,CC,CC,CC,CC,CC,CC,CC,CC,CC,TT,TT,TT,TT,TT,CC,CC,TT,TT,TT,TT,TT,TT,TT,TT,TT,CC,CC,CC,CC,CC,CC,CC,CC,CC,CC,TT,CC,CC,TT,CC,TT,TT,CC,TT,TT,TT,TT,TT,TT,TT,TT,TT,TT,TT,CC,CC,TT,TT,CC,TT,CC,TT,TT,TT,CC,CC,CC,CC,CC,CC,CC,CC,CC,CC,CC,CC,CC,CC,CC,TT,TT,CC,TT,CC,TT,CC,TT,CC,CC,CC,TT,CC,CC,CC,CC,CC,CC,CC,CC,CC,CC,CC,CC,CC,CC,CC,CC,CC,CC,CC,CC,CC,CC,CC,TT,TT,TT,TT,CC,CC,CC,TT,CC,TT,CC,TT,TT,TT,CC,CC,CC,CC,CC,CC,CC,CC,CC,CC,CC,TT,CC,CC,CC,CC,CC,CC,CC,CC,TT,TT,TT,TT,TT,TT,TT,CC,TT,TT,CC,TT,TT,CC,CC,CC,CC,CC,CC,CC,CC,CC,CC,CC,CC,CC,TT,TT,TT,CC,TT,TT,CC,TT,CC,CC,TT,TT,TT,TT,CC,CC,CC,CC,CC,CC,CC,CC,CC,CC,CC,CC,CC,TT,TT,TT,TT,CC,TT,CC,CC,CC,CC,CC,CC,CC,CC,CC,CC,CC,CC,CC,CC,CC,TT,TT,CC,CC,TT,TT,TT,TT,TT,TT,CC,CC,CC,CC,CC,CC,CC,TT,CC,CC,TT,CC,CC,CC,TT,CC,TT,CC,CC,CC,CC,CC,TT,CC,CC,CC,CC,CC,TT
IWA606‡,0.15,,AA,AA,AA,AA,AA,AA,AA,AA,AA,AA,AA,AA,AA,AA,AA,AA,AA,AA,AA,AA,AA,AA,AA,GG,AA,AA,AA,AA,AA,AA,GG,GG,GG,AA,AA,AA,AA,AA,AA,AA,AA,AA,AA,AA,GG,GG,AA,AA,AA,AA,AA,GG,AA,AA,AA,GG,GG,GG,GG,GG,AA,AA,AA,AA,AA,AA,AA,AA,AA,AA,AA,GG,AA,AA,AA,GG,GG,AA,AA,AA,AA,AA,AA,AA,GG,GG,AA,AA,GG,GG,GG,GG,AA,AA,AA,AA,AA,AA,AA,AA,AA,AA,AA,AA,AA,GG,AA,AA,AA,GG,GG,GG,AA,AA,AA,AA,GG,GG,AA,GG,AA,AA,AA,AA,AA,GG,AA,GG,GG,GG,AA,GG,GG,GG,AA,AA,AA,AA,AA,AA,AA,AA,AA,AA,AA,AA,AA,AA,AA,AA,AA,AA,AA,GG,AA,AA,AA,GG,AA,GG,GG,AA,AA,AA,AA,AA,AA,AA,AA,GG,AA,AA,GG,GG,GG,AA,AA,AA,AA,AA,AA,AA,AA,AA,GG,GG,AA,GG,AA,AA,AA,AA,AA,AA,GG,GG,AA,AA,GG,GG,AA,AA,AA,AA,AA,GG,GG,GG,AA,AA,GG,AA,AA,AA,AA,GG,GG,AA,AA,GG,AA,AA,AA,GG,GG,AA,AA,AA,AA,GG,GG,AA,AA,AA,GG,AA,AA,AA,AA,AA,AA,AA,AA,GG,AA,AA,AA,AA,AA,GG,GG,AA,AA,AA,AA,AA,AA,AA,AA,AA,AA,AA,AA,AA,AA,AA,AA,AA,AA,AA,AA,AA,AA,AA,GG,AA,AA,GG,AA,AA,AA,AA,AA,AA,AA,AA,GG,AA,AA,AA,AA,AA,AA,AA,AA,AA,GG,AA,AA,GG,AA,AA,GG,AA,GG,GG,GG,GG,AA,AA,AA,AA,AA,AA,AA,AA,AA,AA,AA,AA,AA,GG,AA,AA,GG,AA,AA,AA,AA,AA,AA,AA,AA,GG,AA,GG,AA,AA,AA,AA,GG,GG,AA,GG,AA,AA,GG,AA,AA,GG,AA,AA,GG,AA,AA,AA,AA,AA,AA,GG,AA,AA,AA,AA,AA,AA,AA,GG,AA,AA,AA,AA,GG,AA,AA,AA,AA,AA,AA,GG,AA,GG,GG,GG,GG,AA,AA,AA,AA,AA,GG,AA,GG,AA,GG,AA,AA,GG,AA,AA,GG,AA,AA,AA,AA,AA,AA,AA,GG,GG,AA,AA,AA,GG,AA,AA,AA,GG,AA,AA,AA,AA,AA,AA,AA,AA,AA,AA,AA,AA,AA,AA,AA,AA,GG,AA,AA,AA,AA,AA,GG,AA,AA,GG,AA,AA,AA,AA,AA,AA,AA,AA,AA,GG,GG,GG,AA,AA,AA,GG,AA,AA,AA,AA,AA,AA,GG,AA,AA,AA,AA,AA,AA,AA,AA,GG,AA,GG,AA,GG,AA,AA,GG,AA,AA,AA,AA,GG,AA,AA,AA,AA,AA,AA,GG,AA,AA,AA,AA,AA,GG,AA,AA,AA,AA,AA,AA,AA,AA,AA,AA,AA,GG,AA,AA,GG,AA,GG,GG,GG,AA,GG,AA,AA,AA,GG,AA,AA,AA,AA,AA,AA,GG,GG,AA,AA,AA,AA,AA,AA,GG,AA,AA,AA,AA,AA,AA,AA,GG,AA,AA,AA,AA,GG,AA,AA,GG,AA,AA,AA,AA,AA,AA,GG,AA,AA,AA,AA,AA,AA,AA,AA,AA,AA,AA,AA,AA,AA,AA,AA,AA,AA,AA,AA,AA,AA,GG,AA,AA,AA,AA,AA,AA,GG,AA,AA,AA,AA,AA,AA,AA,NN,NN,NN,AA,AA,AA,GG,AA,GG,AA,AA,AA,AA,AA,GG,AA,AA,AA,AA,NN,AA,AA,GG,AA,AA,AA,AA,AA,AA,AA,AA,AA,NN,GG,AA,AA,AA,AA,AA,AA,AA,AA,AA,AA,AA,AA,AA,AA,AA,GG,AA,GG,AA,AA,AA,AA,AA,AA,GG,AA,AA,AA,AA,AA,AA,AA,AA,AA,AA,AA,AA,AA,AA,AA,AA,AA,AA,AA,AA,AA,AA,AA,AA,AA,AA,AA,AA,AA,AA,AA,GG,AA,NN,AA,GG,AA,AA,GG,GG,GG,GG,AA,AA,AA,AA,AA,AA,AA,AA,AA,AA,AA,AA,AA,AA,AA,AA,AA,AA,AA,AA,AA,AA,AA,AA,AA,AA,AA,AA,AA,AA,AA,AA,AA,AA,AA,AA,AA,AA,AA,AA,AA,AA,AA,AA,AA,AA,AA,AA,AA,AA,AA,AA,AA,AA,AA,GG,GG,AA,AA,AA,AA,AA,AA,AA,AA,AA,GG,AA,GG,GG,AA,AA,AA,AA,AA,AA,AA,AA,AA,AA,AA,AA,AA,AA,AA,AA,AA,AA,AA,AA,AA,AA,AA,AA,GG,AA,AA,AA,AA,AA,GG,AA,AA,AA,AA,AA,AA,AA,AA,GG,AA,AA,AA,AA,AA,AA,AA,AA,AA,AA,AA,AA,AA,AA,AA,AA,AA,AA,AA,AA,AA,AA,AA,AA,AA,AA,AA,AA,GG,GG,AA,NN,NN,AA,AA,AA,AA,AA,GG,AA,AA,AA,AA,AA,AA,AA,AA,AA,AA,AA,AA,AA,AA,AA,AA,AA,AA,AA,AA,AA,AA,AA,AA,AA,AA,AA,AA,AA,AA,AA,AA,AA,AA,AA,AA,AA,AA,AA,AA,AA,AA,AA,AA,AA,AA,AA,AA,AA,AA,GG,AA,AA,AA,AA,AA,AA,AA,AA,AA,AA,AA,AA,AA,AA,AA,AA,AA,AA,AA,AA,AA,AA,AA,AA,AA,AA,AA,AA,AA,AA,GG,AA,GG,AA,AA,AA,AA,AA,AA,AA,AA,AA,AA,AA,AA,AA,AA,AA,AA,AA,AA,AA,AA,AA,AA,AA,AA,AA,AA,AA,AA,AA,AA,AA,AA,AA,AA,AA,AA,GG,AA,AA,GG,AA,GG,AA,AA,AA,AA,AA,AA,AA,AA,AA,AA,AA,AA,AA,AA,AA,AA,AA,AA,AA,AA,AA,AA,AA,GG,AA,AA,AA,AA,AA,AA,AA,AA,AA,AA,AA,AA,AA,AA,AA,AA,AA,AA,AA,AA,AA,AA,AA,AA,AA,AA,AA,AA,AA,AA,AA,AA,AA,AA,AA,AA,AA,AA,AA,AA,AA,AA,AA,AA,AA,AA,AA,AA,AA,AA,AA,AA,AA,AA,AA,AA,AA,AA,AA,AA,AA,AA,AA,AA,AA,AA,GG,AA,AA,AA,AA,AA,AA,AA,AA,AA,AA,AA,AA,AA,AA,AA,AA,AA,AA,AA,AA,AA,AA,AA,AA,AA,AA,GG,AA,AA,AA,AA,AA,AA,AA,AA,AA,AA,AA,AA,AA,AA,AA,AA,AA,AA,AA,AA,AA,AA,AA,AA,AA,AA,AA,AA,AA,AA,AA,AA,AA,AA,AA,AA,AA,AA,AA,AA,AA,AA,AA,AA,AA,AA,AA,AA,AA,AA,AA,AA,AA,AA,AA,AA,AA,AA,AA,AA,AA,AA,AA,AA,AA,AA,AA,AA,AA,AA,AA,AA,AA,AA,AA,AA,AA,AA,AA,AA
IWA5915†,0.66,,CC,CC,CC,CC,CC,CC,CC,CC,CC,CC,CC,CC,CC,CC,CC,CC,CC,CC,CC,TT,TT,CC,CC,CC,CC,CC,CC,CC,CC,CC,CC,CC,CC,CC,CC,CC,CC,CC,CC,CC,CC,CC,CC,CC,CC,CC,CC,CC,CC,CC,CC,CC,CC,CC,CC,CC,CC,CC,CC,CC,CC,CC,CC,CC,CC,CC,CC,CC,CC,CC,CC,CC,CC,CC,TT,CC,CC,CC,TT,CC,CC,CC,CC,CC,CC,CC,CC,CC,CC,TT,TT,TT,CC,CC,CC,CC,CC,CC,CC,CC,CC,CC,CC,CC,CC,CC,CC,CC,CC,TT,TT,TT,CC,CC,CC,CC,TT,TT,CC,CC,CC,CC,CC,CC,CC,CC,TT,TT,TT,TT,CC,CC,CC,CC,CC,CC,CC,CC,CC,CC,CC,CC,CC,CC,CC,CC,CC,TT,CC,CC,CC,CC,CC,CC,CC,CC,CC,CC,CC,CC,CC,CC,CC,CC,CC,CC,CC,CC,CC,CC,CC,CC,CC,CC,CC,CC,CC,CC,CC,CC,CC,CC,CC,CC,CC,CC,CC,CC,CC,CC,TT,CC,CC,CC,CC,CC,CC,CC,CC,CC,CC,CC,CC,CC,CC,TT,CC,CC,CC,CC,CC,CC,CC,TT,CC,TT,CC,CC,CC,TT,CC,CC,CC,TT,CC,CC,TT,TT,TT,CC,CC,CC,CC,CC,CC,CC,CC,CC,CC,CC,TT,TT,CC,CC,CC,CC,CC,CC,TT,TT,CC,CC,CC,CC,CC,CC,CC,CC,CC,CC,CC,CC,CC,CC,CC,CC,CC,CC,CC,CC,CC,CC,CC,CC,CC,CC,TT,CC,CC,CC,TT,CC,CC,CC,CC,CC,TT,CC,TT,CC,TT,CC,CC,CC,CC,CC,CC,CC,CC,CC,CC,CC,CC,CC,TT,CC,CC,CC,CC,CC,TT,CC,CC,TT,CC,CC,CC,CC,CC,CC,CC,CC,CC,CC,CC,CC,CC,CC,CC,CC,TT,CC,CC,CC,TT,CC,CC,TT,CC,CC,CC,CC,CC,TT,CC,CC,TT,TT,CC,CC,CC,TT,CC,TT,CC,CC,CC,CC,CC,CC,CC,CC,CC,CC,CC,CC,CC,NN,CC,CC,CC,CC,CC,CC,CC,CC,CC,CC,CC,TT,CC,CC,TT,CC,CC,CC,CC,CC,CC,CC,CC,CC,TT,CC,TT,CC,CC,CC,CC,CC,CC,CC,CC,CC,TT,TT,CC,CC,TT,CC,CC,CC,CC,CC,CC,TT,CC,CC,CC,TT,CC,CC,CC,TT,CC,CC,TT,CC,CC,TT,CC,CC,TT,TT,CC,CC,CC,CC,CC,CC,CC,CC,CC,CC,CC,CC,CC,TT,CC,CC,CC,CC,TT,CC,CC,CC,CC,CC,TT,TT,TT,CC,CC,TT,CC,CC,TT,CC,CC,TT,TT,TT,TT,CC,CC,CC,CC,CC,TT,TT,CC,CC,CC,CC,TT,TT,CC,CC,CC,CC,TT,TT,CC,CC,TT,CC,TT,TT,CC,TT,TT,CC,TT,CC,CC,TT,TT,CC,TT,CC,CC,CC,CC,CC,TT,CC,CC,TT,CC,CC,CC,CC,CC,CC,CC,CC,CC,CC,CC,CC,CC,CC,TT,CC,TT,TT,TT,TT,CC,CC,CC,TT,CC,CC,CC,CC,CC,TT,CC,TT,CC,CC,CC,CC,CC,TT,CC,CC,CC,CC,TT,TT,TT,NN,CC,CC,CC,CC,CC,CC,CC,CC,CC,CC,CC,CC,CC,CC,CC,CC,TT,NN,CC,CC,CC,CC,CC,CC,CC,CC,CC,CC,CC,CC,CC,CC,TT,CC,TT,TT,CC,TT,TT,TT,CC,CC,TT,CC,CC,TT,CC,CC,TT,CC,CC,CC,CC,CC,CC,CC,CC,CC,CC,CC,CC,CC,CC,CC,CC,CC,CC,CC,CC,CC,TT,CC,CC,CC,CC,TT,CC,CC,TT,TT,CC,CC,CC,CC,CC,CC,CC,CC,CC,TT,CC,TT,CC,TT,TT,TT,CC,CC,CC,TT,CC,CC,CC,CC,CC,TT,CC,CC,CC,TT,CC,CC,TT,CC,TT,CC,TT,CC,CC,CC,CC,TT,CC,CC,TT,CC,CC,CC,CC,TT,CC,TT,TT,TT,CC,CC,CC,CC,TT,CC,CC,CC,TT,CC,CC,CC,CC,CC,CC,CC,TT,CC,TT,TT,TT,TT,TT,TT,TT,TT,TT,CC,TT,TT,TT,TT,TT,TT,TT,TT,TT,TT,TT,CC,TT,TT,TT,TT,TT,TT,TT,CC,CC,CC,CC,CC,CC,CC,TT,TT,TT,CC,CC,CC,CC,CC,TT,TT,TT,TT,CC,CC,CC,TT,CC,CC,CC,TT,CC,CC,CC,TT,CC,CC,TT,CC,CC,CC,TT,TT,TT,TT,TT,TT,TT,TT,TT,TT,TT,TT,TT,TT,CC,CC,CC,CC,CC,CC,CC,TT,TT,TT,CC,TT,CC,CC,CC,CC,CC,TT,TT,TT,TT,TT,TT,TT,TT,TT,TT,TT,TT,TT,TT,CC,CC,CC,CC,CC,CC,TT,CC,TT,TT,CC,CC,TT,CC,CC,CC,TT,TT,CC,CC,CC,CC,CC,CC,CC,CC,CC,TT,CC,TT,TT,NN,TT,TT,CC,TT,TT,TT,TT,CC,CC,CC,TT,CC,CC,CC,CC,CC,CC,CC,TT,TT,TT,CC,CC,TT,TT,TT,CC,CC,TT,CC,TT,CC,CC,CC,CC,CC,TT,CC,CC,TT,TT,CC,CC,CC,CC,CC,CC,TT,CC,TT,TT,TT,TT,TT,TT,CC,TT,TT,TT,TT,CC,TT,TT,TT,CC,CC,CC,TT,TT,TT,TT,CC,CC,CC,CC,CC,CC,TT,CC,CC,TT,TT,CC,TT,TT,TT,TT,TT,TT,TT,TT,TT,TT,CC,CC,CC,TT,TT,CC,CC,CC,TT,CC,CC,CC,CC,TT,CC,CC,TT,TT,CC,TT,CC,CC,CC,CC,CC,TT,CC,TT,TT,TT,TT,TT,TT,TT,TT,TT,TT,TT,TT,TT,CC,CC,CC,TT,CC,CC,TT,TT,CC,TT,TT,CC,CC,TT,TT,TT,TT,TT,TT,TT,CC,TT,TT,CC,TT,TT,CC,TT,TT,TT,TT,TT,TT,TT,TT,CC,CC,CC,CC,CC,CC,CC,TT,CC,NN,CC,CC,CC,CC,CC,TT,TT,TT,TT,TT,TT,CC,TT,CC,TT,TT,TT,TT,TT,TT,TT,TT,TT,TT,TT,CC,TT,CC,CC,CC,TT,CC,CC,CC,TT,CC,CC,TT,CC,TT,TT,TT,TT,TT,TT,TT,TT,TT,TT,TT,CC,TT,TT,TT,CC,CC,CC,CC,TT,TT,TT,CC,CC,CC,CC,CC,CC,TT,TT,TT,TT,TT,TT,TT,TT,TT,TT,TT,CC,CC,CC,CC,TT,CC,TT,TT,TT,TT,TT,TT,TT,TT,TT,TT,TT,TT,TT,TT,TT,TT,NN,TT,TT,CC,CC,CC,CC,CC,CC,TT,TT,TT,TT,TT,TT,TT,TT,TT,TT,CC,CC,NN,TT,CC,CC,CC,TT,TT,CC,TT,TT,CC,TT,CC,TT,TT,TT,TT
IWA3097*,0.68,,CC,CC,CC,CC,CC,CC,CC,CC,CC,CC,CC,CC,CC,CC,CC,CC,CC,CC,CC,CC,CC,CC,CC,CC,CC,CC,CC,CC,CC,CC,CC,CC,CC,CC,CC,CC,CC,CC,CC,CC,CC,CC,CC,CC,CC,CC,CC,TT,CC,CC,CC,CC,CC,CC,CC,CC,CC,CC,CC,CC,CC,CC,CC,CC,CC,CC,CC,CC,CC,CC,CC,CC,CC,TT,TT,CC,CC,TT,CC,TT,CC,CC,CC,CC,CC,TT,CC,CC,CC,CC,CC,CC,CC,CC,CC,CC,CC,CC,CC,CC,CC,CC,CC,CC,CC,CC,CC,TT,CC,TT,TT,TT,CC,CC,CC,CC,TT,TT,CC,TT,CC,CC,CC,CC,CC,CC,TT,CC,CC,CC,CC,CC,CC,CC,CC,CC,CC,CC,CC,CC,CC,CC,CC,CC,CC,CC,CC,CC,CC,CC,CC,CC,CC,TT,CC,CC,TT,CC,CC,CC,CC,TT,CC,CC,CC,CC,CC,CC,CC,CC,CC,CC,CC,CC,CC,CC,CC,TT,TT,TT,TT,CC,CC,CC,CC,CC,CC,CC,CC,CC,CC,CC,CC,TT,CC,CC,CC,CC,CC,CC,CC,CC,CC,CC,CC,CC,CC,CC,CC,CC,CC,CC,CC,CC,CC,TT,CC,CC,CC,CC,TT,CC,CC,CC,CC,CC,TT,CC,CC,TT,CC,CC,CC,CC,CC,CC,CC,CC,CC,TT,CC,CC,CC,CC,CC,TT,CC,CC,CC,TT,CC,CC,CC,CC,CC,CC,CC,CC,CC,TT,CC,CC,CC,CC,TT,CC,TT,CC,CC,CC,CC,CC,CC,CC,CC,CC,CC,CC,CC,CC,CC,CC,CC,TT,CC,CC,CC,TT,TT,CC,CC,TT,CC,CC,CC,CC,CC,CC,CC,CC,CC,CC,CC,TT,TT,CC,TT,CC,CC,TT,TT,CC,CC,CC,CC,CC,CC,CC,CC,CC,CC,CC,CC,CC,TT,CC,CC,CC,CC,TT,TT,CC,CC,CC,TT,CC,CC,CC,CC,CC,CC,CC,CC,CC,CC,CC,TT,CC,CC,CC,TT,TT,CC,TT,CC,CC,CC,CC,CC,CC,CC,CC,TT,CC,CC,CC,CC,CC,CC,CC,CC,CC,CC,CC,CC,TT,CC,TT,CC,CC,CC,CC,CC,CC,CC,TT,CC,CC,CC,CC,CC,CC,CC,TT,TT,CC,CC,CC,CC,CC,TT,CC,TT,CC,CC,CC,CC,CC,TT,CC,CC,CC,CC,CC,CC,TT,CC,CC,CC,CC,CC,CC,CC,TT,CC,CC,TT,CC,CC,CC,CC,CC,TT,CC,CC,CC,CC,CC,CC,CC,CC,CC,CC,CC,CC,CC,CC,CC,CC,CC,CC,CC,CC,CC,CC,CC,CC,CC,CC,CC,TT,CC,CC,TT,CC,CC,TT,CC,CC,TT,TT,CC,CC,CC,TT,CC,CC,CC,CC,TT,CC,CC,CC,CC,CC,CC,CC,CC,CC,CC,CC,CC,CC,CC,CC,CC,CC,CC,CC,TT,CC,TT,CC,CC,CC,TT,CC,CC,CC,TT,CC,CC,CC,CC,CC,CC,TT,TT,CC,CC,CC,TT,CC,CC,TT,CC,TT,TT,CC,CC,CC,CC,TT,CC,TT,CC,TT,TT,CC,CC,TT,CC,CC,CC,CC,CC,CC,CC,CC,CC,CC,CC,CC,CC,TT,CC,CC,CC,CC,CC,CC,CC,TT,CC,CC,CC,CC,CC,CC,CC,CC,CC,CC,CC,CC,CC,CC,CC,CC,CC,TT,CC,CC,CC,TT,CC,CC,CC,CC,CC,CC,CC,CC,CC,CC,TT,CC,CC,CC,CC,CC,CC,CC,CC,CC,CC,TT,CC,CC,TT,CC,CC,TT,CC,CC,CC,CC,CC,CC,TT,TT,CC,CC,CC,CC,CC,CC,CC,CC,CC,CC,TT,CC,CC,TT,CC,CC,CC,CC,CC,CC,CC,TT,TT,CC,CC,CC,CC,CC,TT,CC,CC,CC,CC,CC,CC,CC,CC,CC,CC,CC,CC,CC,CC,CC,CC,TT,CC,TT,CC,CC,CC,CC,CC,TT,CC,CC,CC,TT,TT,TT,CC,CC,CC,CC,CC,TT,CC,TT,CC,TT,CC,CC,TT,CC,TT,TT,CC,TT,TT,TT,TT,CC,CC,CC,CC,CC,CC,CC,CC,CC,CC,CC,TT,TT,CC,TT,CC,TT,TT,TT,TT,CC,CC,TT,CC,TT,TT,TT,TT,TT,TT,TT,TT,CC,TT,TT,CC,TT,TT,TT,TT,TT,TT,TT,CC,CC,CC,TT,CC,CC,CC,TT,TT,TT,CC,CC,CC,CC,CC,TT,CC,CC,CC,TT,CC,TT,TT,CC,CC,CC,CC,CC,CC,TT,TT,CC,CC,CC,CC,CC,CC,CC,CC,CC,TT,CC,TT,TT,TT,TT,TT,TT,TT,TT,TT,CC,CC,CC,CC,CC,CC,CC,CC,TT,TT,CC,TT,CC,CC,CC,CC,TT,CC,TT,CC,TT,CC,TT,CC,TT,TT,CC,TT,CC,CC,CC,TT,CC,CC,CC,CC,TT,TT,CC,TT,TT,TT,CC,CC,CC,CC,TT,CC,CC,CC,CC,CC,CC,CC,CC,CC,CC,CC,TT,CC,TT,TT,TT,CC,CC,TT,TT,TT,NN,CC,TT,TT,TT,TT,CC,TT,TT,CC,TT,CC,CC,CC,TT,TT,CC,CC,TT,TT,CC,TT,CC,TT,CC,TT,TT,CC,CC,CC,CC,TT,CC,CC,TT,CC,CC,TT,TT,TT,TT,TT,CC,CC,CC,CC,CC,CC,CC,TT,TT,TT,TT,TT,TT,TT,CC,TT,TT,TT,TT,CC,CC,CC,TT,TT,TT,NN,CC,CC,CC,CC,TT,CC,CC,TT,TT,CC,TT,TT,TT,TT,TT,CC,CC,TT,TT,TT,CC,CC,CC,CC,CC,CC,TT,TT,TT,TT,CC,CC,CC,TT,TT,CC,TT,TT,CC,TT,CC,CC,TT,CC,CC,CC,TT,CC,TT,TT,CC,CC,TT,TT,TT,CC,CC,CC,TT,TT,CC,CC,TT,TT,CC,TT,CC,CC,CC,TT,CC,CC,CC,TT,TT,TT,CC,TT,TT,TT,TT,TT,TT,CC,TT,CC,CC,CC,TT,TT,TT,TT,CC,CC,TT,TT,CC,TT,CC,CC,TT,CC,TT,TT,CC,TT,CC,CC,TT,CC,TT,TT,CC,TT,TT,TT,CC,TT,TT,TT,TT,NN,TT,TT,TT,TT,TT,TT,TT,CC,TT,TT,CC,CC,CC,TT,TT,TT,TT,TT,CC,CC,TT,CC,CC,TT,TT,TT,TT,CC,TT,TT,TT,TT,TT,CC,TT,TT,TT,CC,TT,TT,CC,CC,CC,CC,CC,TT,TT,TT,CC,TT,TT,TT,TT,TT,TT,CC,TT,TT,TT,TT,TT,CC,TT,CC,CC,TT,TT,CC,TT,TT,TT,TT,TT,TT,CC,TT,TT,TT,TT,CC,TT,TT,CC,CC,TT,TT,CC,TT,TT,TT,CC,TT,TT,TT,TT,TT,TT,CC,TT,TT,TT,TT,CC,TT,TT,TT,CC,CC,TT,TT,TT,CC,TT,TT,CC,TT,CC,TT,TT,CC,TT
IWA1791†,0.84,,CC,CC,CC,CC,CC,CC,CC,CC,CC,CC,CC,CC,CC,CC,AA,AA,CC,CC,CC,CC,CC,CC,CC,CC,CC,AA,CC,CC,CC,CC,CC,CC,CC,CC,CC,CC,CC,CC,CC,CC,CC,CC,CC,CC,CC,CC,CC,CC,CC,CC,CC,AA,CC,CC,CC,CC,CC,CC,CC,CC,CC,CC,CC,CC,CC,CC,CC,CC,CC,CC,CC,CC,AA,CC,CC,CC,CC,CC,CC,CC,CC,CC,CC,CC,CC,CC,CC,CC,CC,CC,CC,CC,CC,CC,CC,CC,CC,CC,CC,CC,CC,CC,CC,CC,CC,CC,CC,CC,CC,CC,CC,CC,CC,CC,CC,CC,CC,CC,CC,CC,CC,CC,CC,CC,CC,CC,CC,CC,CC,CC,CC,CC,CC,CC,CC,CC,CC,CC,CC,CC,CC,CC,CC,CC,CC,CC,CC,CC,CC,CC,CC,CC,AA,CC,CC,CC,CC,CC,CC,CC,CC,AA,CC,CC,CC,CC,CC,CC,CC,CC,CC,CC,CC,CC,CC,CC,CC,CC,CC,CC,CC,CC,CC,CC,CC,CC,CC,CC,AA,CC,CC,CC,CC,CC,AA,NN,CC,CC,AA,CC,CC,CC,AA,CC,CC,CC,CC,CC,AA,AA,CC,CC,CC,CC,CC,CC,CC,CC,CC,CC,CC,CC,CC,CC,CC,CC,CC,CC,CC,CC,CC,AA,AA,AA,CC,AA,CC,AA,AA,CC,CC,CC,CC,CC,CC,CC,AA,CC,CC,CC,CC,CC,CC,CC,CC,CC,CC,AA,CC,CC,CC,CC,CC,CC,CC,CC,CC,CC,CC,CC,CC,CC,CC,CC,CC,CC,CC,CC,CC,AA,CC,CC,CC,CC,CC,AA,CC,CC,CC,CC,CC,CC,CC,CC,CC,CC,CC,CC,CC,CC,CC,AA,CC,CC,CC,CC,CC,CC,CC,CC,CC,CC,AA,CC,CC,CC,CC,CC,CC,CC,AA,CC,AA,CC,AA,CC,AA,CC,CC,CC,CC,CC,CC,CC,CC,CC,CC,CC,CC,CC,CC,CC,CC,CC,CC,AA,CC,CC,CC,AA,CC,CC,CC,CC,CC,CC,CC,AA,CC,CC,CC,AA,CC,CC,AA,AA,CC,CC,CC,CC,AA,CC,CC,CC,CC,AA,CC,CC,CC,CC,CC,CC,CC,CC,AA,CC,CC,CC,CC,CC,CC,AA,CC,CC,CC,CC,AA,AA,CC,CC,AA,AA,CC,AA,CC,CC,CC,CC,CC,CC,CC,CC,CC,AA,CC,CC,CC,AA,CC,CC,CC,CC,CC,CC,CC,CC,CC,AA,CC,CC,CC,CC,CC,CC,CC,CC,CC,CC,AA,CC,CC,CC,CC,CC,CC,CC,AA,CC,CC,CC,CC,CC,CC,CC,CC,CC,CC,CC,CC,CC,AA,CC,CC,CC,CC,CC,AA,CC,CC,CC,CC,CC,CC,CC,CC,CC,CC,AA,CC,CC,AA,CC,CC,CC,CC,CC,CC,AA,CC,CC,CC,CC,CC,AA,CC,AA,CC,CC,CC,AA,CC,CC,CC,CC,AA,CC,CC,CC,CC,CC,CC,AA,CC,CC,CC,CC,CC,CC,CC,CC,CC,CC,AA,CC,CC,CC,CC,CC,CC,AA,CC,CC,CC,AA,CC,CC,CC,CC,CC,CC,AA,CC,CC,CC,CC,CC,CC,CC,CC,CC,NN,CC,CC,AA,CC,CC,CC,AA,CC,AA,CC,CC,CC,CC,CC,CC,CC,CC,CC,CC,CC,AA,CC,CC,CC,CC,CC,AA,AA,CC,CC,CC,CC,CC,CC,AA,CC,CC,CC,CC,CC,CC,AA,AA,CC,CC,CC,CC,CC,CC,CC,CC,CC,CC,AA,CC,CC,AA,CC,CC,CC,CC,CC,CC,CC,CC,AA,CC,CC,CC,CC,CC,CC,CC,AA,CC,CC,CC,CC,CC,CC,CC,CC,CC,AA,CC,AA,CC,AA,CC,AA,CC,CC,CC,CC,CC,CC,CC,CC,CC,AA,AA,CC,CC,CC,CC,CC,CC,CC,CC,AA,AA,CC,CC,CC,CC,CC,CC,AA,CC,AA,CC,CC,CC,AA,CC,CC,CC,CC,CC,CC,CC,CC,CC,CC,CC,CC,CC,CC,AA,CC,CC,CC,CC,CC,AA,CC,AA,AA,AA,AA,AA,CC,CC,AA,CC,CC,AA,CC,AA,CC,CC,CC,CC,CC,CC,CC,CC,CC,CC,CC,CC,CC,CC,CC,CC,CC,CC,CC,CC,CC,CC,CC,CC,CC,CC,CC,CC,CC,CC,CC,CC,CC,CC,CC,CC,CC,CC,CC,CC,CC,CC,CC,CC,CC,CC,CC,CC,CC,CC,CC,CC,CC,CC,AA,CC,CC,CC,CC,CC,AA,CC,CC,CC,AA,CC,CC,CC,CC,CC,CC,AA,CC,CC,CC,CC,CC,CC,CC,CC,CC,CC,CC,CC,CC,CC,CC,CC,CC,CC,CC,CC,CC,AA,CC,CC,AA,CC,CC,CC,CC,CC,AA,CC,CC,CC,CC,CC,CC,CC,CC,CC,CC,CC,CC,CC,CC,CC,AA,CC,AA,CC,CC,CC,CC,CC,CC,CC,CC,CC,AA,AA,CC,AA,AA,CC,CC,AA,AA,AA,CC,AA,CC,CC,CC,CC,CC,CC,CC,CC,CC,CC,CC,CC,CC,CC,CC,CC,CC,CC,AA,CC,AA,CC,CC,CC,AA,CC,AA,CC,CC,CC,CC,CC,CC,CC,AA,CC,AA,CC,CC,AA,AA,CC,CC,CC,CC,AA,CC,CC,AA,CC,AA,AA,AA,AA,CC,CC,CC,CC,CC,CC,CC,CC,CC,CC,CC,CC,CC,CC,CC,CC,CC,AA,CC,AA,AA,CC,CC,CC,AA,AA,CC,CC,CC,CC,CC,CC,CC,CC,CC,CC,CC,CC,CC,CC,CC,CC,CC,CC,CC,CC,AA,AA,CC,CC,CC,CC,AA,AA,CC,AA,AA,AA,AA,AA,CC,AA,CC,CC,CC,AA,AA,AA,CC,AA,AA,CC,AA,CC,CC,CC,CC,CC,CC,AA,AA,CC,CC,CC,CC,CC,CC,AA,AA,CC,CC,CC,AA,CC,CC,CC,CC,CC,CC,CC,CC,CC,CC,CC,CC,CC,CC,CC,CC,CC,CC,CC,CC,CC,CC,CC,CC,CC,CC,CC,CC,CC,AA,CC,CC,CC,CC,CC,CC,CC,CC,CC,AA,CC,AA,AA,CC,CC,CC,CC,CC,CC,CC,CC,CC,CC,CC,CC,CC,CC,CC,CC,CC,CC,CC,CC,AA,AA,CC,AA,AA,CC,AA,CC,AA,AA,AA,CC,AA,CC,CC,CC,CC,CC,CC,CC,CC,CC,CC,CC,CC,CC,AA,CC,AA,CC,AA,AA,AA,CC,CC,AA,CC,CC,AA,AA,AA,CC,CC,CC,CC,CC,AA,AA,CC,CC,CC,CC,CC,AA,CC,CC,CC,CC,CC,CC,CC,CC,CC,CC,CC,CC,CC,CC,CC,AA,AA,CC,CC,CC,CC,CC,CC,AA,CC,CC,CC,CC,CC,CC,CC,CC,CC,CC,CC,CC,CC,AA,CC,AA,CC,CC,CC,CC,CC,CC,AA,CC,CC,CC,CC,CC,CC,CC,CC,CC,CC,CC,CC
IWA545*,0.77,,AA,AA,AA,AA,AA,AA,AA,AA,AA,AA,AA,AA,AA,AA,AA,AA,AA,AA,AA,AA,AA,AA,AA,AA,AA,AA,AA,AA,AA,AA,AA,AA,AA,AA,AA,AA,AA,AA,AA,AA,AA,AA,AA,AA,AA,AA,AA,AA,AA,AA,AA,AA,AA,AA,AA,AA,AA,AA,AA,AA,AA,AA,AA,AA,AA,AA,AA,AA,AA,AA,AA,AA,AA,AA,AA,AA,AA,AA,CC,AA,AA,AA,AA,AA,AA,AA,AA,AA,AA,AA,AA,AA,AA,AA,AA,AA,AA,AA,AA,AA,AA,AA,AA,AA,AA,AA,AA,AA,AA,AA,AA,AA,AA,AA,AA,AA,AA,AA,AA,AA,AA,CC,AA,AA,AA,AA,AA,AA,AA,AA,AA,AA,AA,AA,AA,AA,AA,AA,AA,AA,AA,AA,AA,AA,AA,AA,AA,AA,AA,AA,AA,AA,AA,AA,AA,AA,AA,AA,AA,AA,AA,AA,AA,AA,AA,AA,AA,AA,AA,AA,AA,AA,AA,AA,AA,AA,AA,AA,AA,AA,AA,AA,AA,AA,AA,AA,AA,AA,AA,AA,AA,AA,AA,CC,AA,AA,AA,AA,AA,AA,AA,AA,AA,AA,AA,AA,AA,AA,AA,AA,AA,AA,AA,AA,AA,AA,AA,CC,AA,AA,AA,AA,AA,AA,AA,AA,AA,AA,AA,AA,AA,AA,AA,AA,AA,AA,AA,AA,AA,CC,AA,AA,AA,AA,AA,AA,AA,AA,AA,AA,AA,AA,AA,AA,AA,AA,AA,AA,AA,AA,AA,AA,AA,CC,AA,CC,AA,AA,AA,AA,AA,AA,AA,AA,AA,AA,AA,CC,AA,AA,AA,AA,AA,AA,AA,AA,AA,AA,AA,CC,CC,AA,AA,AA,AA,AA,AA,AA,AA,AA,AA,AA,CC,AA,AA,CC,AA,CC,AA,AA,CC,AA,AA,AA,AA,AA,AA,AA,AA,AA,AA,AA,AA,AA,AA,AA,AA,AA,AA,AA,AA,CC,AA,AA,AA,AA,AA,AA,CC,AA,AA,AA,AA,AA,AA,AA,AA,CC,AA,AA,AA,CC,AA,AA,AA,AA,AA,AA,AA,AA,AA,AA,AA,AA,AA,AA,AA,AA,AA,AA,AA,AA,AA,AA,AA,AA,AA,AA,AA,AA,AA,AA,AA,AA,AA,AA,AA,AA,AA,AA,AA,AA,AA,AA,AA,AA,AA,AA,AA,AA,AA,AA,AA,AA,AA,AA,AA,AA,AA,AA,AA,AA,AA,AA,AA,AA,AA,AA,AA,AA,AA,AA,CC,AA,AA,AA,AA,AA,AA,AA,AA,NN,AA,AA,AA,AA,AA,AA,AA,AA,AA,AA,AA,AA,AA,AA,CC,AA,AA,AA,AA,AA,CC,AA,AA,AA,AA,AA,AA,AA,AA,AA,AA,AA,AA,AA,AA,AA,AA,AA,AA,AA,AA,AA,AA,AA,AA,CC,CC,CC,AA,AA,AA,AA,AA,CC,AA,AA,AA,AA,AA,CC,AA,AA,AA,AA,AA,AA,AA,AA,AA,CC,AA,AA,AA,AA,AA,AA,AA,CC,AA,AA,AA,AA,AA,AA,AA,AA,AA,AA,AA,AA,AA,AA,AA,AA,AA,AA,AA,AA,AA,AA,AA,AA,CC,AA,CC,AA,AA,AA,AA,AA,AA,AA,AA,AA,AA,AA,AA,AA,AA,AA,AA,AA,AA,AA,AA,AA,AA,AA,AA,CC,CC,AA,AA,AA,AA,AA,AA,AA,AA,AA,AA,AA,AA,AA,AA,AA,AA,AA,AA,AA,AA,AA,AA,AA,AA,AA,AA,CC,AA,AA,AA,AA,AA,AA,AA,AA,AA,AA,AA,AA,AA,AA,AA,AA,CC,AA,CC,AA,CC,AA,CC,CC,CC,AA,AA,AA,AA,CC,AA,AA,CC,CC,AA,AA,AA,AA,AA,AA,AA,AA,AA,AA,AA,AA,AA,AA,AA,AA,AA,CC,AA,CC,AA,CC,CC,CC,CC,CC,AA,AA,AA,AA,AA,AA,AA,AA,AA,AA,AA,AA,AA,CC,AA,AA,AA,AA,AA,AA,AA,AA,AA,CC,AA,AA,AA,CC,CC,AA,CC,AA,AA,AA,AA,AA,AA,AA,AA,CC,CC,AA,AA,CC,AA,AA,CC,AA,AA,AA,AA,AA,AA,AA,AA,AA,CC,AA,AA,AA,AA,AA,AA,CC,CC,CC,CC,CC,CC,CC,CC,AA,CC,CC,CC,AA,CC,CC,CC,CC,CC,CC,CC,CC,CC,CC,CC,AA,CC,CC,CC,CC,CC,CC,CC,AA,CC,AA,CC,AA,AA,AA,AA,AA,AA,AA,AA,AA,AA,AA,CC,AA,AA,AA,CC,AA,AA,CC,AA,AA,AA,AA,AA,AA,AA,AA,AA,AA,CC,AA,AA,AA,CC,CC,AA,CC,AA,CC,CC,CC,CC,CC,CC,CC,CC,CC,AA,AA,AA,AA,AA,CC,AA,AA,AA,CC,AA,AA,NN,AA,AA,AA,AA,AA,AA,CC,CC,CC,CC,CC,AA,CC,CC,CC,CC,AA,AA,CC,AA,AA,AA,AA,AA,AA,AA,CC,AA,AA,AA,AA,AA,AA,CC,AA,AA,AA,NN,AA,AA,AA,AA,AA,AA,CC,CC,CC,AA,CC,AA,AA,AA,CC,CC,CC,CC,AA,CC,CC,CC,AA,AA,AA,NN,CC,CC,AA,CC,CC,AA,AA,AA,AA,AA,CC,AA,AA,AA,AA,AA,AA,AA,AA,AA,AA,AA,AA,AA,AA,AA,CC,AA,AA,AA,AA,AA,AA,AA,CC,AA,AA,CC,CC,CC,CC,CC,CC,CC,CC,AA,AA,AA,AA,CC,AA,AA,AA,AA,AA,AA,CC,AA,AA,AA,CC,AA,CC,AA,AA,AA,AA,CC,AA,CC,AA,CC,AA,CC,CC,CC,AA,CC,CC,AA,AA,AA,CC,CC,AA,AA,AA,AA,AA,AA,CC,CC,AA,AA,AA,AA,AA,AA,AA,AA,AA,AA,AA,AA,AA,AA,AA,CC,CC,CC,CC,AA,AA,AA,AA,AA,CC,CC,CC,AA,CC,CC,CC,AA,AA,AA,AA,AA,AA,NN,AA,AA,CC,AA,CC,CC,CC,AA,CC,CC,CC,CC,AA,AA,CC,AA,CC,CC,AA,AA,CC,AA,CC,CC,AA,CC,AA,CC,CC,AA,AA,AA,AA,NN,CC,AA,AA,AA,AA,CC,CC,CC,CC,CC,CC,CC,CC,CC,CC,CC,AA,CC,CC,CC,CC,CC,CC,AA,CC,CC,CC,AA,AA,AA,NN,CC,AA,CC,AA,AA,AA,AA,CC,AA,AA,CC,CC,CC,CC,AA,AA,AA,CC,AA,CC,AA,AA,CC,NN,CC,CC,CC,AA,AA,AA,AA,NN,CC,CC,AA,CC,AA,CC,CC,CC,AA,AA,CC,CC,CC,AA,CC,CC,AA,AA,AA,CC,AA,CC,AA,CC,CC,CC,CC,CC,AA,AA,CC,AA,AA,AA,CC,CC,AA,NN,AA,AA,AA,CC,CC,CC,AA,AA,CC,CC,CC,CC,CC,AA,CC,CC,AA,CC,AA,NN,CC,CC,AA,AA,AA,CC,CC,AA,AA,CC,CC,CC,AA,AA,CC,AA,CC
IWA62*,0.07,,AA,AA,AA,AA,AA,AA,AA,AA,GG,GG,GG,GG,GG,AA,AA,AA,AA,GG,GG,AA,AA,AA,AA,AA,AA,AA,AA,AA,AA,AA,AA,AA,GG,GG,AA,AA,AA,AA,AA,AA,AA,AA,AA,AA,AA,AA,AA,AA,AA,AA,AA,AA,AA,AA,AA,AA,AA,AA,AA,AA,AA,AA,AA,AA,AA,AA,AA,AA,AA,AA,AA,AA,AA,AA,AA,AA,AA,GG,AA,AA,GG,GG,AA,AA,AA,AA,AA,AA,AA,AA,AA,AA,AA,AA,AA,AA,AA,AA,AA,AA,AA,AA,AA,AA,AA,AA,AA,GG,AA,AA,AA,AA,AA,AA,AA,AA,AA,AA,AA,AA,AA,AA,AA,AA,AA,AA,AA,AA,AA,AA,AA,AA,AA,AA,AA,AA,AA,AA,AA,AA,AA,AA,AA,GG,AA,AA,AA,AA,AA,AA,AA,AA,AA,GG,AA,AA,AA,AA,GG,AA,AA,AA,AA,AA,AA,AA,AA,AA,AA,AA,AA,AA,AA,AA,AA,AA,AA,AA,AA,AA,GG,AA,GG,AA,AA,AA,AA,AA,AA,AA,AA,AA,AA,GG,AA,AA,AA,AA,AA,AA,AA,AA,AA,AA,AA,AA,AA,AA,AA,AA,AA,AA,AA,AA,AA,AA,AA,AA,AA,AA,GG,AA,AA,AA,AA,AA,GG,AA,GG,AA,AA,AA,AA,AA,AA,AA,AA,AA,AA,AA,AA,AA,AA,AA,AA,AA,AA,AA,GG,AA,AA,AA,AA,AA,AA,AA,AA,AA,AA,AA,AA,AA,AA,GG,AA,AA,GG,GG,GG,AA,AA,AA,AA,AA,AA,AA,AA,AA,AA,AA,AA,AA,AA,AA,AA,AA,AA,AA,AA,AA,AA,AA,AA,AA,AA,AA,AA,AA,AA,AA,AA,AA,AA,AA,AA,AA,AA,AA,GG,GG,AA,AA,AA,GG,AA,AA,AA,AA,AA,AA,AA,AA,AA,AA,AA,AA,AA,AA,AA,AA,AA,AA,AA,AA,AA,AA,AA,AA,GG,AA,AA,AA,AA,AA,GG,AA,AA,GG,GG,AA,AA,AA,AA,AA,AA,AA,AA,AA,AA,AA,GG,AA,AA,AA,AA,AA,AA,AA,AA,AA,AA,AA,AA,AA,GG,AA,AA,AA,AA,AA,AA,AA,AA,AA,AA,GG,AA,AA,AA,AA,AA,AA,AA,AA,GG,AA,AA,AA,AA,AA,AA,AA,AA,AA,AA,AA,AA,AA,AA,AA,AA,AA,AA,AA,AA,AA,AA,AA,AA,AA,AA,GG,AA,AA,AA,AA,AA,AA,AA,AA,AA,AA,GG,AA,AA,AA,AA,AA,AA,AA,AA,AA,AA,AA,AA,AA,AA,AA,GG,AA,AA,AA,AA,AA,AA,AA,AA,GG,AA,AA,AA,AA,AA,AA,AA,AA,AA,AA,GG,AA,GG,GG,GG,AA,AA,AA,AA,AA,AA,AA,AA,AA,AA,AA,AA,AA,AA,AA,AA,AA,AA,AA,AA,AA,AA,AA,AA,AA,AA,GG,AA,GG,AA,AA,AA,AA,AA,AA,GG,GG,AA,AA,AA,AA,AA,AA,AA,GG,AA,AA,AA,AA,AA,AA,AA,AA,AA,AA,AA,AA,AA,AA,AA,AA,AA,AA,AA,AA,AA,AA,AA,AA,AA,AA,AA,AA,AA,AA,AA,AA,GG,AA,AA,AA,AA,AA,AA,AA,AA,AA,GG,GG,AA,AA,AA,AA,AA,AA,AA,AA,AA,AA,AA,AA,AA,AA,AA,AA,AA,AA,AA,AA,AA,AA,AA,AA,AA,AA,AA,AA,AA,GG,GG,AA,AA,AA,AA,AA,AA,AA,GG,AA,AA,AA,AA,AA,AA,AA,AA,AA,AA,AA,AA,AA,AA,AA,AA,AA,AA,GG,AA,AA,AA,AA,AA,AA,AA,AA,AA,AA,AA,AA,AA,AA,AA,AA,AA,AA,AA,AA,AA,AA,AA,AA,AA,AA,AA,AA,AA,AA,AA,AA,AA,AA,AA,AA,AA,AA,AA,AA,AA,AA,AA,AA,AA,AA,AA,AA,AA,AA,AA,AA,AA,AA,AA,AA,AA,AA,AA,AA,AA,AA,AA,AA,AA,AA,AA,AA,AA,AA,AA,AA,AA,AA,AA,AA,AA,AA,AA,AA,AA,AA,AA,AA,AA,AA,AA,AA,AA,AA,AA,AA,AA,AA,AA,AA,AA,AA,AA,GG,AA,AA,AA,AA,AA,AA,AA,AA,AA,AA,AA,AA,AA,AA,GG,AA,AA,AA,AA,AA,AA,AA,AA,AA,AA,AA,AA,AA,AA,AA,AA,AA,AA,AA,AA,AA,AA,AA,AA,AA,AA,AA,AA,AA,AA,AA,GG,AA,AA,AA,AA,AA,AA,GG,AA,AA,AA,AA,AA,AA,AA,AA,AA,AA,AA,AA,AA,AA,AA,AA,AA,AA,AA,AA,AA,AA,AA,AA,AA,AA,AA,AA,AA,AA,AA,AA,AA,AA,AA,AA,AA,AA,AA,AA,AA,AA,AA,AA,AA,AA,AA,AA,AA,AA,AA,AA,AA,GG,AA,AA,AA,AA,AA,AA,AA,AA,AA,AA,AA,AA,AA,AA,AA,AA,AA,AA,AA,AA,AA,AA,AA,AA,AA,AA,AA,AA,AA,AA,AA,AA,AA,AA,AA,GG,AA,AA,GG,GG,GG,AA,AA,GG,GG,AA,GG,AA,AA,AA,GG,AA,AA,AA,AA,AA,AA,AA,GG,AA,AA,AA,AA,GG,AA,AA,AA,AA,AA,AA,AA,AA,AA,AA,AA,AA,AA,AA,AA,AA,AA,AA,AA,AA,AA,AA,GG,AA,AA,AA,AA,AA,AA,AA,AA,AA,AA,AA,AA,AA,AA,AA,AA,AA,AA,AA,AA,AA,AA,AA,AA,AA,AA,AA,NN,AA,AA,AA,AA,AA,AA,AA,AA,AA,AA,AA,AA,AA,AA,AA,AA,AA,AA,AA,AA,AA,AA,AA,AA,AA,AA,AA,AA,AA,AA,AA,AA,AA,AA,AA,AA,AA,AA,AA,AA,AA,AA,AA,AA,AA,AA,AA,AA,AA,AA,AA,AA,AA,GG,AA,AA,AA,AA,AA,AA,AA,AA,AA,AA,AA,AA,AA,AA,AA,AA,AA,AA,AA,AA,AA,AA,AA,AA,AA,AA,AA,AA,AA,AA,AA,AA,AA,AA,AA,AA,GG,AA,AA,AA,AA,AA,AA,AA,AA,GG,AA,AA,AA,AA,AA,AA,AA,AA,AA,AA,AA,AA,AA,AA,AA,AA,AA,AA,AA,AA,AA,AA,AA,AA,AA,AA,AA,AA,AA,AA,AA,AA,AA,AA,AA,AA,AA,GG,AA,AA,AA,AA,AA,AA,AA,AA,AA,AA,AA,AA,AA,AA,AA,AA,AA,AA,AA,AA,AA,AA,AA,AA,AA,AA,AA,AA,AA,AA,AA,AA,AA,AA,AA,AA,AA,AA,AA,AA,AA,AA,AA,AA,AA,AA,AA,AA,AA,AA,AA,AA,AA,AA,AA,AA,AA,AA,AA,AA,AA,AA,AA,AA,AA,AA,AA,AA,AA,AA,AA,AA,AA,AA,AA,AA,AA,AA,AA,AA,AA,AA,AA,AA,AA,AA,AA,AA,AA,AA,AA,AA,AA,AA
IWA4032†,0.90,,CC,CC,CC,CC,TT,CC,CC,CC,CC,CC,CC,CC,CC,CC,CC,CC,CC,CC,CC,CC,CC,CC,CC,CC,CC,CC,CC,CC,CC,CC,CC,CC,CC,CC,CC,CC,CC,CC,CC,CC,CC,CC,CC,CC,CC,CC,CC,CC,CC,CC,CC,CC,CC,CC,CC,CC,CC,CC,CC,CC,TT,CC,CC,CC,CC,CC,CC,CC,TT,CC,TT,CC,CC,CC,CC,CC,CC,CC,CC,CC,CC,CC,CC,CC,CC,CC,CC,CC,CC,CC,CC,CC,CC,CC,TT,CC,CC,CC,CC,CC,CC,CC,CC,CC,CC,CC,TT,CC,CC,CC,CC,CC,CC,TT,CC,CC,CC,CC,CC,CC,CC,CC,CC,CC,CC,TT,CC,CC,CC,CC,CC,CC,CC,CC,CC,CC,CC,CC,CC,TT,CC,CC,CC,CC,TT,CC,CC,CC,CC,CC,CC,CC,CC,CC,CC,CC,CC,CC,CC,CC,CC,CC,CC,CC,CC,CC,CC,CC,CC,CC,CC,CC,CC,CC,CC,CC,CC,CC,CC,CC,CC,TT,CC,CC,CC,CC,CC,CC,CC,CC,CC,TT,TT,CC,CC,CC,CC,CC,CC,CC,CC,CC,CC,CC,CC,CC,CC,CC,TT,TT,CC,CC,CC,CC,CC,CC,CC,CC,CC,CC,CC,CC,CC,CC,CC,CC,CC,CC,CC,CC,CC,CC,CC,CC,CC,CC,TT,TT,TT,CC,CC,CC,TT,CC,CC,CC,CC,TT,CC,CC,CC,CC,CC,CC,CC,CC,CC,CC,CC,CC,CC,CC,CC,CC,CC,CC,CC,CC,CC,CC,CC,CC,CC,CC,CC,CC,CC,CC,CC,TT,CC,CC,CC,CC,CC,TT,CC,CC,CC,CC,CC,CC,CC,CC,CC,CC,CC,CC,CC,CC,CC,CC,CC,TT,CC,CC,CC,CC,CC,CC,CC,TT,CC,CC,CC,CC,CC,CC,CC,CC,TT,CC,CC,CC,TT,CC,TT,CC,CC,CC,CC,CC,CC,CC,CC,TT,TT,CC,CC,CC,TT,CC,CC,TT,CC,TT,CC,CC,CC,CC,CC,CC,CC,CC,CC,CC,CC,TT,CC,CC,CC,CC,CC,CC,TT,CC,TT,CC,CC,CC,CC,CC,CC,CC,CC,TT,TT,CC,NN,TT,CC,CC,CC,CC,CC,CC,CC,CC,CC,CC,CC,CC,TT,CC,CC,TT,CC,CC,TT,TT,TT,CC,CC,TT,CC,CC,CC,CC,CC,CC,CC,TT,CC,CC,NN,CC,CC,CC,CC,CC,CC,CC,CC,CC,CC,CC,CC,TT,TT,TT,CC,CC,CC,CC,CC,CC,CC,CC,TT,CC,CC,CC,CC,CC,TT,CC,CC,CC,TT,CC,CC,CC,CC,CC,CC,CC,CC,CC,CC,CC,CC,CC,CC,TT,CC,CC,CC,CC,CC,CC,CC,CC,CC,CC,CC,CC,CC,CC,CC,CC,TT,TT,CC,TT,TT,TT,CC,CC,CC,CC,CC,CC,CC,CC,CC,CC,TT,CC,CC,CC,TT,CC,CC,CC,CC,CC,CC,TT,CC,CC,CC,TT,CC,CC,CC,CC,CC,CC,CC,CC,CC,CC,CC,CC,CC,CC,CC,CC,CC,TT,TT,TT,CC,CC,CC,CC,CC,CC,TT,CC,CC,CC,CC,CC,CC,CC,CC,CC,CC,CC,CC,CC,CC,CC,CC,CC,CC,CC,CC,TT,CC,CC,CC,CC,CC,CC,CC,CC,CC,CC,CC,CC,CC,CC,CC,CC,CC,TT,CC,CC,CC,CC,CC,CC,TT,CC,CC,CC,CC,CC,CC,CC,CC,CC,CC,CC,CC,CC,CC,CC,CC,CC,TT,CC,TT,CC,CC,CC,CC,CC,CC,CC,CC,CC,CC,CC,TT,CC,CC,CC,CC,CC,CC,CC,TT,CC,CC,CC,CC,CC,CC,CC,CC,CC,TT,TT,TT,CC,CC,CC,CC,CC,CC,CC,CC,CC,CC,CC,CC,CC,CC,CC,CC,TT,CC,CC,CC,CC,CC,TT,CC,CC,CC,CC,CC,CC,CC,CC,CC,CC,CC,TT,CC,CC,CC,CC,CC,CC,CC,CC,CC,CC,CC,CC,CC,CC,CC,CC,CC,CC,CC,TT,TT,CC,TT,CC,CC,CC,CC,CC,CC,CC,CC,CC,TT,CC,CC,CC,CC,TT,TT,CC,CC,TT,CC,CC,CC,CC,CC,CC,CC,CC,CC,CC,CC,CC,CC,CC,CC,CC,CC,CC,CC,CC,CC,CC,CC,CC,CC,CC,CC,CC,CC,CC,CC,CC,CC,CC,CC,CC,TT,CC,CC,CC,CC,CC,CC,CC,CC,TT,CC,CC,CC,CC,CC,CC,CC,CC,CC,CC,CC,TT,CC,CC,CC,CC,CC,CC,CC,CC,CC,CC,CC,CC,CC,CC,CC,CC,CC,CC,CC,CC,CC,CC,CC,CC,CC,CC,CC,CC,TT,CC,CC,CC,CC,CC,CC,CC,CC,CC,TT,CC,TT,CC,CC,CC,CC,CC,CC,CC,CC,CC,CC,CC,CC,CC,CC,CC,TT,CC,CC,CC,CC,CC,CC,CC,TT,CC,TT,CC,CC,CC,CC,CC,CC,CC,CC,TT,TT,CC,TT,CC,CC,CC,CC,CC,CC,CC,CC,CC,CC,CC,CC,CC,CC,CC,CC,CC,CC,CC,CC,CC,CC,TT,CC,CC,CC,CC,CC,CC,CC,CC,CC,CC,CC,CC,CC,CC,CC,CC,CC,CC,CC,CC,CC,CC,TT,CC,TT,CC,CC,CC,CC,CC,CC,CC,CC,CC,CC,CC,CC,CC,CC,CC,CC,CC,CC,CC,CC,CC,CC,CC,CC,CC,CC,CC,TT,CC,CC,CC,TT,TT,CC,TT,CC,CC,CC,CC,CC,CC,CC,CC,CC,CC,CC,CC,CC,CC,CC,CC,CC,CC,CC,CC,CC,CC,CC,CC,CC,CC,CC,TT,CC,CC,CC,CC,CC,CC,CC,CC,CC,CC,TT,TT,CC,CC,CC,CC,CC,CC,CC,CC,CC,CC,CC,CC,CC,CC,CC,CC,CC,CC,CC,CC,CC,CC,CC,CC,CC,CC,CC,CC,CC,CC,CC,CC,CC,CC,CC,CC,CC,CC,CC,CC,CC,CC,CC,CC,CC,CC,CC,CC,CC,CC,CC,CC,CC,TT,CC,CC,CC,CC,CC,CC,CC,CC,CC,CC,CC,CC,CC,CC,CC,CC,CC,CC,CC,CC,CC,CC,CC,CC,CC,CC,CC,CC,CC,CC,CC,CC,CC,CC,CC,CC,CC,CC,CC,CC,CC,CC,CC,CC,TT,CC,CC,CC,CC,CC,CC,CC,CC,CC,CC,CC,CC,CC,CC,CC,CC,CC,CC,CC,CC,CC,CC,CC,CC,CC,CC,CC,CC,CC,CC,CC,CC,CC,CC,CC,CC,CC,CC,CC,CC,CC,CC,CC,CC,TT,CC,CC,CC,CC,CC,CC,CC,CC,CC,CC,CC,CC,CC,CC,CC,CC,CC,CC,CC,CC,CC,CC,CC,CC,CC,CC,CC,CC,CC,CC,CC,TT,CC,CC,CC,CC,CC,CC,CC,CC,CC,CC,CC,CC,CC,CC,CC,NN,CC,CC,CC,CC,CC,CC,CC,TT,CC
IWA6745*,0.72,,AA,AA,AA,CC,AA,AA,AA,AA,AA,AA,AA,AA,AA,AA,AA,AA,AA,AA,AA,AA,AA,AA,AA,AA,AA,AA,AA,AA,AA,AA,NN,CC,AA,AA,AA,AA,AA,AA,CC,AA,AA,AA,AA,AA,AA,AA,AA,AA,AA,AA,AA,AA,AA,AA,CC,AA,AA,AA,AA,AA,AA,CC,AA,CC,AA,NN,AA,NN,CC,AA,AA,AA,AA,AA,AA,AA,AA,AA,CC,AA,AA,AA,AA,AA,AA,AA,AA,NN,AA,AA,CC,CC,AA,AA,AA,CC,AA,CC,CC,AA,AA,AA,AA,AA,AA,CC,AA,AA,AA,CC,CC,CC,AA,AA,AA,AA,CC,CC,CC,AA,AA,CC,CC,CC,AA,AA,AA,CC,CC,CC,AA,AA,AA,AA,AA,CC,AA,AA,AA,AA,AA,AA,AA,AA,AA,AA,AA,AA,AA,AA,AA,AA,AA,CC,CC,AA,CC,AA,AA,CC,CC,AA,AA,CC,AA,AA,AA,AA,AA,AA,AA,AA,AA,AA,AA,CC,CC,AA,AA,CC,AA,CC,AA,AA,AA,AA,AA,CC,CC,AA,AA,AA,AA,AA,AA,AA,AA,CC,AA,AA,AA,AA,AA,AA,AA,AA,CC,AA,AA,CC,CC,NN,AA,AA,AA,AA,AA,AA,AA,CC,CC,AA,AA,AA,AA,AA,AA,AA,AA,AA,CC,AA,CC,AA,CC,AA,AA,AA,AA,AA,AA,AA,AA,AA,AA,AA,AA,AA,AA,CC,CC,AA,AA,AA,AA,AA,AA,AA,AA,AA,AA,AA,AA,AA,AA,CC,CC,CC,AA,AA,NN,AA,AA,CC,AA,AA,AA,CC,AA,AA,AA,AA,AA,AA,AA,CC,AA,CC,CC,AA,AA,AA,NN,AA,AA,AA,CC,CC,AA,AA,AA,AA,AA,AA,AA,CC,AA,CC,AA,AA,AA,NN,AA,AA,AA,AA,AA,AA,AA,CC,CC,AA,AA,AA,AA,CC,AA,AA,AA,AA,CC,NN,AA,CC,AA,AA,CC,CC,AA,AA,AA,AA,AA,AA,AA,AA,AA,AA,AA,CC,AA,AA,AA,AA,AA,AA,AA,AA,AA,AA,AA,AA,AA,AA,AA,CC,AA,CC,AA,NN,AA,AA,CC,AA,AA,AA,AA,AA,AA,AA,AA,AA,AA,AA,AA,AA,AA,AA,AA,AA,AA,AA,AA,AA,AA,AA,CC,CC,CC,AA,AA,AA,AA,CC,AA,AA,CC,AA,AA,AA,AA,CC,CC,AA,AA,AA,AA,AA,AA,AA,AA,AA,AA,AA,AA,AA,AA,AA,AA,AA,CC,CC,AA,AA,AA,AA,AA,CC,AA,AA,CC,AA,AA,AA,AA,AA,AA,AA,CC,AA,AA,AA,CC,CC,NN,AA,CC,AA,CC,AA,AA,AA,CC,AA,CC,AA,CC,AA,AA,CC,AA,CC,CC,AA,AA,AA,AA,AA,CC,AA,AA,AA,CC,AA,AA,CC,AA,AA,AA,AA,AA,AA,AA,AA,CC,AA,AA,CC,CC,AA,AA,AA,AA,AA,AA,CC,CC,CC,CC,AA,CC,CC,AA,AA,CC,AA,AA,CC,AA,AA,AA,AA,AA,AA,AA,AA,AA,AA,AA,AA,AA,AA,AA,AA,AA,AA,AA,AA,AA,AA,AA,CC,AA,AA,AA,AA,AA,CC,CC,AA,AA,AA,AA,CC,AA,AA,AA,CC,AA,AA,AA,AA,AA,AA,AA,AA,AA,AA,AA,AA,AA,AA,AA,AA,AA,AA,NN,AA,AA,AA,CC,AA,AA,AA,AA,AA,CC,CC,CC,CC,AA,AA,AA,AA,AA,AA,AA,AA,CC,CC,AA,CC,CC,CC,AA,AA,AA,AA,AA,CC,AA,AA,AA,AA,AA,CC,AA,AA,AA,AA,AA,AA,AA,AA,AA,AA,AA,AA,CC,AA,AA,AA,AA,AA,CC,CC,AA,CC,AA,AA,AA,CC,AA,AA,CC,AA,AA,AA,AA,AA,AA,AA,AA,AA,AA,AA,AA,AA,AA,AA,CC,CC,AA,AA,AA,AA,AA,AA,AA,CC,CC,AA,CC,CC,CC,CC,AA,AA,AA,CC,AA,AA,AA,AA,AA,AA,AA,AA,NN,CC,CC,AA,AA,CC,CC,AA,AA,CC,AA,AA,AA,AA,AA,CC,AA,CC,CC,AA,AA,CC,AA,AA,CC,AA,CC,AA,AA,AA,AA,AA,AA,AA,AA,AA,AA,AA,AA,AA,AA,AA,AA,AA,AA,AA,AA,AA,AA,AA,AA,AA,AA,AA,AA,AA,AA,AA,CC,CC,AA,AA,CC,AA,CC,CC,NN,AA,AA,CC,CC,CC,AA,AA,AA,AA,CC,CC,AA,AA,CC,CC,CC,AA,CC,AA,AA,AA,AA,AA,AA,CC,CC,AA,CC,CC,CC,AA,AA,AA,AA,AA,AA,AA,AA,AA,AA,AA,AA,AA,AA,AA,CC,CC,CC,AA,CC,CC,AA,AA,CC,CC,AA,AA,AA,CC,AA,CC,AA,AA,AA,AA,AA,AA,AA,AA,AA,AA,CC,AA,CC,CC,CC,AA,CC,CC,CC,AA,AA,AA,CC,AA,AA,AA,CC,AA,AA,AA,CC,AA,AA,AA,AA,AA,AA,AA,AA,AA,CC,CC,NN,CC,AA,AA,AA,AA,AA,CC,AA,AA,AA,AA,AA,AA,AA,AA,CC,AA,AA,AA,CC,AA,CC,CC,CC,AA,AA,CC,AA,AA,CC,AA,CC,AA,AA,CC,AA,AA,AA,CC,AA,CC,AA,AA,AA,CC,CC,CC,AA,CC,CC,AA,AA,AA,AA,AA,AA,CC,AA,CC,CC,AA,AA,AA,AA,NN,AA,CC,CC,CC,AA,AA,AA,AA,CC,AA,CC,AA,AA,CC,AA,CC,AA,AA,AA,AA,CC,CC,AA,AA,AA,AA,AA,AA,AA,CC,AA,CC,AA,AA,NN,AA,CC,AA,CC,AA,AA,CC,AA,CC,CC,AA,AA,CC,CC,CC,CC,AA,AA,AA,CC,AA,CC,CC,AA,CC,AA,AA,AA,CC,CC,AA,AA,CC,AA,AA,AA,AA,CC,AA,CC,CC,AA,AA,AA,AA,AA,AA,AA,CC,CC,AA,CC,AA,AA,AA,AA,CC,AA,AA,AA,AA,AA,AA,CC,AA,AA,AA,AA,CC,AA,CC,CC,CC,AA,CC,CC,AA,CC,AA,AA,AA,CC,AA,AA,AA,AA,AA,AA,AA,CC,AA,AA,AA,CC,NN,AA,AA,AA,CC,CC,AA,AA,AA,AA,AA,CC,AA,AA,CC,CC,CC,AA,NN,AA,CC,AA,AA,AA,AA,AA,AA,CC,NN,CC,CC,CC,AA,AA,AA,CC,AA,AA,CC,CC,CC,CC,CC,CC,AA,AA,NN,AA,AA,CC,AA,NN,CC,AA,AA,CC,CC,CC,AA,AA,AA,AA,AA,NN,CC,CC,CC,AA,AA,CC,CC,AA,AA,AA,AA,AA,AA,AA,CC,CC,CC,AA,AA,AA,CC,CC,CC,CC,CC,CC,CC,CC,CC,CC,CC,CC,AA,AA,AA,AA,CC,CC,CC,CC,CC,CC,CC,AA,CC,AA,AA,AA,CC,CC,AA,CC,AA,CC,AA,CC,AA,CC
IWA5087*,0.85,,GG,GG,GG,GG,GG,GG,GG,GG,GG,GG,GG,GG,GG,GG,GG,GG,GG,GG,GG,GG,GG,GG,GG,GG,GG,GG,GG,AA,GG,GG,GG,AA,GG,GG,GG,GG,GG,AA,GG,GG,GG,GG,GG,GG,GG,GG,GG,AA,GG,GG,GG,GG,GG,AA,GG,GG,GG,GG,GG,GG,GG,GG,GG,AA,AA,GG,GG,GG,GG,GG,GG,GG,GG,AA,GG,GG,GG,GG,GG,GG,GG,GG,GG,GG,GG,GG,GG,GG,GG,GG,GG,GG,GG,GG,GG,GG,GG,GG,AA,GG,GG,GG,GG,GG,GG,GG,GG,GG,GG,GG,GG,GG,AA,GG,GG,GG,GG,GG,GG,AA,GG,AA,GG,GG,GG,GG,GG,GG,GG,GG,GG,GG,GG,GG,GG,AA,GG,GG,GG,GG,GG,GG,GG,GG,GG,GG,GG,GG,GG,GG,GG,GG,GG,AA,AA,GG,AA,GG,GG,GG,GG,GG,GG,GG,GG,AA,AA,GG,GG,GG,GG,GG,GG,GG,GG,GG,GG,GG,AA,GG,GG,GG,GG,GG,GG,GG,GG,AA,GG,GG,GG,GG,GG,GG,GG,GG,AA,GG,GG,AA,GG,GG,GG,GG,GG,GG,AA,GG,GG,GG,GG,GG,AA,GG,GG,GG,GG,GG,AA,GG,GG,GG,GG,GG,GG,GG,GG,AA,AA,GG,AA,GG,GG,GG,AA,GG,GG,GG,GG,GG,GG,GG,AA,GG,GG,AA,GG,GG,GG,GG,GG,GG,GG,GG,GG,GG,GG,AA,GG,GG,GG,GG,GG,GG,GG,GG,GG,GG,AA,GG,GG,GG,GG,GG,GG,GG,AA,AA,AA,GG,GG,GG,GG,AA,GG,GG,GG,GG,GG,GG,GG,GG,GG,AA,AA,GG,GG,GG,GG,GG,GG,GG,GG,GG,GG,GG,GG,GG,GG,AA,GG,GG,GG,GG,GG,GG,GG,AA,GG,GG,GG,GG,GG,GG,GG,AA,GG,GG,GG,GG,GG,GG,GG,AA,GG,AA,GG,GG,GG,GG,GG,GG,AA,GG,AA,GG,GG,GG,GG,GG,GG,GG,GG,GG,GG,GG,GG,GG,GG,GG,GG,GG,GG,GG,GG,GG,GG,GG,GG,GG,GG,GG,AA,GG,GG,GG,GG,GG,GG,GG,GG,GG,GG,GG,GG,AA,GG,GG,GG,GG,GG,GG,GG,AA,GG,GG,GG,GG,GG,GG,GG,GG,GG,GG,GG,AA,AA,GG,GG,GG,GG,GG,AA,GG,GG,GG,GG,GG,GG,GG,GG,GG,GG,GG,AA,AA,GG,GG,GG,GG,AA,GG,GG,GG,GG,GG,GG,AA,GG,AA,GG,AA,GG,GG,GG,GG,GG,GG,GG,GG,GG,GG,GG,AA,GG,GG,GG,GG,GG,GG,GG,GG,GG,GG,GG,GG,AA,GG,GG,GG,GG,GG,GG,GG,GG,GG,AA,GG,GG,GG,GG,GG,AA,GG,GG,GG,GG,GG,GG,GG,GG,GG,GG,AA,AA,GG,GG,GG,GG,GG,GG,GG,GG,GG,AA,GG,GG,GG,GG,GG,GG,GG,GG,GG,GG,GG,GG,GG,AA,AA,GG,GG,GG,GG,GG,GG,GG,AA,GG,GG,GG,GG,GG,AA,GG,GG,GG,GG,GG,GG,GG,GG,GG,GG,GG,GG,AA,GG,GG,GG,AA,GG,GG,AA,GG,GG,GG,GG,GG,GG,GG,GG,GG,GG,GG,GG,GG,GG,GG,GG,GG,GG,GG,GG,GG,GG,GG,GG,GG,GG,GG,GG,GG,GG,GG,GG,GG,GG,GG,GG,AA,GG,GG,GG,GG,GG,AA,GG,AA,GG,GG,AA,AA,AA,GG,GG,GG,GG,GG,GG,GG,GG,GG,GG,GG,GG,AA,GG,GG,GG,GG,GG,GG,GG,GG,GG,GG,GG,GG,GG,GG,GG,AA,AA,GG,GG,AA,GG,GG,GG,GG,GG,GG,GG,GG,GG,GG,GG,GG,GG,GG,GG,GG,GG,GG,GG,GG,GG,GG,GG,GG,GG,AA,GG,GG,GG,GG,AA,GG,GG,GG,AA,GG,GG,GG,GG,GG,GG,GG,GG,GG,GG,GG,GG,GG,GG,GG,GG,GG,GG,GG,GG,GG,AA,GG,GG,GG,GG,GG,GG,GG,GG,GG,AA,GG,GG,GG,GG,GG,GG,GG,GG,AA,AA,GG,GG,GG,GG,GG,GG,GG,GG,GG,AA,GG,GG,GG,GG,GG,GG,GG,GG,GG,GG,GG,GG,GG,GG,GG,GG,GG,GG,GG,GG,GG,GG,GG,GG,GG,GG,AA,GG,GG,GG,GG,GG,AA,GG,GG,GG,GG,GG,GG,GG,GG,GG,GG,GG,AA,AA,AA,AA,GG,GG,AA,GG,GG,GG,GG,GG,GG,GG,GG,GG,GG,GG,AA,GG,GG,GG,GG,GG,GG,GG,GG,GG,GG,GG,GG,GG,GG,AA,GG,GG,GG,GG,GG,GG,GG,GG,GG,GG,GG,GG,GG,GG,GG,GG,GG,GG,AA,GG,GG,GG,GG,GG,GG,GG,GG,GG,AA,GG,GG,GG,GG,GG,AA,AA,GG,GG,GG,GG,GG,AA,AA,GG,GG,AA,AA,GG,AA,GG,GG,GG,GG,GG,GG,GG,GG,GG,GG,GG,GG,GG,GG,GG,GG,GG,GG,GG,GG,GG,AA,AA,GG,GG,AA,AA,GG,GG,GG,GG,GG,GG,GG,AA,AA,GG,GG,GG,GG,AA,GG,GG,AA,GG,GG,AA,GG,GG,GG,AA,GG,AA,AA,AA,GG,GG,AA,GG,GG,GG,GG,GG,GG,GG,GG,GG,GG,GG,GG,GG,GG,GG,GG,AA,GG,GG,GG,GG,GG,GG,GG,GG,AA,GG,GG,AA,GG,GG,GG,GG,GG,GG,GG,AA,GG,GG,GG,GG,GG,GG,GG,GG,GG,GG,GG,GG,GG,GG,GG,AA,AA,AA,AA,GG,GG,GG,GG,GG,GG,GG,AA,GG,AA,GG,GG,GG,GG,GG,GG,GG,GG,GG,GG,GG,GG,GG,GG,GG,GG,GG,GG,GG,GG,AA,AA,AA,GG,GG,GG,GG,GG,GG,AA,GG,AA,GG,GG,GG,GG,GG,GG,GG,GG,AA,GG,GG,GG,GG,GG,GG,GG,GG,GG,GG,GG,GG,AA,GG,GG,AA,GG,GG,GG,AA,GG,AA,AA,GG,AA,GG,GG,GG,GG,GG,GG,GG,GG,GG,GG,GG,GG,GG,GG,GG,GG,GG,GG,GG,GG,GG,GG,GG,AA,AA,AA,GG,GG,AA,GG,GG,AA,AA,GG,GG,GG,GG,GG,GG,GG,GG,AA,GG,GG,GG,GG,GG,AA,AA,AA,AA,GG,GG,GG,AA,GG,AA,GG,AA,GG,GG,NN,GG,GG,GG,GG,GG,GG,GG,GG,GG,GG,GG,GG,GG,GG,AA,AA,GG,GG,GG,GG,GG,GG,GG,GG,GG,GG,GG,GG,GG,GG,GG,GG,GG,AA,GG,GG,GG,AA,GG,GG,GG,AA,AA,GG,GG,GG,GG,GG,GG,GG,AA,GG,GG,GG,GG,GG,GG,AA,GG,NN,GG,GG,AA,GG,AA,GG,AA,GG,GG,GG,GG,NN
IWA2526*,0.31,,CC,CC,CC,TT,TT,CC,CC,TT,TT,TT,TT,TT,TT,CC,CC,CC,CC,TT,TT,CC,CC,CC,CC,CC,CC,CC,CC,TT,CC,CC,CC,CC,CC,TT,CC,CC,CC,TT,CC,CC,TT,TT,CC,CC,CC,CC,TT,TT,TT,CC,CC,CC,TT,TT,TT,CC,CC,CC,CC,CC,TT,TT,CC,CC,TT,CC,TT,TT,CC,CC,CC,CC,TT,TT,TT,CC,CC,TT,CC,TT,CC,CC,CC,CC,TT,CC,CC,CC,CC,CC,CC,CC,CC,CC,TT,TT,CC,TT,TT,TT,CC,CC,CC,CC,CC,TT,CC,TT,TT,CC,CC,CC,TT,CC,CC,CC,TT,TT,CC,TT,CC,TT,CC,CC,TT,TT,TT,CC,CC,CC,CC,CC,CC,CC,CC,CC,CC,TT,CC,CC,CC,CC,CC,TT,TT,CC,CC,TT,CC,TT,CC,CC,TT,CC,TT,CC,TT,CC,CC,CC,CC,TT,TT,CC,CC,TT,TT,CC,CC,CC,CC,CC,CC,CC,TT,TT,CC,TT,TT,CC,CC,TT,CC,CC,TT,CC,CC,CC,TT,CC,CC,TT,TT,TT,CC,CC,CC,TT,TT,TT,TT,TT,TT,CC,TT,CC,CC,TT,CC,TT,CC,CC,CC,CC,TT,CC,TT,TT,CC,CC,CC,CC,CC,CC,TT,CC,TT,CC,CC,TT,TT,CC,TT,TT,TT,TT,TT,TT,CC,TT,TT,CC,CC,CC,TT,TT,TT,CC,TT,TT,CC,CC,CC,CC,CC,CC,CC,CC,TT,CC,CC,TT,TT,TT,TT,CC,CC,TT,TT,CC,TT,CC,CC,TT,TT,CC,CC,TT,CC,CC,CC,TT,CC,TT,CC,TT,TT,TT,CC,CC,TT,CC,TT,CC,CC,TT,CC,TT,TT,TT,CC,CC,TT,TT,TT,CC,CC,CC,TT,TT,CC,TT,CC,TT,CC,CC,CC,TT,TT,TT,CC,TT,TT,CC,TT,TT,TT,TT,TT,CC,CC,CC,TT,CC,TT,TT,CC,CC,TT,CC,TT,CC,CC,TT,TT,TT,TT,TT,TT,TT,CC,CC,TT,TT,CC,TT,CC,TT,TT,TT,CC,TT,CC,CC,CC,TT,TT,CC,CC,TT,CC,CC,CC,TT,TT,TT,CC,TT,TT,TT,TT,TT,CC,TT,CC,TT,TT,TT,CC,TT,TT,TT,CC,CC,TT,CC,CC,TT,TT,TT,CC,CC,TT,CC,TT,CC,TT,CC,TT,TT,CC,TT,CC,TT,TT,TT,TT,TT,TT,CC,TT,CC,TT,TT,CC,TT,CC,TT,CC,TT,TT,CC,TT,TT,TT,TT,TT,CC,CC,CC,TT,TT,TT,TT,CC,CC,CC,CC,TT,CC,TT,TT,TT,CC,TT,TT,CC,CC,TT,CC,TT,CC,TT,CC,TT,TT,TT,TT,TT,TT,TT,TT,TT,CC,TT,TT,TT,CC,TT,TT,CC,CC,TT,CC,TT,TT,TT,TT,CC,TT,TT,TT,TT,CC,CC,CC,CC,TT,CC,CC,TT,TT,CC,CC,TT,TT,TT,TT,TT,CC,CC,CC,CC,TT,CC,TT,CC,TT,CC,TT,TT,CC,CC,TT,CC,TT,CC,CC,TT,CC,CC,TT,TT,TT,TT,TT,TT,TT,TT,TT,TT,CC,TT,TT,CC,CC,CC,TT,TT,TT,TT,CC,TT,TT,CC,TT,CC,CC,TT,CC,TT,TT,TT,TT,TT,TT,TT,TT,TT,TT,TT,TT,TT,TT,TT,TT,TT,TT,TT,TT,TT,TT,CC,TT,CC,TT,TT,TT,TT,TT,CC,CC,TT,TT,TT,TT,CC,CC,CC,TT,TT,TT,TT,TT,TT,CC,TT,TT,TT,TT,TT,TT,TT,TT,TT,TT,TT,TT,CC,TT,CC,TT,TT,CC,CC,TT,TT,TT,TT,TT,TT,TT,TT,CC,TT,TT,TT,CC,TT,CC,TT,TT,TT,TT,TT,TT,TT,TT,TT,TT,TT,TT,TT,CC,TT,TT,CC,CC,TT,TT,TT,TT,TT,TT,TT,TT,TT,CC,TT,TT,TT,CC,TT,TT,TT,TT,TT,TT,TT,TT,TT,TT,TT,TT,TT,TT,TT,CC,TT,TT,TT,TT,CC,CC,TT,TT,TT,TT,TT,TT,TT,TT,TT,TT,TT,TT,TT,TT,CC,TT,CC,CC,TT,TT,TT,TT,TT,TT,TT,CC,TT,TT,TT,CC,TT,TT,TT,TT,TT,TT,TT,TT,TT,TT,TT,TT,TT,TT,TT,TT,TT,TT,TT,TT,TT,TT,TT,TT,TT,CC,CC,TT,CC,TT,TT,TT,CC,TT,TT,TT,TT,TT,TT,TT,TT,TT,TT,CC,TT,TT,TT,CC,TT,TT,TT,TT,TT,CC,TT,CC,CC,TT,CC,TT,TT,TT,TT,TT,TT,TT,TT,TT,TT,TT,TT,TT,TT,TT,TT,TT,TT,TT,TT,CC,TT,TT,TT,CC,TT,CC,TT,TT,TT,TT,TT,TT,TT,TT,TT,TT,TT,TT,TT,TT,TT,CC,TT,TT,CC,TT,TT,TT,CC,TT,TT,TT,TT,TT,TT,TT,TT,TT,CC,CC,CC,TT,TT,TT,TT,CC,TT,TT,CC,TT,TT,TT,TT,TT,NN,TT,TT,TT,TT,TT,TT,TT,TT,TT,TT,TT,TT,TT,TT,CC,CC,CC,TT,TT,TT,TT,TT,TT,TT,TT,TT,TT,TT,CC,TT,TT,TT,TT,TT,TT,TT,TT,CC,TT,TT,TT,TT,CC,TT,CC,CC,CC,TT,TT,TT,TT,TT,TT,TT,TT,TT,TT,TT,TT,TT,TT,TT,TT,TT,TT,TT,TT,CC,TT,TT,TT,TT,CC,TT,TT,TT,TT,TT,TT,TT,TT,TT,CC,TT,TT,TT,TT,TT,TT,TT,TT,TT,TT,TT,TT,TT,TT,CC,CC,TT,TT,TT,TT,TT,TT,TT,TT,TT,CC,TT,TT,TT,TT,TT,TT,TT,TT,CC,TT,TT,TT,TT,TT,TT,TT,TT,TT,TT,TT,TT,TT,CC,TT,TT,CC,TT,CC,CC,CC,TT,TT,TT,TT,TT,TT,TT,TT,TT,TT,TT,TT,TT,CC,TT,TT,TT,TT,TT,TT,TT,TT,TT,TT,TT,TT,TT,TT,TT,TT,TT,CC,TT,TT,TT,TT,TT,TT,TT,TT,TT,TT,TT,TT,TT,TT,TT,TT,TT,TT,TT,TT,TT,TT,TT,TT,TT,TT,TT,TT,TT,TT,TT,TT,TT,TT,TT,TT,TT,TT,TT,TT,TT,TT,TT,TT,TT,TT,TT,TT,TT,TT,TT,CC,TT,TT,TT,TT,TT,TT,TT,TT,TT,TT,TT,TT,TT,CC,TT,TT,CC,TT,TT,TT,TT,TT,TT,TT,TT,TT,TT,TT,TT,TT,TT,TT,TT,TT,TT,TT,TT,TT,CC,CC,CC,TT,TT,TT,TT,TT,TT,TT,TT,TT,TT,CC,TT,TT,TT,TT,CC,TT,CC,TT,TT,TT,CC,TT,TT,TT,TT,TT,TT,TT,TT,TT,TT,TT,CC,TT,TT,TT,TT,TT,TT,TT,TT,TT,TT,TT,TT,TT,CC,TT,TT,TT,NN
IWA5824*,0.60,,GG,GG,GG,GG,GG,GG,GG,GG,GG,GG,GG,GG,GG,GG,GG,GG,GG,GG,GG,GG,GG,GG,GG,GG,AA,GG,GG,GG,AA,GG,GG,AA,GG,GG,GG,AA,GG,GG,GG,GG,GG,GG,GG,GG,GG,GG,GG,AA,GG,GG,AA,GG,GG,GG,GG,GG,GG,GG,GG,GG,GG,GG,GG,GG,GG,GG,GG,GG,GG,GG,GG,GG,GG,GG,GG,GG,GG,GG,AA,AA,AA,AA,GG,GG,AA,GG,GG,GG,AA,GG,GG,GG,GG,GG,GG,GG,GG,GG,GG,GG,GG,GG,GG,GG,GG,GG,GG,GG,GG,GG,GG,GG,GG,GG,GG,GG,AA,AA,GG,GG,GG,GG,GG,GG,GG,GG,AA,GG,GG,GG,GG,GG,GG,GG,GG,GG,GG,GG,GG,GG,AA,GG,GG,AA,AA,GG,GG,GG,GG,GG,AA,AA,GG,GG,GG,GG,GG,GG,GG,GG,GG,GG,GG,GG,GG,GG,GG,GG,GG,AA,GG,GG,GG,GG,GG,GG,GG,GG,GG,AA,AA,GG,AA,GG,GG,GG,GG,GG,GG,GG,GG,AA,GG,AA,GG,GG,GG,AA,GG,GG,GG,GG,GG,GG,GG,GG,GG,GG,GG,GG,GG,AA,GG,GG,GG,GG,GG,AA,GG,GG,AA,GG,GG,GG,GG,GG,AA,GG,GG,GG,GG,GG,GG,GG,GG,GG,GG,GG,AA,GG,GG,GG,GG,GG,GG,GG,GG,GG,GG,GG,GG,GG,GG,GG,GG,GG,GG,AA,GG,GG,GG,GG,GG,GG,AA,AA,AA,GG,AA,GG,GG,GG,GG,AA,GG,GG,GG,GG,GG,GG,GG,GG,GG,AA,GG,GG,GG,AA,GG,AA,AA,AA,AA,GG,GG,GG,GG,AA,GG,GG,GG,GG,GG,GG,AA,GG,GG,GG,GG,AA,GG,GG,GG,GG,GG,GG,GG,GG,GG,AA,GG,GG,GG,GG,GG,GG,GG,GG,GG,GG,GG,GG,GG,GG,GG,GG,AA,GG,AA,GG,GG,GG,GG,GG,AA,GG,AA,AA,GG,AA,AA,AA,GG,GG,GG,GG,GG,GG,GG,GG,AA,GG,GG,GG,GG,GG,GG,GG,GG,GG,GG,GG,GG,GG,GG,AA,AA,GG,GG,GG,AA,GG,GG,GG,GG,AA,GG,GG,GG,GG,GG,GG,GG,GG,GG,GG,GG,GG,GG,GG,GG,GG,GG,GG,AA,GG,AA,GG,GG,GG,AA,AA,GG,GG,AA,AA,AA,AA,AA,GG,GG,GG,GG,GG,AA,AA,GG,AA,AA,AA,GG,GG,AA,AA,GG,AA,GG,GG,GG,GG,GG,AA,AA,GG,GG,AA,GG,GG,AA,GG,AA,AA,GG,GG,GG,GG,GG,AA,GG,GG,GG,GG,GG,GG,GG,AA,GG,GG,GG,GG,AA,AA,AA,GG,GG,GG,GG,GG,GG,AA,GG,GG,GG,GG,GG,GG,AA,GG,GG,GG,GG,AA,AA,AA,AA,GG,AA,GG,GG,GG,GG,GG,GG,GG,GG,AA,GG,GG,GG,AA,GG,AA,GG,GG,GG,GG,AA,GG,GG,GG,AA,GG,GG,GG,GG,GG,GG,GG,AA,AA,GG,GG,GG,AA,GG,AA,AA,AA,GG,GG,GG,GG,AA,GG,GG,GG,GG,GG,GG,NN,GG,AA,GG,GG,GG,AA,GG,AA,AA,GG,AA,AA,AA,GG,AA,AA,AA,AA,AA,AA,AA,AA,AA,AA,AA,AA,GG,GG,GG,GG,GG,GG,GG,AA,GG,GG,GG,GG,GG,AA,AA,GG,AA,GG,GG,GG,AA,GG,GG,GG,AA,GG,GG,GG,GG,GG,AA,AA,GG,AA,AA,GG,AA,AA,GG,GG,GG,AA,GG,AA,GG,GG,GG,GG,AA,AA,AA,AA,GG,GG,AA,GG,GG,GG,GG,AA,GG,GG,AA,AA,GG,AA,GG,AA,AA,AA,AA,AA,AA,AA,GG,GG,GG,AA,GG,GG,GG,AA,GG,GG,GG,GG,GG,AA,AA,AA,GG,GG,GG,AA,GG,AA,GG,AA,GG,GG,AA,AA,AA,AA,AA,AA,AA,AA,AA,GG,GG,AA,GG,GG,AA,AA,GG,GG,GG,GG,AA,AA,AA,AA,AA,AA,AA,GG,AA,AA,GG,GG,GG,GG,AA,GG,GG,GG,AA,AA,AA,AA,AA,GG,AA,AA,AA,AA,AA,AA,AA,AA,AA,AA,AA,AA,AA,AA,GG,AA,AA,AA,AA,AA,AA,AA,AA,AA,AA,AA,AA,AA,GG,AA,AA,AA,AA,AA,GG,AA,AA,GG,GG,GG,AA,GG,GG,GG,AA,GG,GG,GG,GG,GG,GG,AA,GG,GG,AA,AA,AA,GG,GG,GG,GG,AA,GG,AA,AA,AA,AA,AA,AA,AA,AA,AA,AA,AA,AA,AA,GG,AA,AA,AA,GG,GG,GG,GG,GG,AA,GG,AA,AA,AA,GG,AA,GG,GG,AA,AA,AA,AA,GG,AA,AA,AA,AA,AA,AA,AA,AA,AA,GG,AA,GG,GG,GG,GG,AA,AA,AA,AA,AA,GG,GG,GG,AA,GG,GG,AA,GG,GG,GG,AA,AA,AA,GG,AA,AA,AA,AA,GG,NN,AA,AA,GG,AA,AA,AA,AA,AA,AA,AA,AA,GG,AA,GG,AA,GG,GG,GG,AA,AA,AA,GG,GG,GG,AA,AA,GG,GG,AA,AA,GG,AA,GG,AA,AA,GG,AA,GG,GG,GG,AA,AA,GG,GG,GG,GG,GG,AA,AA,GG,AA,AA,GG,AA,AA,GG,AA,AA,AA,GG,AA,AA,GG,AA,GG,GG,GG,GG,AA,GG,AA,AA,GG,AA,GG,AA,GG,GG,GG,AA,AA,AA,AA,AA,AA,AA,AA,AA,AA,AA,AA,GG,GG,GG,GG,AA,AA,GG,AA,AA,GG,GG,AA,GG,GG,GG,GG,GG,GG,GG,AA,GG,GG,GG,GG,GG,AA,GG,GG,AA,AA,AA,AA,AA,AA,AA,AA,AA,AA,AA,AA,AA,GG,AA,GG,GG,AA,GG,GG,AA,AA,GG,AA,GG,AA,AA,AA,AA,AA,GG,GG,AA,AA,AA,AA,AA,GG,AA,AA,AA,AA,GG,AA,AA,AA,AA,AA,AA,AA,NN,GG,GG,GG,AA,GG,GG,GG,AA,GG,GG,GG,GG,GG,AA,AA,AA,AA,AA,AA,AA,AA,GG,AA,AA,GG,AA,AA,AA,AA,AA,AA,AA,AA,GG,GG,GG,GG,GG,AA,GG,GG,AA,GG,GG,GG,AA,AA,AA,AA,AA,AA,AA,GG,GG,GG,AA,AA,AA,AA,GG,GG,AA,GG,GG,GG,AA,GG,AA,AA,AA,GG,GG,GG,GG,AA,AA,AA,AA,AA,GG,AA,GG,AA,AA,AA,GG,AA,GG,AA,GG,AA,GG,AA,AA,AA,AA,AA,AA,AA,AA,AA,AA,AA,AA,GG,AA,GG,GG,AA,AA,AA,GG,GG,GG,GG,GG,GG,AA,AA,AA,AA,AA,AA,AA,AA,GG,GG,AA,AA,NN,GG,GG,AA,GG,AA,AA,NN,GG,AA,GG,AA,AA,AA,AA,AA,AA
IWA690*,0.73,,TT,TT,TT,TT,TT,TT,TT,TT,TT,TT,TT,TT,TT,TT,TT,TT,TT,TT,TT,TT,TT,TT,TT,TT,TT,TT,TT,TT,TT,TT,TT,TT,TT,TT,TT,TT,TT,TT,TT,TT,TT,TT,TT,TT,TT,TT,TT,TT,TT,TT,TT,TT,TT,TT,TT,TT,TT,TT,TT,TT,TT,TT,TT,TT,TT,TT,TT,TT,TT,TT,TT,TT,TT,TT,TT,TT,TT,TT,TT,TT,TT,TT,TT,TT,TT,TT,TT,TT,TT,CC,CC,CC,TT,TT,TT,TT,TT,TT,TT,TT,TT,TT,TT,TT,TT,TT,TT,TT,TT,TT,TT,TT,TT,TT,TT,TT,TT,TT,TT,TT,TT,TT,TT,TT,TT,TT,TT,CC,CC,CC,TT,TT,TT,TT,TT,TT,TT,TT,TT,TT,TT,TT,TT,TT,TT,TT,TT,CC,TT,TT,TT,TT,TT,TT,TT,TT,TT,TT,TT,TT,TT,TT,TT,TT,TT,TT,TT,TT,TT,TT,TT,TT,TT,TT,TT,TT,TT,TT,TT,TT,TT,TT,TT,TT,TT,TT,TT,TT,TT,TT,TT,TT,NN,TT,TT,TT,TT,TT,TT,TT,TT,TT,TT,TT,TT,TT,TT,TT,TT,TT,TT,TT,TT,TT,TT,TT,TT,TT,TT,CC,TT,TT,TT,CC,TT,TT,TT,TT,TT,TT,TT,TT,TT,TT,TT,TT,TT,TT,TT,CC,TT,TT,TT,TT,TT,TT,TT,TT,CC,TT,TT,TT,TT,TT,TT,TT,TT,TT,TT,TT,TT,TT,TT,TT,TT,TT,TT,TT,TT,TT,TT,TT,TT,TT,TT,TT,TT,TT,TT,TT,TT,TT,TT,TT,TT,TT,TT,TT,CC,CC,TT,CC,TT,TT,TT,TT,TT,TT,TT,TT,TT,TT,TT,TT,TT,TT,TT,TT,CC,TT,TT,TT,TT,TT,TT,TT,TT,TT,TT,TT,TT,TT,TT,TT,TT,TT,TT,TT,TT,CC,CC,TT,TT,TT,TT,TT,TT,TT,CC,TT,TT,TT,TT,TT,TT,TT,TT,CC,TT,TT,TT,TT,TT,TT,TT,TT,TT,TT,TT,TT,TT,TT,TT,TT,TT,TT,TT,TT,TT,TT,TT,TT,TT,TT,TT,TT,CC,TT,TT,TT,TT,TT,TT,TT,TT,TT,TT,TT,TT,TT,TT,TT,TT,TT,TT,TT,TT,TT,TT,TT,TT,TT,TT,TT,CC,TT,TT,TT,TT,TT,TT,CC,TT,TT,TT,TT,TT,TT,TT,TT,TT,TT,TT,TT,TT,TT,TT,TT,TT,TT,TT,TT,CC,CC,TT,TT,TT,TT,TT,TT,TT,TT,TT,TT,TT,TT,TT,TT,TT,TT,TT,TT,TT,TT,TT,TT,TT,CC,CC,TT,TT,TT,TT,TT,TT,TT,TT,TT,TT,TT,CC,CC,CC,TT,TT,TT,TT,TT,TT,CC,TT,TT,TT,TT,CC,TT,CC,TT,CC,CC,CC,CC,TT,TT,TT,TT,TT,TT,TT,TT,TT,TT,TT,TT,TT,TT,TT,TT,TT,TT,TT,TT,TT,TT,TT,TT,TT,TT,TT,TT,TT,TT,TT,TT,TT,TT,TT,TT,TT,TT,TT,TT,TT,CC,CC,CC,CC,CC,TT,TT,TT,TT,CC,TT,TT,TT,TT,TT,TT,NN,TT,TT,TT,TT,TT,TT,TT,TT,TT,TT,CC,CC,CC,TT,TT,TT,TT,TT,TT,TT,TT,TT,TT,TT,TT,TT,TT,TT,TT,TT,TT,TT,TT,TT,TT,TT,TT,TT,TT,TT,TT,TT,TT,TT,TT,TT,TT,TT,TT,TT,TT,TT,TT,TT,TT,TT,CC,CC,CC,CC,CC,TT,CC,CC,CC,TT,TT,TT,TT,TT,TT,TT,TT,TT,TT,TT,TT,TT,TT,TT,TT,TT,TT,TT,TT,TT,TT,TT,TT,TT,TT,TT,CC,CC,CC,CC,CC,CC,CC,CC,TT,TT,TT,TT,TT,TT,TT,CC,TT,TT,TT,TT,TT,TT,TT,TT,TT,TT,TT,TT,TT,TT,TT,TT,TT,TT,CC,CC,CC,CC,CC,TT,TT,TT,TT,TT,CC,TT,TT,TT,TT,TT,TT,TT,TT,TT,CC,TT,TT,TT,TT,TT,CC,TT,TT,TT,TT,TT,TT,TT,TT,TT,TT,TT,TT,CC,CC,CC,CC,CC,CC,CC,CC,CC,CC,CC,CC,CC,CC,CC,CC,CC,CC,CC,CC,CC,CC,CC,CC,CC,CC,CC,CC,CC,CC,TT,TT,TT,TT,TT,TT,TT,CC,TT,TT,TT,TT,TT,TT,TT,CC,CC,CC,CC,TT,TT,TT,CC,TT,TT,TT,TT,TT,TT,CC,TT,TT,TT,TT,TT,TT,TT,TT,CC,CC,CC,CC,CC,CC,CC,CC,CC,CC,CC,CC,CC,TT,TT,TT,TT,TT,TT,TT,TT,CC,TT,TT,TT,TT,TT,TT,CC,TT,TT,CC,CC,CC,CC,CC,CC,CC,CC,CC,CC,CC,TT,TT,CC,TT,TT,TT,TT,TT,TT,TT,CC,TT,TT,TT,TT,TT,TT,CC,TT,TT,TT,TT,TT,TT,TT,TT,TT,TT,CC,CC,CC,TT,CC,CC,CC,CC,CC,CC,TT,CC,TT,CC,CC,CC,TT,TT,TT,TT,CC,TT,TT,TT,TT,CC,CC,TT,TT,TT,CC,CC,TT,TT,CC,TT,TT,TT,TT,TT,TT,TT,TT,TT,TT,TT,TT,TT,TT,TT,TT,TT,TT,CC,CC,CC,CC,CC,CC,CC,CC,CC,CC,CC,CC,CC,CC,CC,CC,CC,TT,TT,TT,TT,CC,CC,CC,TT,TT,CC,TT,TT,TT,TT,TT,TT,CC,CC,CC,CC,CC,CC,CC,CC,CC,CC,CC,CC,CC,CC,TT,TT,TT,TT,TT,TT,TT,TT,TT,TT,TT,TT,TT,TT,TT,CC,TT,TT,TT,TT,TT,TT,TT,TT,TT,TT,CC,CC,CC,CC,CC,CC,CC,CC,CC,CC,CC,CC,CC,TT,TT,TT,CC,TT,TT,TT,TT,TT,CC,CC,CC,TT,CC,CC,CC,CC,CC,CC,CC,CC,CC,CC,CC,CC,CC,CC,CC,CC,CC,CC,TT,CC,CC,CC,CC,TT,TT,TT,TT,CC,TT,CC,TT,TT,TT,TT,TT,TT,TT,CC,CC,CC,CC,CC,CC,CC,CC,CC,CC,CC,CC,CC,CC,CC,CC,CC,CC,CC,TT,TT,TT,TT,TT,TT,CC,TT,TT,TT,CC,TT,TT,TT,CC,CC,CC,CC,CC,CC,NN,TT,CC,CC,CC,CC,CC,TT,TT,TT,TT,CC,TT,CC,TT,TT,TT,TT,TT,TT,TT,TT,TT,CC,CC,CC,CC,CC,CC,TT,CC,CC,CC,CC,TT,TT,TT,TT,CC,TT,TT,TT,TT,TT,CC,CC,CC,CC,CC,CC,CC,CC,CC,CC,CC,TT,TT,TT,CC,TT,TT,TT,TT,TT,TT,CC,CC,CC,CC,CC,CC,CC,TT,CC,CC,TT,CC,NN,CC,TT,CC,NN,CC,CC,TT,CC,CC,TT,CC,TT,CC,CC,CC,CC
IWA544*,0.70,,TT,TT,TT,CC,TT,TT,CC,TT,TT,TT,TT,TT,TT,TT,CC,CC,CC,TT,TT,TT,TT,CC,TT,TT,TT,CC,TT,TT,TT,CC,CC,TT,TT,TT,TT,TT,TT,TT,TT,TT,TT,TT,TT,TT,TT,TT,CC,TT,TT,TT,TT,CC,TT,CC,CC,TT,TT,TT,TT,TT,TT,TT,TT,TT,TT,TT,CC,TT,TT,TT,CC,TT,TT,TT,CC,TT,TT,CC,TT,CC,CC,CC,CC,TT,TT,TT,TT,TT,TT,TT,TT,TT,TT,TT,TT,TT,CC,TT,TT,TT,TT,TT,CC,TT,TT,CC,CC,CC,TT,TT,TT,TT,TT,TT,TT,TT,TT,TT,CC,TT,TT,TT,TT,TT,TT,TT,TT,TT,TT,TT,TT,TT,TT,TT,TT,CC,TT,TT,TT,CC,CC,TT,TT,TT,TT,TT,TT,CC,CC,TT,TT,TT,CC,CC,TT,CC,TT,TT,TT,TT,TT,TT,CC,TT,TT,TT,TT,TT,TT,TT,TT,TT,TT,CC,TT,TT,TT,TT,CC,CC,CC,TT,TT,CC,TT,TT,TT,TT,TT,TT,TT,CC,TT,TT,TT,TT,TT,CC,TT,TT,CC,TT,CC,TT,CC,TT,CC,TT,TT,TT,TT,CC,TT,TT,TT,TT,TT,TT,TT,TT,TT,TT,TT,TT,TT,TT,TT,TT,TT,TT,TT,TT,TT,TT,TT,CC,TT,TT,TT,TT,TT,TT,TT,TT,TT,TT,TT,TT,CC,TT,TT,TT,TT,TT,TT,TT,TT,TT,TT,TT,TT,TT,TT,CC,CC,TT,TT,TT,TT,TT,TT,CC,TT,TT,TT,CC,TT,TT,TT,CC,TT,TT,TT,TT,TT,TT,TT,TT,TT,TT,CC,TT,TT,TT,TT,TT,TT,TT,CC,TT,TT,TT,TT,TT,TT,TT,TT,TT,TT,TT,CC,TT,CC,TT,TT,TT,CC,TT,CC,TT,TT,TT,TT,TT,TT,TT,TT,TT,TT,CC,TT,TT,TT,CC,TT,TT,CC,CC,CC,TT,TT,TT,TT,TT,TT,CC,TT,TT,TT,TT,CC,CC,TT,TT,TT,TT,TT,CC,TT,TT,TT,CC,TT,TT,TT,TT,TT,CC,TT,CC,TT,TT,CC,TT,TT,TT,TT,TT,TT,CC,TT,TT,CC,TT,TT,TT,TT,TT,TT,TT,TT,TT,CC,TT,TT,CC,CC,TT,TT,TT,CC,TT,TT,TT,TT,TT,CC,CC,TT,TT,TT,TT,CC,TT,TT,TT,TT,TT,CC,TT,CC,TT,TT,CC,TT,TT,CC,CC,CC,TT,CC,TT,TT,CC,TT,CC,CC,TT,CC,TT,TT,TT,TT,TT,CC,TT,TT,TT,TT,TT,TT,TT,CC,CC,TT,TT,NN,CC,TT,CC,TT,TT,TT,CC,TT,TT,TT,TT,CC,CC,TT,CC,CC,CC,TT,TT,TT,TT,TT,CC,CC,TT,CC,TT,TT,TT,TT,TT,TT,TT,TT,CC,TT,TT,CC,TT,TT,CC,CC,TT,TT,TT,TT,TT,TT,CC,CC,CC,TT,TT,TT,CC,TT,TT,CC,NN,CC,TT,TT,TT,TT,CC,CC,CC,TT,TT,TT,TT,TT,TT,TT,CC,CC,CC,TT,TT,TT,NN,TT,TT,TT,TT,TT,TT,TT,TT,TT,TT,CC,TT,TT,CC,TT,TT,TT,TT,TT,TT,TT,TT,CC,CC,TT,TT,TT,TT,TT,TT,TT,TT,TT,TT,TT,TT,TT,TT,TT,TT,TT,TT,CC,TT,TT,TT,CC,TT,TT,CC,CC,TT,NN,TT,TT,CC,TT,CC,TT,CC,TT,CC,CC,TT,TT,TT,CC,TT,TT,TT,CC,CC,TT,TT,TT,TT,TT,TT,TT,CC,TT,TT,TT,TT,CC,TT,TT,CC,CC,CC,TT,TT,CC,TT,TT,CC,TT,TT,CC,TT,TT,CC,TT,CC,TT,TT,CC,TT,TT,CC,TT,TT,TT,TT,CC,TT,TT,CC,TT,CC,TT,TT,TT,TT,TT,TT,CC,CC,CC,CC,TT,CC,CC,TT,CC,CC,CC,TT,TT,TT,TT,CC,TT,CC,TT,TT,CC,TT,CC,TT,TT,TT,TT,CC,TT,TT,TT,TT,CC,CC,TT,TT,TT,TT,TT,TT,TT,CC,CC,TT,CC,TT,TT,TT,CC,TT,TT,TT,TT,TT,TT,CC,TT,TT,TT,CC,TT,TT,TT,TT,TT,TT,TT,TT,TT,TT,TT,TT,TT,TT,TT,TT,TT,TT,TT,TT,TT,TT,TT,CC,TT,TT,CC,CC,CC,CC,TT,TT,NN,TT,TT,TT,TT,CC,CC,CC,CC,CC,CC,CC,TT,TT,TT,CC,TT,TT,CC,TT,TT,TT,TT,TT,TT,TT,CC,TT,TT,TT,CC,TT,TT,TT,CC,CC,TT,TT,TT,TT,CC,TT,TT,CC,CC,TT,TT,CC,CC,TT,TT,TT,CC,TT,TT,TT,CC,TT,CC,TT,TT,CC,TT,CC,TT,TT,TT,TT,CC,CC,CC,TT,TT,TT,TT,TT,CC,CC,CC,TT,TT,CC,TT,TT,TT,TT,CC,TT,TT,CC,TT,TT,TT,CC,TT,TT,TT,CC,TT,TT,CC,CC,TT,TT,TT,CC,TT,CC,TT,CC,TT,TT,TT,TT,TT,CC,TT,TT,CC,CC,TT,TT,NN,CC,TT,TT,CC,TT,TT,TT,TT,CC,TT,CC,TT,TT,CC,CC,CC,CC,TT,CC,TT,CC,TT,TT,TT,TT,TT,TT,CC,TT,TT,TT,TT,TT,TT,TT,CC,TT,TT,TT,CC,CC,TT,TT,TT,CC,TT,TT,TT,TT,TT,TT,CC,NN,TT,CC,CC,CC,TT,CC,CC,CC,CC,TT,CC,CC,TT,CC,TT,CC,TT,TT,TT,TT,TT,TT,CC,CC,TT,CC,CC,TT,TT,CC,TT,TT,TT,CC,TT,TT,TT,CC,TT,TT,TT,TT,TT,TT,TT,CC,CC,TT,TT,CC,CC,CC,CC,CC,CC,TT,TT,TT,TT,CC,TT,TT,TT,TT,CC,CC,CC,CC,TT,TT,CC,TT,TT,TT,TT,CC,CC,CC,TT,CC,CC,CC,TT,TT,CC,TT,CC,TT,TT,CC,CC,CC,CC,TT,TT,TT,CC,CC,TT,TT,CC,TT,CC,TT,TT,CC,TT,TT,TT,TT,CC,TT,TT,TT,TT,TT,CC,TT,CC,TT,TT,TT,TT,TT,TT,TT,TT,TT,TT,TT,TT,CC,TT,TT,TT,TT,TT,CC,CC,TT,TT,TT,CC,CC,CC,TT,TT,TT,CC,CC,TT,CC,CC,CC,CC,CC,TT,CC,TT,CC,TT,TT,TT,CC,CC,CC,TT,TT,TT,TT,CC,CC,TT,TT,CC,CC,CC,TT,TT,TT,TT,CC,CC,CC,CC,CC,CC,CC,TT,TT,CC,CC,CC,TT,TT,TT,CC,TT,TT,TT,TT,CC,CC,CC,TT,CC,CC,TT,CC,CC,CC,CC,CC,TT,TT,TT,TT,TT,CC,TT,TT,TT,TT,TT,CC,CC,CC,TT,TT,CC,CC,TT,CC,TT,CC,CC,TT,CC,CC,CC,TT,CC,CC
IWA8128*,0.84,,CC,CC,TT,CC,CC,CC,CC,CC,CC,CC,CC,CC,CC,CC,CC,CC,CC,CC,CC,CC,CC,CC,CC,CC,CC,CC,TT,CC,CC,CC,CC,CC,CC,CC,CC,TT,CC,CC,CC,CC,CC,CC,CC,CC,CC,CC,CC,CC,CC,CC,CC,CC,CC,CC,CC,CC,CC,CC,CC,CC,CC,CC,CC,CC,TT,CC,CC,TT,CC,TT,CC,CC,CC,CC,CC,CC,TT,CC,CC,CC,CC,CC,TT,CC,CC,CC,CC,TT,CC,CC,CC,CC,CC,CC,CC,CC,CC,CC,CC,CC,CC,CC,CC,CC,CC,CC,CC,CC,CC,CC,CC,CC,CC,CC,CC,CC,CC,CC,CC,CC,CC,CC,CC,CC,TT,CC,CC,CC,CC,CC,TT,CC,CC,CC,CC,CC,CC,CC,TT,CC,CC,CC,CC,CC,CC,CC,CC,CC,CC,CC,CC,CC,CC,CC,CC,CC,CC,CC,CC,CC,CC,CC,CC,CC,TT,CC,CC,TT,CC,CC,CC,CC,CC,CC,CC,NN,CC,CC,CC,CC,CC,CC,CC,CC,CC,CC,CC,CC,CC,CC,CC,CC,CC,CC,CC,CC,CC,CC,TT,CC,TT,CC,CC,CC,CC,CC,CC,CC,CC,CC,CC,CC,CC,CC,CC,TT,CC,CC,CC,CC,CC,CC,CC,CC,CC,CC,CC,CC,CC,CC,CC,CC,CC,CC,CC,CC,CC,CC,CC,CC,TT,CC,CC,CC,TT,CC,CC,CC,CC,CC,CC,TT,TT,TT,TT,TT,TT,CC,CC,CC,CC,CC,CC,CC,CC,CC,CC,CC,CC,CC,CC,CC,CC,CC,CC,CC,CC,CC,CC,CC,CC,TT,CC,CC,CC,CC,CC,CC,CC,CC,CC,CC,CC,CC,CC,TT,CC,TT,TT,CC,TT,TT,CC,CC,CC,CC,CC,CC,CC,CC,CC,CC,CC,CC,CC,CC,CC,TT,CC,CC,CC,CC,CC,CC,CC,CC,CC,CC,CC,CC,CC,TT,CC,CC,CC,CC,CC,CC,CC,TT,CC,CC,CC,CC,CC,CC,CC,CC,CC,TT,CC,CC,TT,CC,CC,TT,CC,CC,CC,CC,CC,CC,CC,CC,CC,CC,CC,CC,TT,TT,CC,CC,CC,CC,CC,CC,CC,CC,CC,CC,TT,CC,CC,CC,TT,CC,TT,CC,CC,CC,CC,TT,CC,CC,CC,CC,CC,CC,CC,CC,CC,CC,CC,CC,CC,CC,CC,TT,CC,CC,CC,CC,CC,TT,TT,CC,CC,CC,CC,TT,CC,CC,CC,CC,CC,CC,CC,CC,CC,CC,CC,TT,CC,CC,TT,CC,CC,CC,CC,CC,TT,CC,CC,CC,CC,TT,CC,CC,TT,CC,CC,CC,CC,TT,CC,CC,CC,CC,CC,CC,CC,CC,TT,CC,CC,CC,CC,CC,CC,CC,CC,CC,CC,CC,CC,TT,CC,CC,CC,CC,TT,CC,CC,TT,CC,CC,CC,CC,CC,CC,CC,CC,CC,TT,TT,CC,TT,CC,CC,CC,CC,CC,CC,CC,CC,CC,CC,CC,CC,CC,CC,CC,TT,CC,TT,CC,CC,CC,TT,CC,CC,CC,CC,CC,CC,CC,CC,CC,CC,CC,CC,CC,CC,CC,CC,CC,CC,CC,CC,CC,CC,CC,CC,CC,CC,TT,TT,TT,TT,CC,CC,CC,CC,CC,CC,CC,CC,TT,CC,TT,CC,CC,CC,CC,CC,CC,CC,CC,CC,CC,CC,TT,CC,CC,CC,CC,TT,CC,CC,CC,CC,CC,CC,CC,CC,TT,TT,CC,CC,CC,TT,CC,CC,CC,CC,CC,CC,CC,TT,CC,CC,CC,CC,CC,CC,CC,CC,CC,CC,CC,CC,TT,CC,CC,CC,CC,CC,TT,TT,CC,CC,TT,CC,CC,CC,CC,CC,CC,CC,CC,CC,CC,TT,CC,TT,TT,CC,TT,CC,TT,CC,CC,CC,CC,CC,CC,CC,CC,CC,CC,TT,TT,CC,TT,TT,CC,CC,CC,TT,CC,TT,TT,CC,CC,CC,CC,CC,CC,CC,CC,CC,CC,TT,CC,CC,TT,CC,CC,CC,CC,CC,CC,CC,CC,CC,CC,CC,CC,CC,CC,CC,CC,CC,CC,CC,CC,CC,TT,TT,TT,TT,TT,CC,CC,CC,CC,CC,TT,CC,CC,CC,CC,CC,CC,CC,CC,CC,CC,CC,CC,CC,CC,CC,CC,CC,CC,CC,CC,CC,CC,CC,CC,CC,CC,CC,CC,CC,CC,CC,CC,CC,CC,CC,CC,CC,TT,CC,CC,TT,CC,TT,CC,CC,CC,CC,CC,CC,TT,TT,CC,CC,CC,CC,CC,CC,TT,CC,CC,CC,CC,CC,CC,TT,CC,CC,CC,CC,TT,CC,CC,CC,CC,CC,CC,CC,CC,CC,CC,CC,CC,CC,CC,CC,CC,CC,CC,CC,TT,CC,TT,CC,TT,TT,CC,CC,TT,TT,CC,CC,TT,CC,TT,CC,CC,CC,CC,CC,CC,CC,CC,CC,CC,CC,CC,CC,CC,CC,CC,CC,CC,CC,TT,CC,CC,CC,CC,TT,CC,CC,TT,TT,TT,CC,CC,CC,TT,CC,CC,CC,CC,CC,CC,CC,CC,CC,CC,CC,CC,CC,CC,CC,CC,CC,CC,CC,CC,CC,CC,CC,CC,TT,CC,CC,CC,CC,TT,CC,TT,CC,CC,TT,TT,CC,CC,CC,TT,CC,CC,TT,CC,CC,TT,CC,CC,CC,TT,CC,CC,CC,CC,CC,CC,CC,TT,TT,TT,CC,CC,CC,CC,CC,CC,CC,CC,CC,CC,CC,CC,CC,CC,CC,CC,TT,CC,CC,TT,TT,CC,CC,CC,TT,CC,TT,TT,CC,CC,CC,CC,CC,CC,CC,CC,CC,CC,CC,CC,CC,CC,CC,CC,CC,CC,CC,CC,TT,CC,TT,TT,CC,CC,TT,CC,TT,TT,TT,CC,TT,TT,CC,CC,CC,TT,CC,CC,CC,CC,TT,CC,CC,CC,CC,CC,CC,CC,CC,CC,CC,CC,CC,CC,CC,CC,TT,CC,TT,CC,CC,CC,TT,CC,TT,CC,CC,CC,CC,CC,CC,CC,CC,CC,CC,CC,CC,CC,CC,TT,CC,CC,CC,CC,CC,CC,CC,CC,CC,CC,CC,CC,CC,CC,TT,TT,CC,CC,TT,CC,CC,TT,CC,CC,TT,TT,CC,CC,CC,CC,CC,CC,CC,CC,CC,CC,CC,CC,CC,CC,CC,CC,CC,CC,CC,TT,CC,CC,TT,TT,TT,TT,CC,TT,TT,TT,CC,CC,CC,CC,CC,CC,CC,CC,CC,CC,CC,CC,CC,CC,CC,CC,TT,CC,TT,CC,CC,CC,TT,CC,CC,CC,TT,TT,CC,CC,CC,CC,CC,CC,CC,CC,CC,CC,CC,CC,CC,CC,CC,TT,CC,TT,CC,CC,TT,CC,CC,CC,CC,CC,CC,CC,CC,CC,CC,CC,CC,CC,CC,CC,CC,TT,CC,CC,CC,CC,CC,CC,CC,CC,CC,CC,CC,CC,CC,CC,CC,TT,CC,TT,CC,CC,CC,CC,TT,CC,CC,CC,CC,CC,CC,CC,TT,CC,TT,CC,CC,CC,CC
IWA2407†,0.56,,TT,TT,TT,TT,TT,TT,TT,TT,TT,TT,TT,TT,TT,TT,TT,TT,TT,TT,TT,TT,TT,TT,TT,TT,TT,TT,TT,TT,TT,TT,TT,TT,TT,TT,TT,TT,TT,TT,GG,TT,TT,TT,TT,TT,TT,TT,TT,GG,TT,TT,TT,TT,TT,GG,TT,TT,TT,TT,TT,TT,TT,TT,TT,TT,TT,TT,TT,TT,TT,TT,TT,TT,GG,TT,TT,TT,TT,TT,GG,TT,TT,TT,TT,TT,TT,TT,TT,TT,TT,TT,TT,TT,TT,TT,TT,TT,TT,TT,TT,TT,TT,TT,GG,TT,TT,TT,TT,TT,TT,TT,TT,TT,GG,TT,TT,TT,TT,TT,GG,GG,TT,TT,TT,TT,TT,TT,TT,TT,TT,TT,TT,TT,TT,TT,TT,TT,TT,TT,TT,TT,TT,TT,TT,TT,TT,TT,TT,GG,TT,GG,TT,TT,TT,TT,TT,TT,TT,TT,TT,TT,TT,TT,GG,TT,TT,TT,TT,TT,TT,TT,TT,TT,GG,GG,TT,TT,TT,TT,TT,TT,TT,TT,GG,TT,TT,GG,GG,TT,TT,TT,TT,TT,TT,TT,TT,TT,TT,GG,TT,TT,GG,TT,TT,TT,TT,TT,TT,TT,TT,TT,TT,TT,TT,TT,TT,TT,GG,TT,TT,TT,TT,TT,TT,TT,TT,TT,GG,GG,GG,GG,TT,TT,TT,GG,TT,TT,TT,TT,TT,TT,TT,GG,TT,TT,TT,GG,TT,TT,TT,TT,TT,TT,TT,TT,TT,TT,TT,GG,TT,TT,TT,TT,TT,TT,TT,TT,TT,GG,GG,TT,TT,TT,GG,TT,GG,TT,GG,TT,GG,TT,TT,GG,TT,GG,GG,TT,TT,TT,TT,TT,GG,TT,TT,GG,GG,GG,TT,TT,TT,TT,TT,GG,TT,TT,GG,TT,TT,TT,TT,GG,GG,TT,TT,GG,TT,TT,TT,TT,TT,TT,TT,TT,GG,TT,TT,TT,TT,TT,GG,TT,TT,GG,GG,TT,TT,TT,GG,GG,TT,TT,GG,GG,TT,TT,TT,TT,GG,TT,GG,GG,GG,GG,GG,TT,TT,TT,GG,GG,TT,TT,GG,TT,TT,GG,TT,TT,TT,TT,GG,GG,TT,GG,TT,TT,TT,TT,TT,GG,TT,TT,TT,TT,TT,TT,TT,GG,TT,TT,GG,GG,TT,TT,TT,TT,TT,TT,GG,TT,TT,TT,TT,TT,TT,TT,TT,GG,TT,GG,GG,TT,GG,TT,TT,TT,GG,GG,GG,TT,GG,GG,TT,GG,TT,GG,GG,TT,TT,TT,TT,GG,TT,GG,GG,TT,GG,TT,TT,TT,TT,TT,GG,TT,TT,TT,TT,TT,TT,GG,TT,GG,GG,GG,TT,TT,TT,TT,TT,TT,TT,TT,GG,GG,TT,TT,TT,GG,TT,GG,TT,GG,GG,TT,TT,TT,TT,GG,TT,GG,TT,GG,TT,TT,TT,GG,TT,TT,TT,GG,TT,GG,GG,GG,GG,GG,TT,TT,TT,GG,GG,TT,TT,GG,TT,TT,GG,TT,GG,GG,GG,TT,GG,TT,GG,GG,GG,GG,GG,GG,GG,NN,TT,TT,TT,GG,GG,TT,GG,TT,GG,TT,GG,TT,TT,TT,GG,GG,TT,GG,GG,GG,TT,TT,GG,GG,TT,GG,GG,GG,GG,TT,GG,TT,GG,GG,GG,TT,TT,GG,TT,GG,TT,TT,TT,TT,GG,GG,NN,GG,GG,GG,GG,GG,GG,GG,GG,GG,GG,TT,TT,TT,GG,GG,TT,TT,GG,GG,GG,GG,GG,TT,GG,GG,GG,TT,TT,GG,TT,GG,GG,TT,GG,GG,GG,GG,TT,TT,GG,TT,TT,TT,TT,GG,TT,TT,GG,TT,GG,GG,TT,TT,GG,TT,GG,GG,TT,TT,TT,TT,TT,GG,GG,TT,TT,TT,TT,GG,TT,GG,TT,GG,TT,TT,GG,TT,TT,TT,TT,TT,TT,TT,GG,GG,GG,TT,GG,GG,GG,TT,TT,TT,TT,TT,TT,TT,TT,TT,GG,TT,GG,TT,TT,TT,GG,TT,TT,GG,GG,GG,TT,TT,TT,TT,TT,GG,GG,GG,GG,GG,GG,GG,TT,TT,TT,GG,TT,TT,GG,GG,GG,GG,GG,GG,GG,GG,GG,TT,TT,TT,TT,TT,GG,TT,GG,TT,TT,GG,GG,TT,GG,GG,GG,GG,GG,TT,TT,TT,TT,TT,TT,TT,TT,TT,TT,TT,GG,TT,TT,GG,TT,TT,TT,GG,TT,TT,TT,GG,TT,GG,TT,GG,TT,TT,TT,GG,GG,GG,GG,GG,GG,TT,TT,GG,GG,GG,TT,GG,GG,GG,TT,TT,TT,TT,GG,TT,TT,TT,GG,GG,TT,TT,TT,TT,GG,GG,GG,GG,TT,TT,TT,TT,GG,GG,GG,TT,TT,GG,TT,TT,GG,GG,GG,GG,GG,TT,GG,GG,GG,TT,GG,TT,TT,GG,GG,TT,GG,GG,GG,GG,GG,GG,TT,GG,TT,GG,GG,TT,TT,TT,GG,TT,GG,GG,GG,TT,TT,GG,GG,TT,GG,GG,GG,GG,GG,GG,GG,GG,GG,TT,TT,TT,TT,GG,TT,TT,GG,TT,GG,GG,GG,TT,TT,TT,TT,TT,GG,TT,TT,TT,TT,GG,GG,GG,TT,TT,TT,GG,GG,TT,GG,TT,GG,GG,GG,GG,GG,GG,GG,GG,TT,GG,TT,GG,GG,GG,GG,GG,TT,GG,GG,TT,GG,TT,GG,GG,GG,GG,GG,TT,GG,TT,GG,GG,GG,GG,GG,GG,GG,TT,TT,GG,GG,GG,TT,GG,GG,GG,GG,GG,GG,GG,GG,TT,GG,GG,TT,GG,GG,GG,GG,TT,GG,TT,TT,TT,TT,TT,GG,TT,GG,GG,GG,GG,TT,TT,TT,GG,GG,TT,GG,GG,GG,GG,GG,GG,GG,GG,GG,TT,TT,TT,GG,TT,GG,GG,TT,GG,TT,GG,TT,TT,TT,GG,GG,GG,GG,TT,TT,TT,TT,TT,GG,TT,GG,GG,GG,GG,GG,GG,TT,GG,GG,TT,GG,TT,GG,TT,TT,GG,TT,GG,GG,TT,GG,GG,GG,TT,TT,GG,GG,GG,GG,GG,GG,GG,GG,GG,GG,GG,GG,GG,GG,GG,GG,GG,TT,GG,NN,GG,TT,TT,TT,TT,GG,GG,GG,GG,GG,GG,TT,GG,GG,GG,GG,GG,GG,GG,GG,GG,GG,GG,TT,GG,GG,GG,GG,GG,GG,GG,GG,GG,GG,TT,GG,GG,GG,NN,GG,GG,GG,GG,GG,GG,GG,TT,TT,GG,GG,GG,GG,GG,GG,GG,GG,GG,GG,GG,TT,GG,GG,GG,TT,TT,GG,TT,GG,GG,GG,GG,TT,TT,TT,GG,GG,GG,GG,GG,GG,GG,GG,TT,GG,TT,GG,TT,TT,GG,GG,GG,TT,TT,TT,TT,TT,GG,GG,GG,GG,GG,GG,TT,GG,GG,GG,GG,GG,GG,GG,GG,GG,TT,GG,GG,GG,GG,GG,GG,GG,TT,GG,GG,GG,TT,GG,GG,GG,GG,TT,GG,GG,GG,TT,TT,TT,TT,NN
IWA4285‡,0.25,,TT,CC,CC,CC,TT,CC,TT,TT,CC,CC,CC,CC,CC,TT,CC,CC,TT,TT,CC,TT,TT,TT,TT,NN,TT,CC,TT,CC,TT,CC,CC,TT,TT,CC,TT,CC,TT,TT,TT,TT,TT,TT,TT,TT,TT,TT,TT,CC,CC,TT,CC,TT,TT,CC,TT,CC,CC,CC,CC,TT,TT,TT,TT,TT,TT,CC,TT,CC,CC,TT,CC,TT,TT,CC,CC,TT,TT,CC,CC,CC,TT,TT,TT,TT,CC,TT,CC,CC,TT,TT,TT,TT,TT,CC,TT,TT,TT,TT,TT,TT,CC,TT,CC,TT,TT,TT,CC,CC,TT,CC,CC,CC,CC,CC,TT,TT,CC,CC,TT,TT,TT,CC,TT,TT,TT,TT,CC,TT,TT,TT,TT,TT,TT,TT,TT,CC,TT,TT,TT,TT,TT,TT,TT,TT,CC,TT,TT,TT,TT,TT,CC,CC,CC,TT,TT,CC,CC,TT,TT,TT,TT,TT,CC,TT,TT,CC,CC,TT,TT,TT,TT,TT,TT,CC,TT,TT,CC,TT,CC,CC,CC,TT,CC,TT,TT,TT,TT,TT,TT,CC,TT,TT,CC,TT,TT,TT,TT,TT,TT,TT,TT,CC,CC,TT,TT,TT,CC,TT,CC,TT,CC,TT,TT,TT,TT,CC,TT,TT,CC,TT,TT,TT,CC,TT,TT,TT,TT,TT,TT,TT,TT,CC,TT,TT,TT,CC,TT,CC,CC,TT,CC,TT,TT,TT,CC,TT,TT,TT,CC,TT,TT,TT,TT,TT,TT,TT,TT,CC,TT,TT,TT,CC,NN,CC,CC,TT,CC,TT,TT,CC,TT,TT,TT,TT,TT,TT,TT,TT,CC,TT,TT,TT,TT,CC,TT,TT,TT,CC,CC,TT,TT,TT,TT,TT,TT,TT,TT,TT,TT,TT,TT,TT,TT,TT,TT,CC,TT,CC,TT,TT,TT,TT,CC,TT,TT,TT,TT,TT,TT,CC,TT,TT,CC,CC,TT,TT,TT,CC,TT,CC,CC,TT,TT,TT,TT,NN,CC,TT,TT,TT,CC,TT,CC,TT,TT,TT,TT,TT,TT,TT,NN,CC,TT,TT,TT,TT,TT,CC,TT,TT,CC,CC,TT,TT,TT,TT,TT,TT,CC,CC,CC,TT,TT,TT,TT,TT,TT,TT,TT,TT,TT,TT,TT,TT,CC,TT,TT,TT,TT,CC,TT,TT,TT,TT,TT,CC,TT,TT,TT,TT,TT,CC,TT,TT,TT,TT,TT,TT,TT,TT,TT,TT,CC,TT,TT,TT,CC,CC,CC,TT,TT,TT,TT,TT,TT,CC,TT,CC,CC,TT,TT,TT,CC,CC,TT,TT,TT,TT,CC,TT,CC,TT,CC,TT,CC,TT,CC,TT,TT,TT,TT,TT,TT,TT,TT,TT,TT,TT,CC,TT,TT,TT,TT,CC,TT,TT,TT,TT,TT,TT,CC,CC,CC,TT,TT,CC,TT,TT,TT,TT,CC,CC,TT,TT,TT,CC,TT,TT,TT,TT,TT,TT,TT,CC,TT,TT,TT,TT,TT,TT,TT,TT,TT,CC,CC,CC,TT,TT,TT,CC,TT,CC,TT,TT,CC,TT,TT,TT,TT,TT,CC,TT,TT,CC,TT,TT,TT,TT,CC,CC,TT,TT,CC,CC,TT,TT,TT,CC,TT,TT,TT,CC,TT,TT,TT,TT,TT,TT,CC,CC,TT,TT,TT,TT,TT,TT,TT,TT,CC,TT,TT,TT,TT,TT,TT,TT,NN,TT,TT,TT,TT,TT,TT,TT,TT,TT,TT,TT,TT,TT,CC,TT,TT,TT,CC,TT,CC,TT,TT,CC,TT,CC,TT,TT,TT,TT,TT,TT,CC,TT,TT,NN,NN,NN,TT,CC,TT,CC,TT,CC,TT,CC,TT,TT,TT,TT,TT,TT,TT,CC,CC,TT,TT,TT,CC,TT,TT,TT,TT,TT,CC,TT,TT,NN,TT,TT,TT,CC,CC,CC,TT,CC,TT,TT,TT,TT,TT,TT,TT,TT,TT,TT,TT,TT,TT,TT,TT,CC,TT,TT,TT,TT,TT,TT,TT,TT,TT,TT,TT,TT,CC,CC,TT,TT,CC,TT,TT,TT,TT,TT,TT,TT,CC,TT,NN,CC,CC,TT,TT,TT,CC,CC,TT,NN,CC,TT,TT,CC,TT,TT,TT,TT,TT,TT,TT,TT,TT,TT,TT,TT,TT,TT,CC,TT,TT,TT,TT,TT,TT,TT,TT,TT,TT,TT,TT,TT,TT,TT,TT,TT,TT,TT,TT,TT,TT,TT,TT,TT,TT,TT,TT,TT,TT,TT,TT,CC,CC,TT,TT,TT,TT,CC,CC,CC,TT,TT,TT,TT,TT,CC,CC,TT,TT,TT,TT,TT,TT,TT,TT,TT,CC,TT,TT,TT,TT,TT,CC,CC,TT,TT,TT,CC,TT,TT,TT,TT,CC,TT,TT,TT,TT,TT,TT,TT,TT,TT,TT,CC,TT,TT,TT,TT,TT,TT,TT,TT,TT,TT,TT,CC,TT,NN,TT,CC,TT,TT,TT,TT,TT,TT,CC,TT,TT,TT,TT,CC,TT,TT,TT,TT,TT,TT,CC,CC,TT,TT,TT,TT,CC,TT,TT,TT,TT,NN,NN,CC,TT,TT,TT,TT,TT,CC,TT,TT,TT,TT,TT,TT,TT,CC,CC,NN,TT,TT,TT,TT,TT,TT,TT,TT,TT,TT,CC,TT,TT,NN,TT,TT,CC,CC,CC,CC,CC,TT,TT,TT,TT,TT,TT,TT,CC,TT,CC,TT,CC,TT,TT,CC,CC,TT,CC,TT,CC,TT,TT,TT,TT,TT,TT,TT,CC,TT,TT,TT,TT,TT,TT,TT,TT,TT,TT,TT,TT,CC,TT,TT,TT,TT,TT,TT,TT,CC,TT,TT,TT,TT,TT,TT,CC,CC,TT,TT,TT,TT,TT,CC,TT,TT,CC,TT,TT,TT,TT,TT,TT,TT,TT,TT,CC,TT,TT,CC,TT,TT,TT,CC,TT,TT,TT,TT,TT,TT,TT,TT,TT,CC,CC,CC,CC,TT,TT,TT,TT,TT,TT,CC,CC,CC,TT,TT,TT,CC,TT,TT,CC,TT,CC,CC,CC,TT,TT,TT,CC,CC,TT,TT,CC,TT,TT,TT,TT,TT,TT,TT,TT,CC,CC,TT,TT,TT,TT,TT,TT,TT,TT,TT,TT,CC,TT,TT,TT,TT,CC,TT,TT,TT,NN,TT,TT,TT,TT,TT,CC,TT,TT,TT,TT,TT,TT,TT,TT,TT,TT,TT,TT,TT,TT,TT,TT,TT,CC,TT,TT,CC,TT,TT,TT,TT,CC,TT,CC,CC,TT,CC,CC,TT,TT,TT,TT,TT,TT,NN,TT,CC,CC,TT,TT,TT,TT,TT,TT,TT,CC,CC,TT,CC,TT,TT,TT,TT,TT,TT,TT,TT,TT,TT,TT,TT,CC,CC,TT,TT,TT,TT,TT,TT,TT,TT,TT,TT,TT,TT,TT,TT,TT,TT,TT,TT,CC,CC,TT,CC,CC,CC,TT,TT,TT,TT,CC,CC,TT,TT,TT,TT,CC,CC,TT,TT,TT,TT,TT,CC,CC,TT,CC,CC,TT,TT,NN,TT,TT,TT,TT,TT,TT,CC,CC,TT,TT,TT,NN,TT,TT,TT,CC
IWA6075*,0.33,,CC,TT,TT,TT,CC,CC,TT,TT,TT,TT,TT,TT,TT,TT,TT,TT,TT,TT,TT,CC,CC,CC,TT,CC,TT,TT,TT,TT,TT,TT,TT,TT,CC,TT,TT,TT,TT,TT,TT,TT,CC,CC,CC,CC,CC,CC,TT,TT,CC,CC,CC,TT,TT,TT,CC,CC,CC,CC,CC,CC,CC,CC,TT,TT,TT,TT,TT,TT,TT,TT,CC,CC,TT,CC,TT,CC,CC,TT,CC,TT,CC,CC,CC,CC,CC,CC,TT,TT,CC,CC,CC,CC,CC,CC,CC,CC,CC,CC,TT,TT,TT,CC,CC,TT,TT,TT,CC,TT,TT,CC,CC,CC,TT,CC,CC,TT,CC,CC,TT,TT,CC,TT,TT,TT,TT,TT,TT,CC,CC,CC,TT,CC,CC,CC,CC,TT,TT,TT,TT,CC,TT,CC,TT,CC,CC,TT,TT,TT,CC,CC,CC,CC,TT,CC,TT,CC,CC,TT,CC,CC,CC,TT,TT,TT,TT,CC,CC,TT,TT,TT,TT,TT,CC,TT,CC,TT,CC,CC,TT,CC,TT,TT,TT,CC,CC,TT,TT,CC,TT,CC,CC,CC,TT,CC,CC,CC,CC,CC,TT,CC,CC,TT,TT,TT,CC,TT,CC,CC,CC,TT,CC,CC,TT,CC,CC,CC,CC,TT,CC,CC,CC,CC,CC,CC,CC,CC,TT,CC,CC,CC,CC,CC,TT,CC,CC,CC,TT,CC,TT,CC,TT,TT,CC,CC,CC,CC,CC,TT,TT,CC,CC,CC,CC,CC,CC,CC,CC,CC,CC,CC,TT,CC,TT,CC,TT,TT,CC,TT,TT,CC,CC,CC,CC,TT,TT,CC,CC,CC,CC,CC,CC,CC,CC,CC,TT,TT,CC,CC,TT,CC,CC,CC,CC,CC,CC,TT,CC,CC,TT,CC,CC,TT,CC,TT,CC,CC,TT,CC,CC,TT,TT,TT,CC,TT,CC,CC,CC,CC,CC,CC,TT,TT,TT,CC,CC,TT,TT,CC,TT,CC,TT,CC,CC,TT,CC,CC,TT,TT,TT,CC,TT,CC,CC,CC,CC,CC,CC,TT,TT,TT,TT,TT,TT,CC,TT,CC,TT,TT,CC,CC,CC,CC,TT,TT,TT,TT,TT,CC,CC,CC,CC,TT,TT,CC,CC,TT,TT,TT,TT,CC,CC,CC,CC,TT,CC,CC,CC,CC,CC,CC,CC,CC,CC,CC,CC,CC,TT,TT,TT,TT,CC,CC,CC,NN,CC,CC,TT,CC,CC,TT,CC,TT,CC,CC,TT,CC,TT,TT,TT,CC,CC,CC,CC,CC,TT,TT,CC,CC,CC,TT,CC,TT,TT,TT,CC,CC,TT,CC,CC,CC,TT,TT,TT,CC,CC,TT,TT,CC,TT,CC,CC,CC,TT,CC,CC,TT,TT,TT,TT,CC,TT,CC,CC,TT,CC,CC,CC,CC,CC,CC,TT,TT,TT,CC,TT,TT,TT,TT,CC,TT,CC,TT,CC,TT,CC,TT,TT,TT,CC,CC,CC,CC,CC,CC,CC,CC,TT,TT,TT,CC,CC,TT,TT,CC,CC,CC,TT,CC,TT,TT,CC,TT,CC,CC,CC,CC,TT,CC,CC,CC,CC,CC,CC,TT,CC,CC,CC,CC,CC,CC,TT,CC,CC,TT,CC,TT,CC,TT,CC,CC,TT,TT,TT,CC,CC,CC,CC,CC,CC,TT,CC,CC,CC,TT,CC,CC,TT,CC,TT,CC,CC,CC,CC,CC,CC,CC,CC,CC,CC,CC,CC,TT,CC,CC,CC,CC,TT,CC,CC,TT,TT,CC,CC,CC,TT,CC,CC,TT,TT,TT,CC,TT,TT,CC,CC,CC,CC,TT,CC,TT,TT,TT,TT,TT,TT,CC,CC,CC,CC,CC,CC,CC,CC,CC,CC,CC,CC,TT,TT,TT,CC,TT,CC,CC,CC,TT,TT,TT,CC,TT,TT,CC,CC,TT,CC,CC,TT,TT,CC,TT,TT,TT,CC,CC,CC,CC,CC,CC,CC,CC,TT,CC,CC,TT,CC,TT,CC,CC,CC,CC,CC,CC,TT,TT,TT,TT,CC,TT,CC,CC,CC,CC,CC,CC,TT,TT,CC,CC,CC,TT,CC,TT,CC,CC,TT,CC,CC,CC,CC,CC,TT,CC,CC,TT,CC,NN,TT,CC,CC,CC,CC,CC,TT,CC,CC,TT,TT,CC,CC,CC,TT,CC,TT,CC,CC,CC,CC,CC,CC,CC,CC,CC,CC,TT,CC,TT,CC,CC,CC,CC,CC,CC,CC,CC,CC,CC,CC,TT,CC,CC,CC,CC,CC,CC,CC,CC,TT,TT,CC,CC,CC,TT,CC,CC,CC,CC,CC,CC,CC,CC,TT,CC,CC,CC,CC,CC,TT,TT,TT,TT,CC,CC,CC,CC,TT,CC,CC,TT,CC,CC,CC,CC,TT,CC,CC,CC,CC,CC,CC,CC,CC,CC,CC,CC,CC,CC,CC,CC,CC,TT,CC,CC,CC,CC,CC,CC,CC,TT,TT,CC,CC,CC,TT,CC,CC,CC,CC,CC,CC,CC,TT,CC,TT,CC,CC,CC,CC,CC,CC,CC,CC,CC,TT,TT,CC,CC,CC,TT,TT,CC,TT,TT,CC,TT,TT,TT,CC,CC,CC,CC,CC,CC,CC,CC,CC,CC,CC,CC,CC,TT,TT,CC,CC,CC,CC,CC,CC,CC,CC,CC,CC,TT,TT,TT,TT,CC,CC,CC,TT,TT,CC,CC,TT,CC,CC,CC,TT,CC,TT,CC,CC,CC,TT,CC,TT,TT,TT,TT,TT,CC,CC,CC,CC,CC,CC,CC,CC,CC,CC,CC,CC,CC,CC,CC,CC,CC,CC,CC,CC,CC,CC,CC,CC,CC,CC,CC,TT,CC,TT,CC,CC,CC,CC,CC,CC,CC,CC,CC,TT,TT,CC,CC,CC,CC,CC,TT,CC,CC,CC,CC,CC,CC,CC,CC,TT,CC,TT,TT,CC,CC,CC,TT,CC,CC,CC,TT,CC,CC,CC,TT,CC,CC,CC,TT,CC,CC,CC,CC,TT,TT,TT,CC,CC,CC,CC,CC,CC,TT,CC,CC,CC,CC,TT,CC,CC,CC,TT,TT,CC,CC,CC,CC,TT,CC,TT,CC,CC,CC,CC,CC,CC,CC,CC,CC,CC,CC,TT,CC,CC,CC,CC,CC,CC,CC,CC,CC,CC,CC,CC,CC,CC,CC,TT,TT,CC,CC,CC,TT,TT,CC,CC,TT,CC,CC,CC,CC,CC,CC,CC,CC,CC,CC,CC,CC,CC,CC,CC,CC,CC,CC,CC,CC,CC,TT,CC,CC,CC,TT,CC,CC,CC,CC,CC,CC,TT,CC,CC,CC,CC,CC,CC,CC,CC,TT,TT,CC,CC,CC,CC,CC,CC,CC,CC,CC,CC,CC,CC,CC,TT,CC,CC,CC,TT,CC,CC,CC,CC,CC,TT,CC,CC,CC,NN,CC,CC,CC,TT,CC,CC,CC,CC,CC,CC,TT,TT,CC,CC,CC,CC,NN,CC,TT,TT,TT,CC,CC,TT,CC,TT,CC,CC,CC,CC,CC,CC,TT,CC,CC,CC,TT,CC,CC,CC,CC,CC,CC,CC,CC,TT,CC,TT,CC,TT,CC,CC,NN,CC,CC,CC,CC,TT,CC,CC,CC,CC
IWA4388†,0.85,,GG,GG,GG,GG,GG,GG,GG,GG,GG,GG,GG,GG,GG,GG,GG,GG,GG,GG,GG,GG,GG,GG,GG,GG,GG,GG,GG,GG,GG,AA,GG,GG,GG,GG,GG,GG,GG,GG,GG,GG,GG,GG,GG,GG,GG,GG,GG,GG,GG,GG,GG,GG,GG,GG,GG,GG,GG,GG,GG,GG,AA,GG,GG,GG,GG,GG,GG,GG,GG,GG,GG,GG,GG,GG,GG,GG,GG,GG,GG,GG,GG,GG,GG,GG,GG,GG,GG,GG,GG,GG,GG,GG,GG,AA,AA,GG,GG,GG,GG,GG,GG,GG,GG,GG,GG,GG,GG,GG,GG,GG,GG,GG,GG,GG,AA,GG,GG,GG,GG,GG,GG,GG,GG,GG,GG,GG,GG,GG,GG,GG,GG,GG,GG,GG,GG,GG,GG,GG,GG,GG,GG,GG,GG,AA,GG,GG,GG,GG,GG,GG,GG,GG,GG,GG,GG,GG,GG,GG,GG,GG,GG,GG,GG,GG,GG,GG,GG,GG,GG,GG,GG,GG,GG,GG,GG,GG,GG,GG,GG,GG,GG,GG,GG,GG,GG,GG,GG,GG,GG,AA,GG,GG,GG,GG,GG,GG,GG,GG,GG,GG,GG,GG,GG,GG,GG,GG,GG,GG,GG,GG,GG,GG,GG,GG,GG,GG,GG,GG,GG,GG,GG,AA,GG,GG,GG,GG,GG,GG,GG,GG,GG,GG,GG,GG,GG,GG,GG,GG,GG,GG,GG,GG,AA,GG,GG,GG,GG,GG,GG,GG,GG,GG,GG,GG,GG,GG,GG,GG,GG,GG,GG,GG,GG,GG,GG,GG,GG,GG,GG,AA,GG,GG,GG,GG,GG,GG,GG,GG,GG,GG,GG,GG,GG,GG,GG,GG,GG,AA,AA,GG,AA,AA,GG,GG,GG,GG,AA,GG,GG,GG,GG,GG,GG,GG,GG,GG,GG,GG,GG,GG,GG,GG,GG,GG,GG,GG,GG,GG,GG,GG,GG,GG,GG,GG,GG,GG,GG,AA,GG,AA,AA,GG,GG,GG,GG,GG,GG,AA,GG,GG,GG,GG,GG,GG,GG,AA,GG,GG,GG,GG,GG,AA,GG,GG,GG,GG,GG,AA,GG,GG,GG,GG,GG,GG,GG,GG,GG,GG,GG,GG,AA,GG,GG,GG,GG,GG,GG,GG,GG,GG,GG,GG,GG,GG,GG,GG,GG,GG,GG,GG,GG,GG,GG,GG,GG,GG,GG,GG,GG,GG,GG,GG,GG,NN,GG,GG,GG,AA,GG,GG,GG,GG,GG,GG,GG,GG,GG,GG,GG,GG,GG,GG,GG,GG,GG,GG,GG,GG,GG,GG,AA,AA,GG,AA,GG,GG,GG,GG,AA,GG,GG,GG,GG,AA,AA,GG,GG,GG,GG,GG,GG,GG,GG,GG,GG,GG,GG,AA,GG,GG,GG,GG,GG,AA,GG,GG,GG,GG,AA,AA,GG,GG,GG,GG,AA,GG,GG,GG,GG,GG,GG,GG,GG,GG,GG,GG,AA,GG,GG,GG,GG,GG,GG,GG,GG,GG,AA,GG,AA,GG,GG,GG,GG,GG,GG,GG,GG,GG,GG,GG,GG,GG,GG,GG,GG,GG,GG,GG,GG,GG,GG,GG,GG,AA,GG,GG,GG,GG,GG,AA,GG,GG,AA,GG,GG,GG,GG,AA,GG,GG,GG,GG,GG,GG,GG,GG,GG,GG,GG,GG,AA,GG,GG,GG,GG,GG,GG,GG,GG,GG,GG,GG,GG,GG,GG,GG,GG,GG,GG,GG,GG,GG,GG,GG,GG,GG,GG,GG,GG,GG,GG,GG,GG,GG,AA,GG,GG,GG,GG,GG,GG,AA,GG,GG,GG,GG,GG,GG,GG,GG,GG,GG,GG,GG,GG,GG,AA,GG,GG,AA,GG,AA,GG,GG,GG,GG,GG,GG,GG,GG,GG,GG,AA,GG,AA,GG,GG,GG,GG,GG,NN,GG,GG,GG,GG,GG,GG,GG,GG,GG,GG,GG,AA,GG,GG,GG,GG,GG,GG,GG,GG,GG,GG,AA,GG,GG,GG,GG,GG,GG,GG,GG,GG,GG,GG,GG,GG,GG,GG,GG,AA,GG,GG,GG,AA,GG,GG,GG,GG,AA,GG,GG,GG,GG,GG,GG,GG,GG,GG,GG,GG,GG,GG,GG,GG,GG,AA,GG,GG,GG,GG,GG,AA,GG,GG,GG,AA,GG,GG,GG,GG,GG,AA,GG,GG,GG,GG,GG,GG,GG,GG,AA,GG,GG,GG,GG,GG,GG,GG,GG,GG,GG,GG,GG,GG,GG,GG,AA,GG,GG,GG,GG,GG,GG,GG,AA,GG,NN,GG,GG,GG,GG,AA,GG,GG,GG,GG,GG,GG,GG,GG,GG,GG,GG,GG,AA,GG,AA,GG,GG,GG,GG,GG,GG,GG,GG,GG,GG,GG,GG,GG,GG,GG,AA,AA,GG,GG,GG,GG,GG,GG,GG,GG,GG,GG,AA,GG,GG,GG,GG,GG,GG,GG,GG,GG,GG,GG,GG,GG,GG,GG,GG,GG,AA,GG,AA,GG,GG,GG,GG,GG,GG,AA,AA,GG,AA,AA,GG,GG,GG,AA,GG,GG,GG,AA,AA,GG,GG,GG,GG,GG,GG,AA,GG,GG,GG,GG,GG,GG,GG,GG,GG,GG,GG,GG,GG,AA,AA,GG,GG,GG,GG,GG,GG,GG,AA,GG,GG,GG,GG,GG,AA,GG,GG,AA,GG,GG,GG,GG,GG,AA,AA,GG,AA,AA,GG,GG,AA,GG,GG,GG,AA,AA,AA,AA,GG,GG,AA,GG,GG,GG,GG,GG,GG,GG,GG,GG,GG,AA,GG,GG,AA,GG,GG,AA,GG,GG,GG,GG,AA,GG,AA,AA,GG,GG,GG,GG,AA,AA,AA,GG,NN,GG,GG,GG,AA,GG,GG,AA,GG,GG,AA,GG,GG,GG,GG,GG,GG,GG,GG,GG,GG,GG,GG,GG,GG,GG,GG,GG,GG,GG,GG,GG,GG,GG,AA,GG,GG,GG,AA,GG,GG,GG,GG,GG,GG,GG,GG,GG,GG,AA,GG,AA,GG,GG,AA,AA,GG,GG,GG,GG,GG,GG,GG,GG,GG,AA,AA,GG,AA,GG,AA,GG,GG,GG,GG,AA,GG,GG,GG,GG,AA,GG,GG,GG,AA,AA,AA,AA,GG,AA,AA,GG,GG,AA,AA,GG,AA,GG,GG,GG,GG,GG,AA,GG,GG,GG,NN,GG,GG,GG,GG,GG,GG,AA,GG,GG,GG,AA,GG,GG,GG,GG,GG,GG,GG,GG,GG,GG,GG,AA,GG,GG,AA,GG,GG,GG,AA,GG,GG,GG,GG,GG,GG,AA,AA,GG,AA,GG,GG,GG,AA,AA,GG,GG,AA,GG,AA,GG,GG,GG,GG,GG,GG,GG,AA,AA,GG,GG,GG,GG,GG,AA,AA,AA,GG,GG,AA,GG,AA,GG,GG,NN,GG,GG,GG,GG,AA,AA,AA,GG,GG,GG,AA,AA,GG,GG,GG,AA,NN,AA,GG,GG,GG,GG,GG,GG,GG,AA,GG,AA,AA,AA,AA,AA,GG,GG,AA,NN,AA,GG,AA,GG,GG,GG,GG,AA,AA,GG,AA,GG,GG,AA,AA,AA,NN,AA,GG,AA,AA,NN,GG,AA,AA,GG
IWA243*,0.70,,GG,GG,GG,GG,GG,GG,GG,GG,GG,GG,GG,GG,GG,GG,GG,GG,AA,GG,GG,GG,GG,GG,GG,GG,GG,GG,GG,GG,GG,GG,GG,GG,GG,GG,GG,GG,GG,GG,GG,GG,GG,GG,GG,GG,GG,GG,GG,GG,GG,GG,GG,GG,GG,GG,GG,GG,GG,GG,GG,GG,GG,GG,GG,GG,GG,GG,GG,GG,GG,GG,GG,GG,GG,GG,GG,GG,GG,GG,GG,GG,AA,AA,GG,GG,GG,GG,AA,GG,GG,GG,GG,GG,GG,GG,GG,GG,GG,GG,GG,GG,GG,GG,GG,GG,GG,GG,GG,GG,GG,GG,GG,GG,GG,GG,GG,GG,GG,GG,GG,GG,GG,GG,GG,GG,GG,GG,GG,GG,GG,GG,GG,GG,GG,GG,GG,AA,GG,GG,GG,GG,GG,AA,GG,GG,GG,GG,GG,AA,GG,GG,GG,GG,GG,AA,GG,GG,GG,GG,GG,GG,GG,GG,GG,GG,GG,GG,GG,GG,GG,GG,GG,AA,GG,GG,AA,GG,GG,AA,GG,AA,AA,GG,GG,GG,GG,GG,GG,GG,GG,GG,GG,GG,GG,GG,GG,GG,GG,GG,GG,GG,GG,GG,GG,GG,GG,GG,GG,GG,GG,GG,GG,AA,GG,GG,GG,GG,GG,GG,GG,GG,AA,GG,GG,GG,GG,GG,GG,GG,GG,GG,GG,GG,GG,GG,GG,GG,GG,GG,GG,AA,GG,GG,GG,GG,GG,GG,GG,GG,GG,GG,GG,GG,GG,GG,GG,GG,GG,GG,GG,GG,GG,GG,GG,GG,GG,GG,GG,GG,GG,GG,GG,GG,GG,AA,GG,GG,GG,GG,GG,GG,GG,GG,AA,GG,GG,GG,GG,GG,GG,AA,AA,GG,GG,GG,GG,AA,GG,GG,GG,GG,GG,GG,GG,GG,GG,GG,GG,GG,GG,GG,AA,GG,GG,GG,GG,GG,GG,GG,GG,GG,AA,GG,GG,GG,AA,GG,AA,GG,GG,GG,GG,GG,GG,GG,GG,GG,GG,GG,GG,GG,GG,GG,GG,GG,GG,GG,GG,GG,GG,NN,GG,GG,GG,GG,GG,GG,GG,GG,GG,GG,GG,GG,GG,GG,GG,GG,GG,GG,GG,GG,GG,GG,GG,AA,GG,GG,GG,GG,GG,GG,GG,GG,GG,GG,GG,AA,GG,GG,GG,GG,GG,GG,GG,GG,GG,GG,AA,AA,GG,GG,GG,AA,GG,GG,AA,GG,AA,GG,GG,GG,GG,GG,GG,GG,GG,AA,GG,GG,GG,GG,GG,GG,GG,GG,GG,GG,GG,GG,GG,GG,GG,GG,GG,GG,GG,AA,GG,GG,GG,GG,GG,GG,AA,GG,GG,GG,GG,GG,GG,GG,GG,GG,GG,GG,AA,GG,AA,AA,GG,GG,GG,GG,GG,GG,GG,GG,GG,GG,AA,GG,GG,GG,GG,GG,GG,GG,GG,GG,GG,GG,GG,GG,GG,GG,GG,GG,GG,GG,GG,AA,AA,AA,GG,AA,GG,GG,AA,GG,GG,GG,GG,AA,GG,GG,GG,GG,GG,AA,GG,AA,GG,GG,GG,GG,GG,GG,GG,GG,GG,GG,GG,GG,GG,GG,GG,GG,GG,GG,GG,GG,GG,AA,AA,AA,AA,AA,AA,GG,GG,GG,GG,GG,GG,GG,GG,GG,GG,GG,GG,GG,AA,GG,GG,AA,GG,GG,GG,GG,GG,GG,GG,AA,AA,GG,GG,GG,GG,GG,GG,GG,GG,GG,GG,GG,GG,GG,GG,AA,AA,AA,GG,GG,GG,GG,GG,GG,GG,GG,GG,GG,GG,GG,GG,GG,GG,GG,GG,GG,GG,GG,GG,AA,AA,AA,GG,GG,AA,GG,AA,GG,AA,GG,AA,AA,AA,GG,GG,AA,GG,AA,GG,GG,GG,AA,GG,GG,GG,GG,GG,AA,GG,GG,GG,AA,GG,GG,AA,AA,GG,GG,GG,GG,AA,AA,GG,AA,AA,AA,AA,AA,AA,GG,GG,AA,GG,GG,GG,GG,GG,AA,GG,GG,GG,GG,GG,GG,GG,GG,GG,GG,AA,GG,GG,GG,GG,GG,AA,AA,AA,GG,AA,AA,GG,GG,AA,GG,GG,GG,GG,GG,AA,GG,GG,AA,GG,GG,AA,GG,GG,GG,GG,GG,AA,GG,GG,AA,GG,GG,GG,AA,GG,GG,GG,GG,NN,AA,AA,AA,AA,AA,AA,AA,AA,AA,AA,AA,AA,AA,AA,AA,AA,AA,AA,AA,AA,AA,AA,AA,AA,AA,AA,AA,AA,AA,AA,GG,GG,AA,GG,GG,GG,GG,GG,GG,GG,GG,GG,GG,GG,GG,AA,GG,GG,GG,GG,GG,GG,AA,GG,GG,GG,GG,GG,GG,AA,GG,GG,GG,GG,AA,AA,GG,GG,AA,AA,AA,GG,AA,AA,AA,AA,AA,AA,AA,AA,AA,GG,GG,GG,GG,AA,GG,GG,GG,AA,GG,AA,GG,AA,GG,GG,GG,AA,GG,AA,AA,AA,AA,AA,AA,GG,AA,NN,AA,AA,GG,AA,AA,GG,AA,GG,GG,AA,AA,NN,AA,GG,GG,GG,GG,AA,AA,AA,AA,AA,GG,GG,AA,AA,GG,AA,GG,GG,AA,AA,AA,AA,AA,AA,AA,GG,AA,AA,GG,AA,AA,AA,AA,AA,GG,GG,GG,AA,AA,AA,GG,GG,GG,AA,GG,GG,GG,GG,AA,AA,GG,AA,AA,GG,GG,GG,AA,GG,GG,GG,GG,GG,GG,GG,GG,GG,GG,GG,GG,GG,GG,GG,AA,GG,AA,AA,AA,AA,GG,AA,AA,AA,AA,AA,AA,AA,AA,AA,AA,GG,GG,GG,GG,AA,AA,GG,AA,GG,GG,GG,GG,AA,GG,GG,GG,AA,GG,AA,AA,AA,GG,AA,AA,AA,AA,GG,GG,GG,AA,AA,GG,GG,AA,GG,GG,GG,GG,GG,GG,GG,GG,AA,GG,AA,AA,GG,GG,GG,GG,GG,GG,GG,GG,AA,AA,AA,AA,AA,AA,AA,GG,GG,AA,AA,AA,AA,AA,GG,GG,GG,AA,GG,GG,GG,GG,GG,AA,GG,GG,GG,AA,GG,AA,AA,AA,AA,AA,AA,AA,AA,GG,AA,AA,GG,GG,AA,AA,AA,AA,AA,AA,AA,AA,AA,GG,GG,GG,GG,GG,GG,GG,GG,AA,GG,AA,GG,AA,AA,AA,AA,AA,AA,AA,AA,AA,AA,AA,AA,AA,AA,AA,AA,AA,AA,AA,AA,GG,GG,GG,GG,GG,GG,AA,GG,GG,GG,GG,GG,GG,GG,AA,AA,AA,AA,AA,AA,AA,GG,GG,GG,AA,AA,AA,AA,GG,GG,GG,GG,GG,GG,AA,AA,GG,GG,GG,AA,AA,GG,AA,AA,AA,AA,AA,GG,GG,AA,AA,AA,AA,AA,GG,AA,GG,AA,AA,GG,GG,AA,AA,AA,AA,AA,AA,GG,GG,AA,GG,GG,GG,AA,AA,AA,GG,GG,GG,AA,AA,AA,AA,GG,GG,AA,AA,AA,AA,AA,GG,AA,GG,GG,GG,GG,AA,GG,AA,GG,GG,GG,AA,AA,GG,GG,AA,GG,AA,GG,GG,AA,AA,AA
IWA4096*,0.17,,TT,CC,TT,CC,CC,TT,TT,TT,TT,TT,TT,TT,TT,TT,CC,CC,TT,CC,TT,TT,TT,TT,CC,TT,TT,CC,TT,TT,TT,CC,TT,CC,TT,TT,TT,TT,TT,CC,TT,TT,CC,TT,TT,TT,TT,TT,TT,TT,CC,TT,TT,TT,CC,TT,CC,TT,TT,TT,TT,TT,CC,CC,CC,CC,TT,TT,TT,TT,TT,TT,CC,TT,TT,TT,TT,TT,TT,TT,TT,TT,TT,TT,TT,TT,TT,TT,TT,TT,TT,TT,TT,TT,TT,CC,CC,CC,TT,CC,CC,TT,TT,TT,TT,TT,TT,TT,CC,TT,TT,TT,TT,TT,TT,CC,CC,TT,TT,TT,TT,TT,TT,CC,TT,TT,TT,CC,TT,TT,TT,TT,TT,TT,TT,TT,CC,TT,TT,TT,TT,TT,TT,TT,TT,CC,CC,TT,TT,TT,TT,TT,TT,TT,CC,CC,CC,CC,TT,TT,CC,TT,TT,CC,CC,TT,TT,TT,TT,TT,TT,TT,TT,TT,TT,CC,TT,CC,TT,TT,TT,TT,TT,TT,TT,TT,CC,TT,TT,TT,TT,CC,TT,TT,CC,TT,TT,TT,TT,TT,CC,TT,CC,TT,CC,TT,TT,TT,TT,TT,TT,CC,TT,TT,TT,TT,TT,TT,TT,TT,TT,TT,TT,TT,TT,TT,TT,TT,CC,TT,TT,TT,TT,TT,TT,TT,TT,CC,CC,TT,TT,TT,TT,TT,TT,TT,TT,TT,TT,TT,TT,TT,TT,TT,TT,TT,TT,TT,TT,TT,TT,TT,TT,CC,CC,TT,TT,TT,CC,TT,TT,CC,TT,TT,TT,CC,TT,TT,TT,TT,TT,CC,TT,CC,TT,TT,CC,TT,TT,CC,TT,TT,TT,TT,TT,TT,TT,CC,CC,TT,TT,TT,TT,TT,TT,TT,TT,TT,TT,TT,TT,TT,TT,CC,CC,TT,TT,TT,TT,TT,CC,CC,TT,TT,TT,CC,TT,TT,TT,CC,TT,TT,TT,TT,TT,TT,TT,TT,CC,CC,TT,NN,TT,TT,TT,TT,TT,TT,TT,TT,TT,TT,TT,TT,TT,TT,TT,TT,TT,CC,TT,TT,TT,CC,TT,CC,TT,TT,TT,TT,TT,CC,TT,CC,TT,CC,TT,TT,CC,TT,TT,TT,TT,TT,TT,TT,TT,TT,CC,TT,TT,TT,TT,TT,TT,TT,TT,CC,TT,TT,TT,CC,TT,CC,TT,TT,TT,TT,TT,CC,TT,TT,TT,TT,TT,TT,CC,CC,TT,CC,CC,TT,CC,TT,TT,TT,TT,TT,TT,TT,CC,CC,CC,TT,TT,TT,TT,TT,TT,TT,CC,TT,CC,TT,CC,TT,CC,TT,TT,TT,TT,TT,TT,TT,CC,TT,TT,TT,TT,TT,TT,TT,CC,TT,TT,CC,TT,TT,TT,TT,TT,CC,TT,TT,TT,TT,CC,TT,TT,TT,CC,TT,CC,TT,TT,CC,TT,CC,TT,TT,TT,TT,TT,TT,TT,CC,TT,TT,TT,CC,TT,TT,TT,TT,TT,TT,CC,TT,TT,TT,TT,TT,CC,CC,TT,TT,TT,TT,TT,TT,TT,TT,TT,TT,CC,CC,TT,TT,TT,TT,TT,CC,CC,TT,TT,TT,TT,TT,TT,TT,TT,TT,TT,TT,TT,TT,TT,TT,TT,TT,TT,TT,CC,TT,TT,CC,TT,TT,TT,TT,TT,CC,TT,TT,TT,TT,TT,TT,TT,TT,TT,TT,TT,TT,TT,TT,TT,TT,CC,TT,TT,TT,TT,TT,TT,TT,CC,CC,TT,CC,CC,TT,TT,TT,CC,TT,TT,TT,TT,CC,TT,TT,TT,CC,CC,CC,TT,CC,TT,TT,TT,TT,TT,TT,CC,TT,TT,TT,TT,TT,TT,TT,TT,CC,TT,CC,CC,TT,TT,TT,TT,TT,CC,TT,TT,TT,TT,CC,TT,TT,TT,TT,TT,TT,TT,CC,TT,TT,TT,TT,TT,TT,CC,TT,TT,TT,TT,CC,TT,TT,TT,TT,TT,TT,TT,TT,TT,TT,TT,TT,CC,CC,TT,TT,TT,TT,CC,CC,TT,TT,TT,TT,TT,TT,TT,TT,TT,TT,TT,TT,TT,TT,TT,TT,TT,TT,CC,TT,TT,CC,TT,TT,TT,TT,TT,TT,TT,TT,TT,TT,CC,TT,TT,TT,CC,TT,TT,TT,TT,CC,TT,TT,TT,TT,CC,TT,TT,TT,TT,TT,TT,TT,TT,TT,TT,TT,TT,TT,TT,TT,TT,TT,TT,TT,TT,TT,TT,TT,TT,TT,CC,TT,TT,TT,TT,TT,TT,TT,TT,TT,TT,CC,TT,TT,TT,TT,TT,CC,TT,TT,TT,TT,TT,TT,CC,TT,TT,TT,TT,TT,TT,TT,TT,TT,CC,TT,CC,TT,TT,TT,TT,TT,TT,TT,TT,TT,TT,TT,TT,TT,TT,TT,TT,TT,TT,TT,TT,CC,CC,CC,TT,TT,TT,TT,TT,TT,TT,TT,TT,TT,CC,TT,TT,TT,TT,TT,TT,CC,TT,TT,TT,TT,TT,TT,TT,TT,CC,TT,CC,TT,TT,TT,TT,TT,TT,CC,CC,CC,CC,TT,TT,CC,TT,TT,TT,TT,TT,TT,TT,TT,TT,TT,TT,TT,TT,TT,TT,TT,TT,TT,TT,TT,CC,TT,TT,TT,TT,TT,TT,TT,TT,TT,TT,TT,TT,TT,TT,CC,CC,TT,CC,TT,TT,TT,CC,TT,CC,TT,TT,CC,TT,TT,TT,TT,TT,CC,CC,CC,TT,TT,TT,TT,TT,TT,TT,TT,TT,TT,TT,TT,TT,TT,TT,TT,TT,CC,CC,TT,TT,TT,TT,TT,CC,TT,TT,CC,TT,TT,TT,TT,CC,TT,TT,TT,TT,TT,TT,TT,TT,TT,TT,TT,TT,TT,TT,NN,TT,TT,TT,TT,TT,TT,TT,CC,TT,TT,TT,CC,CC,TT,TT,TT,TT,CC,TT,CC,TT,TT,TT,CC,TT,TT,TT,TT,TT,TT,TT,TT,TT,TT,TT,TT,TT,TT,TT,CC,TT,TT,TT,TT,TT,TT,TT,TT,TT,TT,TT,TT,TT,TT,TT,TT,TT,TT,TT,TT,TT,TT,TT,TT,TT,TT,TT,TT,TT,TT,TT,TT,TT,TT,TT,TT,TT,TT,TT,TT,TT,TT,TT,TT,TT,CC,TT,TT,TT,TT,TT,TT,TT,TT,TT,TT,TT,TT,TT,TT,TT,TT,TT,TT,TT,TT,TT,TT,TT,CC,TT,TT,TT,TT,CC,TT,TT,TT,TT,TT,CC,TT,TT,TT,TT,TT,TT,TT,TT,TT,TT,TT,TT,TT,TT,TT,TT,TT,CC,CC,TT,TT,TT,TT,TT,TT,TT,TT,CC,TT,TT,TT,TT,TT,TT,TT,TT,TT,TT,TT,TT,TT,TT,TT,TT,TT,TT,TT,TT,TT,TT,TT,TT,TT,TT,TT,TT,TT,TT,TT,TT,TT,TT,CC,TT,TT,TT,TT,TT,TT,TT,TT,TT,TT,TT,TT,TT,TT,TT,TT,TT,TT,TT,TT,TT,TT,TT,TT,CC,TT,TT,TT,TT,TT,TT,TT,TT,TT,TT,TT,TT
IWA2343‡,0.18,,CC,TT,TT,TT,TT,CC,TT,CC,CC,CC,CC,CC,CC,TT,TT,TT,TT,TT,CC,CC,CC,CC,CC,CC,TT,TT,TT,TT,TT,CC,TT,CC,CC,CC,TT,CC,CC,CC,CC,TT,TT,TT,TT,TT,CC,CC,TT,CC,CC,CC,CC,TT,CC,TT,CC,CC,CC,CC,CC,CC,CC,TT,CC,TT,TT,TT,TT,TT,TT,TT,TT,CC,TT,CC,TT,CC,CC,CC,CC,CC,CC,CC,CC,CC,CC,CC,TT,TT,CC,CC,CC,CC,TT,TT,CC,TT,CC,TT,CC,TT,CC,CC,CC,TT,TT,TT,TT,CC,CC,CC,CC,CC,CC,TT,CC,CC,CC,CC,TT,CC,CC,CC,TT,TT,TT,TT,TT,CC,CC,CC,CC,CC,CC,CC,CC,CC,TT,TT,TT,TT,TT,TT,TT,TT,TT,CC,TT,CC,CC,CC,CC,CC,CC,TT,CC,TT,CC,CC,CC,CC,CC,CC,TT,CC,CC,CC,CC,CC,TT,TT,TT,TT,TT,TT,CC,CC,CC,CC,CC,CC,CC,TT,CC,CC,CC,CC,CC,TT,TT,TT,TT,TT,TT,CC,CC,CC,CC,CC,CC,CC,TT,TT,TT,CC,CC,CC,TT,CC,CC,TT,CC,CC,CC,CC,CC,CC,CC,CC,CC,CC,CC,TT,CC,CC,CC,CC,CC,CC,CC,CC,TT,TT,CC,CC,TT,TT,TT,CC,TT,CC,TT,CC,CC,CC,CC,CC,CC,CC,CC,CC,CC,CC,CC,CC,CC,CC,CC,CC,CC,CC,CC,TT,CC,CC,CC,CC,CC,CC,CC,CC,CC,CC,CC,CC,CC,CC,CC,CC,CC,TT,CC,CC,TT,CC,TT,TT,CC,CC,CC,CC,TT,CC,CC,CC,CC,CC,CC,CC,CC,CC,CC,CC,CC,CC,CC,CC,CC,CC,CC,CC,CC,TT,TT,CC,CC,CC,CC,CC,TT,TT,CC,CC,CC,CC,CC,TT,CC,TT,TT,CC,CC,CC,CC,TT,CC,CC,CC,CC,CC,CC,CC,CC,CC,CC,CC,TT,CC,CC,CC,TT,CC,CC,CC,CC,CC,CC,CC,CC,CC,CC,CC,TT,TT,TT,TT,CC,TT,CC,CC,TT,TT,CC,TT,CC,CC,CC,CC,CC,TT,CC,CC,CC,CC,CC,CC,TT,TT,CC,CC,CC,CC,CC,CC,CC,CC,TT,TT,TT,TT,TT,TT,CC,CC,CC,CC,CC,TT,TT,CC,CC,CC,CC,TT,CC,TT,CC,CC,CC,TT,CC,TT,CC,CC,CC,CC,TT,CC,TT,TT,TT,TT,CC,CC,CC,CC,CC,CC,CC,TT,CC,CC,CC,CC,CC,TT,TT,CC,CC,CC,CC,CC,CC,TT,CC,CC,CC,TT,CC,CC,CC,CC,CC,CC,CC,CC,CC,TT,CC,CC,CC,CC,CC,CC,TT,CC,CC,CC,CC,TT,TT,TT,TT,CC,TT,TT,CC,CC,CC,CC,CC,CC,CC,CC,CC,CC,CC,CC,CC,CC,CC,CC,CC,CC,CC,TT,CC,CC,CC,CC,CC,CC,TT,CC,CC,CC,CC,CC,CC,CC,TT,CC,CC,TT,CC,CC,CC,CC,CC,CC,TT,CC,CC,CC,TT,CC,CC,CC,CC,CC,CC,CC,TT,TT,CC,CC,CC,CC,CC,CC,CC,CC,CC,CC,TT,CC,CC,CC,CC,TT,TT,CC,CC,CC,CC,CC,CC,CC,CC,CC,CC,CC,CC,CC,CC,CC,CC,TT,CC,CC,TT,CC,CC,CC,CC,CC,TT,CC,CC,CC,CC,CC,CC,CC,CC,CC,CC,CC,TT,CC,CC,CC,CC,CC,CC,CC,TT,CC,CC,CC,CC,CC,CC,CC,CC,CC,CC,CC,TT,CC,CC,CC,CC,CC,CC,TT,CC,CC,CC,CC,TT,TT,CC,CC,CC,CC,TT,TT,TT,CC,TT,CC,TT,CC,CC,CC,CC,CC,CC,CC,CC,CC,CC,CC,CC,CC,CC,CC,CC,CC,CC,TT,TT,CC,CC,CC,CC,CC,CC,TT,TT,TT,CC,CC,TT,CC,CC,CC,CC,CC,CC,CC,TT,CC,CC,TT,CC,CC,CC,CC,CC,CC,TT,TT,CC,TT,CC,CC,CC,TT,TT,TT,TT,CC,CC,CC,CC,CC,TT,TT,CC,CC,CC,CC,CC,CC,CC,CC,CC,CC,CC,CC,CC,CC,CC,CC,CC,CC,CC,CC,CC,CC,CC,CC,CC,CC,CC,CC,CC,CC,CC,CC,CC,CC,CC,CC,CC,CC,TT,CC,CC,CC,CC,CC,CC,CC,CC,CC,CC,CC,TT,CC,CC,CC,CC,CC,TT,CC,CC,CC,CC,TT,CC,CC,CC,CC,CC,CC,CC,CC,CC,CC,CC,CC,CC,CC,CC,CC,CC,CC,CC,CC,CC,CC,CC,CC,CC,CC,CC,CC,CC,TT,CC,CC,CC,CC,TT,CC,TT,CC,TT,CC,CC,CC,CC,CC,CC,CC,CC,CC,CC,CC,CC,CC,CC,CC,TT,TT,CC,CC,CC,TT,CC,CC,CC,TT,CC,TT,CC,TT,CC,CC,CC,CC,CC,CC,TT,CC,CC,CC,TT,CC,CC,CC,CC,CC,CC,CC,CC,CC,CC,CC,CC,CC,CC,CC,TT,CC,CC,CC,CC,TT,CC,CC,CC,CC,CC,CC,TT,CC,CC,TT,TT,CC,CC,CC,CC,TT,CC,TT,CC,CC,CC,CC,CC,CC,CC,TT,CC,CC,CC,CC,CC,CC,TT,TT,TT,CC,CC,CC,CC,CC,CC,CC,CC,CC,CC,CC,CC,CC,CC,CC,CC,CC,CC,CC,CC,CC,CC,CC,CC,CC,CC,CC,TT,CC,CC,TT,CC,CC,CC,CC,CC,CC,CC,CC,CC,CC,CC,CC,CC,CC,CC,CC,CC,TT,CC,CC,TT,CC,CC,CC,CC,CC,CC,CC,CC,TT,TT,CC,CC,CC,CC,CC,CC,CC,CC,CC,CC,CC,CC,CC,CC,CC,CC,CC,CC,CC,CC,CC,CC,CC,CC,CC,CC,CC,CC,CC,CC,CC,CC,CC,CC,CC,CC,CC,CC,CC,CC,CC,CC,CC,CC,CC,CC,CC,CC,CC,CC,CC,CC,CC,CC,CC,CC,CC,CC,CC,CC,CC,CC,CC,CC,CC,CC,CC,CC,CC,CC,CC,CC,CC,CC,CC,CC,CC,CC,CC,CC,CC,CC,CC,CC,CC,CC,CC,CC,CC,CC,CC,CC,CC,CC,CC,CC,CC,CC,CC,CC,CC,CC,CC,CC,CC,CC,CC,CC,CC,CC,CC,CC,CC,CC,CC,CC,CC,CC,CC,CC,CC,CC,CC,CC,CC,CC,CC,CC,CC,TT,CC,CC,CC,CC,CC,CC,CC,CC,CC,CC,CC,CC,CC,CC,CC,CC,CC,CC,CC,CC,CC,CC,TT,CC,CC,CC,CC,CC,CC,CC,CC,CC,CC,CC,CC,CC,CC,CC,CC,TT,CC,CC,CC,CC,CC,CC,CC,CC,CC,CC,CC,CC,CC,CC,CC,CC,CC,CC,CC,CC,CC,CC,CC,CC,CC,CC,CC,CC,CC,CC,CC,CC,CC,CC,CC,CC,CC
IWA570‡,0.86,,GG,GG,GG,GG,GG,GG,GG,GG,GG,GG,GG,GG,GG,GG,GG,GG,GG,GG,GG,GG,GG,GG,GG,GG,GG,GG,GG,GG,GG,GG,GG,GG,GG,GG,GG,GG,GG,GG,GG,GG,GG,GG,GG,GG,GG,GG,GG,GG,GG,GG,GG,GG,GG,GG,GG,GG,GG,GG,GG,GG,GG,GG,GG,GG,GG,GG,GG,GG,GG,GG,GG,GG,GG,GG,GG,GG,GG,GG,GG,GG,GG,GG,GG,GG,GG,GG,GG,GG,GG,GG,GG,GG,GG,GG,GG,GG,GG,GG,GG,GG,GG,GG,GG,GG,GG,GG,GG,GG,GG,GG,GG,GG,GG,GG,GG,GG,GG,GG,GG,GG,GG,GG,GG,GG,GG,GG,GG,GG,GG,GG,GG,GG,GG,GG,GG,GG,GG,GG,GG,GG,GG,GG,GG,GG,GG,GG,GG,AA,GG,GG,GG,GG,GG,GG,GG,GG,GG,GG,GG,GG,GG,GG,GG,GG,GG,GG,GG,GG,GG,GG,GG,GG,GG,GG,GG,GG,GG,AA,GG,GG,GG,GG,GG,GG,GG,AA,GG,GG,GG,GG,GG,GG,GG,GG,GG,GG,GG,GG,GG,GG,GG,GG,GG,GG,GG,GG,GG,GG,GG,GG,GG,GG,GG,GG,GG,GG,GG,GG,GG,GG,GG,GG,GG,GG,GG,GG,AA,GG,GG,GG,GG,GG,GG,GG,GG,GG,GG,GG,GG,AA,GG,GG,GG,GG,GG,GG,GG,GG,GG,GG,GG,GG,GG,GG,GG,GG,GG,GG,GG,GG,GG,GG,GG,GG,GG,GG,GG,GG,GG,GG,GG,GG,GG,GG,GG,GG,GG,GG,GG,GG,GG,GG,GG,GG,GG,GG,GG,GG,GG,AA,GG,GG,GG,GG,GG,GG,GG,GG,GG,GG,GG,GG,GG,GG,GG,GG,GG,GG,GG,GG,GG,GG,GG,GG,GG,GG,GG,GG,GG,GG,GG,GG,GG,GG,GG,GG,GG,GG,GG,GG,GG,GG,GG,GG,GG,GG,GG,GG,GG,GG,GG,GG,GG,GG,GG,GG,GG,GG,GG,GG,GG,GG,GG,GG,GG,GG,GG,GG,GG,GG,GG,GG,GG,GG,GG,GG,GG,GG,GG,GG,GG,GG,GG,GG,GG,GG,GG,GG,GG,GG,GG,GG,GG,GG,GG,GG,GG,GG,GG,GG,GG,GG,GG,GG,GG,GG,GG,GG,GG,GG,GG,GG,GG,GG,GG,GG,GG,GG,GG,GG,GG,GG,GG,GG,GG,GG,GG,GG,GG,GG,GG,GG,GG,GG,GG,GG,GG,GG,GG,GG,GG,GG,AA,GG,GG,GG,GG,GG,GG,GG,GG,GG,GG,GG,GG,GG,GG,GG,GG,GG,GG,GG,GG,GG,GG,GG,GG,AA,GG,GG,GG,GG,GG,GG,GG,GG,GG,GG,GG,GG,AA,GG,GG,GG,GG,GG,GG,GG,GG,GG,GG,GG,GG,GG,GG,GG,GG,GG,GG,AA,AA,GG,GG,GG,GG,GG,GG,GG,AA,GG,GG,AA,GG,GG,GG,GG,GG,GG,GG,AA,GG,GG,GG,GG,GG,GG,GG,AA,GG,GG,GG,GG,GG,GG,GG,GG,GG,GG,GG,GG,GG,GG,GG,GG,AA,GG,GG,GG,GG,GG,GG,GG,GG,GG,GG,GG,GG,GG,GG,GG,AA,GG,GG,GG,GG,GG,GG,GG,GG,GG,GG,GG,AA,GG,GG,GG,GG,GG,GG,GG,GG,GG,GG,GG,GG,GG,GG,GG,GG,GG,GG,GG,GG,GG,GG,GG,GG,GG,GG,GG,GG,GG,AA,GG,GG,GG,AA,GG,GG,GG,GG,GG,GG,GG,GG,GG,AA,GG,GG,GG,GG,GG,AA,GG,AA,GG,GG,GG,GG,AA,GG,GG,GG,GG,GG,GG,GG,GG,GG,GG,GG,GG,GG,GG,GG,GG,GG,GG,GG,GG,GG,GG,GG,AA,GG,AA,AA,AA,AA,AA,GG,GG,GG,GG,GG,GG,GG,GG,GG,GG,GG,GG,GG,GG,GG,GG,GG,GG,GG,GG,GG,GG,GG,GG,GG,GG,AA,AA,AA,GG,GG,GG,GG,GG,GG,GG,GG,GG,AA,AA,AA,GG,GG,GG,GG,GG,GG,AA,GG,GG,GG,GG,GG,GG,GG,GG,AA,GG,GG,GG,GG,GG,GG,GG,NN,AA,AA,GG,GG,GG,AA,AA,GG,GG,GG,GG,GG,AA,GG,GG,GG,GG,GG,GG,GG,GG,GG,GG,GG,GG,GG,AA,GG,GG,GG,GG,GG,GG,GG,GG,GG,GG,GG,GG,AA,GG,GG,GG,GG,GG,GG,GG,GG,GG,GG,GG,GG,AA,GG,GG,GG,GG,GG,GG,GG,GG,GG,GG,GG,GG,GG,GG,GG,GG,GG,GG,GG,GG,GG,GG,GG,GG,GG,GG,GG,GG,GG,GG,GG,GG,AA,GG,GG,GG,AA,GG,GG,GG,GG,GG,GG,GG,GG,GG,GG,GG,AA,GG,GG,GG,GG,GG,GG,GG,AA,GG,GG,AA,GG,GG,GG,GG,GG,AA,GG,AA,GG,GG,GG,GG,GG,GG,GG,GG,GG,GG,AA,GG,GG,GG,GG,GG,GG,GG,AA,GG,GG,AA,GG,GG,GG,AA,GG,AA,AA,GG,AA,AA,AA,GG,GG,AA,AA,AA,AA,GG,GG,GG,AA,GG,GG,GG,GG,AA,AA,GG,AA,GG,GG,GG,GG,GG,GG,AA,GG,GG,GG,GG,GG,GG,GG,GG,AA,GG,GG,GG,GG,GG,GG,AA,GG,AA,AA,GG,GG,AA,AA,GG,GG,GG,GG,AA,GG,GG,GG,AA,GG,GG,AA,GG,GG,GG,GG,GG,GG,GG,GG,GG,GG,GG,AA,GG,GG,GG,AA,GG,AA,GG,GG,AA,GG,GG,AA,GG,GG,GG,GG,GG,GG,GG,GG,GG,AA,GG,GG,GG,GG,GG,AA,GG,GG,GG,GG,GG,GG,GG,GG,GG,GG,GG,AA,GG,AA,GG,AA,GG,GG,GG,AA,GG,AA,GG,GG,GG,GG,GG,AA,AA,GG,AA,GG,GG,GG,AA,GG,GG,GG,AA,AA,AA,AA,AA,AA,AA,AA,GG,GG,GG,GG,GG,GG,AA,GG,AA,AA,GG,GG,GG,GG,GG,GG,AA,GG,AA,GG,GG,GG,GG,GG,AA,GG,GG,AA,AA,AA,GG,GG,GG,GG,GG,GG,GG,AA,AA,GG,GG,AA,AA,AA,GG,AA,GG,GG,GG,AA,AA,AA,AA,GG,GG,GG,GG,GG,AA,GG,GG,AA,AA,AA,AA,AA,GG,GG,GG,GG,GG,AA,GG,GG,GG,GG,GG,GG,GG,GG,AA,GG,GG,GG,GG,GG,GG,GG,GG,AA,GG,GG,AA,GG,GG,AA,GG,GG,AA,AA,GG,AA,GG,GG,GG,GG,GG,GG,GG,GG,AA,AA,AA,GG,GG,AA,GG,GG,GG,AA,AA,AA,GG,GG,GG,GG,GG,GG,GG,AA,AA,AA,AA,GG,GG,AA,GG,AA,GG,GG,GG,GG,AA,AA,GG,GG,GG,GG,AA,AA,GG,GG,AA,GG,GG,GG,GG,AA,AA,NN
IWA4118*,0.93,,AA,AA,AA,AA,AA,AA,AA,AA,AA,AA,AA,AA,AA,AA,AA,AA,AA,AA,AA,AA,AA,AA,AA,AA,AA,AA,AA,AA,AA,AA,AA,AA,AA,AA,AA,AA,AA,AA,AA,AA,AA,AA,AA,AA,AA,AA,AA,AA,AA,AA,AA,AA,AA,AA,AA,AA,AA,AA,AA,AA,AA,AA,AA,AA,AA,AA,AA,AA,AA,AA,AA,AA,AA,AA,AA,AA,AA,AA,GG,AA,AA,AA,AA,AA,AA,AA,AA,AA,AA,AA,AA,AA,AA,AA,AA,AA,AA,AA,AA,AA,AA,AA,AA,AA,AA,AA,AA,AA,AA,AA,AA,AA,AA,AA,AA,AA,AA,AA,AA,AA,AA,AA,AA,AA,AA,AA,AA,AA,AA,AA,AA,AA,AA,AA,AA,AA,AA,AA,AA,AA,AA,AA,AA,GG,AA,AA,AA,AA,AA,AA,AA,AA,AA,AA,AA,AA,AA,AA,AA,AA,AA,AA,AA,AA,AA,AA,AA,AA,AA,AA,AA,AA,AA,AA,AA,AA,AA,AA,AA,AA,AA,AA,AA,AA,AA,AA,AA,AA,AA,AA,AA,AA,AA,AA,AA,AA,AA,AA,AA,AA,AA,AA,AA,AA,AA,AA,AA,AA,AA,AA,AA,AA,AA,AA,AA,AA,AA,AA,AA,AA,AA,AA,AA,AA,AA,AA,GG,AA,AA,AA,AA,AA,AA,AA,AA,AA,AA,AA,AA,AA,AA,AA,GG,AA,AA,AA,AA,AA,AA,AA,AA,AA,AA,AA,AA,AA,AA,AA,AA,AA,AA,AA,AA,AA,AA,GG,AA,AA,AA,AA,AA,AA,AA,AA,AA,AA,AA,AA,AA,AA,AA,AA,AA,AA,AA,AA,AA,AA,AA,AA,AA,AA,AA,AA,AA,AA,GG,AA,AA,AA,AA,AA,AA,AA,AA,AA,AA,AA,AA,AA,AA,AA,AA,AA,AA,AA,AA,AA,AA,AA,AA,AA,AA,AA,AA,AA,AA,AA,AA,AA,AA,AA,AA,AA,AA,AA,AA,AA,AA,AA,AA,AA,AA,AA,AA,AA,AA,AA,AA,AA,GG,AA,AA,AA,AA,AA,AA,AA,AA,AA,AA,AA,AA,AA,AA,AA,AA,AA,AA,AA,AA,AA,AA,AA,AA,AA,AA,AA,AA,AA,AA,AA,AA,AA,AA,AA,AA,AA,AA,AA,GG,AA,AA,AA,AA,AA,AA,AA,AA,AA,AA,AA,AA,AA,AA,AA,AA,AA,AA,AA,AA,AA,AA,AA,AA,AA,AA,AA,AA,AA,AA,AA,AA,AA,AA,AA,AA,AA,AA,AA,AA,AA,AA,AA,AA,AA,AA,AA,AA,AA,AA,AA,AA,AA,AA,GG,AA,AA,AA,AA,AA,AA,AA,AA,AA,AA,AA,AA,AA,GG,GG,AA,AA,AA,AA,AA,AA,AA,AA,AA,AA,AA,AA,AA,AA,AA,AA,AA,AA,AA,AA,AA,AA,AA,AA,AA,AA,AA,AA,AA,AA,AA,AA,AA,AA,AA,AA,GG,AA,AA,AA,AA,AA,AA,AA,AA,AA,AA,AA,AA,AA,AA,AA,AA,AA,AA,AA,AA,GG,AA,AA,GG,AA,AA,AA,AA,AA,AA,AA,AA,AA,AA,AA,AA,AA,AA,AA,AA,AA,AA,AA,AA,AA,AA,AA,AA,AA,AA,AA,AA,AA,AA,AA,AA,AA,AA,AA,AA,AA,AA,AA,AA,AA,AA,AA,AA,AA,AA,AA,AA,AA,AA,AA,AA,AA,AA,AA,AA,AA,AA,AA,AA,AA,AA,AA,AA,AA,GG,GG,GG,AA,GG,AA,AA,AA,AA,AA,AA,AA,GG,AA,AA,AA,AA,AA,AA,AA,AA,AA,AA,AA,AA,AA,AA,AA,AA,AA,AA,AA,AA,AA,AA,GG,GG,AA,AA,AA,AA,AA,AA,AA,AA,AA,AA,AA,AA,AA,AA,AA,AA,AA,AA,AA,AA,AA,AA,AA,AA,AA,AA,AA,AA,AA,AA,AA,AA,GG,AA,AA,AA,AA,AA,AA,AA,AA,AA,AA,AA,AA,AA,AA,AA,AA,AA,AA,AA,AA,AA,AA,AA,AA,AA,AA,AA,AA,AA,AA,AA,AA,AA,GG,AA,AA,AA,AA,AA,AA,AA,AA,AA,AA,AA,GG,AA,AA,AA,GG,AA,AA,AA,AA,AA,GG,AA,AA,AA,AA,AA,AA,AA,AA,AA,AA,AA,AA,AA,AA,AA,AA,AA,AA,AA,AA,AA,AA,AA,AA,AA,AA,AA,AA,AA,AA,AA,AA,AA,AA,AA,AA,AA,AA,AA,AA,AA,AA,AA,AA,AA,AA,AA,AA,AA,AA,AA,AA,AA,AA,AA,GG,GG,AA,AA,AA,AA,AA,AA,AA,AA,AA,AA,AA,AA,AA,AA,AA,AA,AA,AA,AA,AA,AA,AA,AA,AA,AA,AA,AA,AA,AA,AA,AA,AA,AA,AA,AA,AA,GG,AA,AA,AA,AA,AA,AA,AA,AA,AA,AA,AA,AA,AA,AA,AA,AA,AA,AA,AA,AA,AA,AA,AA,AA,AA,GG,GG,AA,AA,AA,AA,GG,AA,AA,AA,AA,AA,AA,AA,AA,AA,AA,AA,AA,AA,AA,AA,AA,AA,AA,AA,AA,AA,AA,AA,AA,AA,AA,AA,AA,AA,AA,AA,AA,GG,GG,AA,GG,AA,GG,AA,AA,AA,AA,AA,AA,AA,AA,GG,AA,AA,AA,AA,AA,AA,AA,GG,AA,AA,AA,AA,AA,AA,AA,AA,GG,AA,AA,AA,AA,AA,AA,AA,AA,AA,AA,AA,AA,AA,AA,AA,AA,AA,AA,AA,AA,AA,AA,GG,AA,AA,AA,AA,AA,AA,AA,AA,AA,GG,AA,AA,AA,AA,AA,GG,AA,AA,AA,AA,AA,AA,AA,AA,AA,AA,GG,AA,AA,AA,AA,AA,AA,AA,AA,AA,GG,GG,GG,AA,AA,AA,AA,AA,AA,AA,AA,GG,AA,AA,AA,AA,AA,AA,GG,AA,AA,AA,AA,AA,AA,AA,AA,AA,AA,AA,AA,AA,AA,AA,GG,GG,AA,AA,AA,AA,AA,AA,AA,AA,AA,AA,AA,AA,AA,AA,AA,AA,AA,AA,AA,AA,AA,AA,AA,AA,AA,AA,AA,AA,AA,AA,AA,AA,AA,GG,AA,AA,AA,GG,AA,AA,AA,AA,AA,AA,AA,AA,AA,AA,AA,AA,GG,AA,AA,AA,AA,AA,AA,AA,AA,AA,AA,AA,AA,AA,AA,AA,GG,GG,GG,GG,AA,AA,AA,AA,AA,GG,AA,AA,AA,GG,AA,AA,AA,AA,AA,AA,AA,AA,AA,AA,AA,AA,AA,GG,AA,AA,AA,GG,AA,AA,GG,AA,AA,AA,AA,AA,GG,AA,AA,AA,AA,AA,GG,AA,AA,AA,AA,AA,AA,GG,AA,AA,AA,AA,AA,AA,AA,AA,AA,AA,AA,AA,AA,AA,AA,AA,AA,AA,AA,AA,GG,AA,GG,GG,GG,GG,GG,GG,AA,AA,AA,GG,AA,AA,AA,GG,AA,AA,GG,AA,AA,AA,GG,AA,AA,AA,AA,AA,AA,AA,AA,AA,NN,AA,AA,AA,GG
IWA2946*,0.73,,GG,GG,GG,AA,GG,GG,AA,GG,GG,GG,GG,GG,GG,AA,AA,AA,GG,AA,GG,GG,GG,GG,GG,GG,AA,AA,AA,GG,AA,GG,AA,GG,GG,GG,AA,AA,AA,AA,AA,GG,GG,AA,AA,AA,GG,GG,GG,GG,GG,GG,GG,GG,AA,AA,GG,AA,AA,AA,AA,GG,GG,AA,AA,GG,AA,AA,AA,GG,AA,AA,GG,AA,GG,GG,GG,GG,GG,GG,AA,GG,GG,GG,GG,GG,AA,GG,AA,GG,GG,GG,GG,GG,GG,AA,GG,AA,GG,AA,GG,AA,GG,AA,GG,AA,AA,GG,GG,GG,AA,GG,GG,GG,GG,GG,GG,AA,GG,GG,GG,AA,GG,AA,GG,GG,GG,GG,AA,GG,GG,GG,GG,GG,GG,GG,AA,GG,AA,AA,AA,GG,GG,GG,AA,GG,GG,GG,AA,GG,GG,AA,AA,AA,AA,NN,AA,GG,AA,GG,GG,GG,GG,AA,GG,AA,AA,AA,AA,AA,AA,AA,AA,AA,AA,GG,GG,AA,AA,GG,GG,GG,GG,GG,GG,GG,GG,AA,GG,GG,GG,GG,GG,GG,GG,GG,AA,AA,GG,GG,AA,GG,AA,AA,AA,GG,GG,GG,GG,AA,AA,GG,AA,AA,GG,GG,AA,GG,GG,GG,AA,GG,GG,AA,GG,GG,AA,GG,GG,GG,GG,GG,AA,GG,GG,AA,AA,GG,GG,GG,GG,GG,GG,AA,NN,AA,AA,GG,GG,GG,GG,GG,GG,GG,GG,GG,GG,GG,GG,GG,GG,AA,AA,GG,GG,GG,GG,GG,GG,GG,GG,GG,GG,GG,GG,AA,AA,GG,GG,AA,GG,GG,GG,AA,AA,GG,GG,GG,GG,GG,GG,GG,GG,GG,GG,AA,AA,AA,GG,GG,GG,GG,GG,GG,GG,AA,GG,GG,AA,GG,GG,GG,GG,GG,GG,GG,AA,AA,GG,AA,AA,AA,GG,GG,AA,AA,GG,AA,GG,GG,GG,GG,GG,GG,GG,GG,AA,AA,AA,GG,GG,NN,GG,GG,AA,GG,GG,AA,GG,GG,GG,GG,GG,AA,GG,GG,GG,GG,GG,GG,GG,AA,GG,GG,GG,GG,GG,AA,GG,AA,GG,GG,AA,GG,GG,GG,GG,AA,AA,GG,AA,GG,AA,GG,NN,AA,GG,AA,GG,AA,GG,GG,GG,GG,AA,AA,GG,GG,AA,AA,GG,GG,GG,GG,GG,GG,GG,GG,GG,GG,GG,AA,GG,AA,GG,GG,GG,GG,GG,AA,GG,GG,GG,GG,GG,GG,GG,GG,GG,GG,GG,GG,GG,AA,GG,GG,AA,AA,GG,GG,GG,GG,GG,AA,GG,AA,GG,AA,GG,AA,AA,GG,GG,GG,GG,AA,AA,GG,AA,GG,GG,GG,AA,GG,AA,GG,GG,GG,AA,GG,GG,GG,GG,GG,GG,GG,GG,GG,AA,GG,AA,AA,GG,AA,AA,AA,GG,GG,GG,AA,GG,GG,GG,GG,AA,GG,AA,GG,AA,GG,GG,GG,GG,GG,GG,GG,AA,GG,GG,GG,GG,GG,GG,GG,GG,GG,GG,AA,AA,GG,GG,GG,AA,GG,AA,GG,AA,AA,AA,GG,AA,GG,AA,GG,GG,AA,GG,GG,GG,AA,GG,GG,AA,AA,GG,GG,GG,GG,GG,GG,GG,GG,GG,AA,GG,GG,GG,AA,AA,AA,AA,GG,GG,GG,GG,AA,GG,GG,GG,GG,GG,GG,GG,GG,GG,GG,GG,GG,AA,GG,GG,AA,GG,AA,AA,GG,GG,GG,AA,GG,GG,GG,AA,GG,GG,AA,GG,GG,AA,GG,GG,GG,GG,GG,GG,GG,AA,AA,GG,GG,GG,GG,GG,GG,GG,GG,GG,GG,AA,GG,GG,GG,GG,GG,GG,AA,GG,GG,GG,GG,GG,GG,GG,AA,AA,AA,AA,GG,GG,GG,AA,GG,AA,GG,GG,GG,GG,GG,GG,GG,GG,GG,AA,AA,GG,AA,GG,GG,AA,AA,GG,GG,GG,GG,AA,GG,GG,GG,GG,AA,GG,AA,AA,AA,GG,AA,AA,GG,GG,GG,GG,GG,GG,AA,AA,GG,AA,AA,GG,GG,GG,GG,GG,AA,AA,AA,AA,GG,GG,GG,GG,GG,GG,GG,GG,GG,GG,GG,GG,GG,GG,GG,GG,AA,AA,AA,GG,GG,GG,GG,GG,GG,GG,GG,GG,GG,GG,GG,GG,GG,GG,GG,GG,GG,GG,GG,GG,GG,GG,GG,GG,GG,GG,AA,GG,GG,GG,GG,GG,AA,GG,GG,GG,GG,GG,GG,GG,GG,AA,GG,GG,AA,GG,GG,GG,GG,GG,GG,GG,GG,GG,AA,GG,AA,GG,GG,GG,AA,GG,GG,GG,GG,GG,AA,GG,GG,GG,GG,GG,GG,GG,GG,GG,GG,GG,GG,GG,GG,GG,GG,AA,GG,GG,GG,GG,GG,GG,AA,GG,AA,GG,GG,GG,AA,GG,GG,GG,GG,GG,GG,GG,GG,GG,GG,GG,GG,GG,GG,GG,GG,GG,GG,GG,GG,GG,GG,GG,GG,GG,GG,AA,GG,GG,GG,GG,GG,GG,GG,GG,GG,GG,GG,GG,AA,GG,GG,GG,GG,GG,GG,GG,AA,GG,GG,GG,GG,GG,GG,GG,GG,GG,AA,GG,GG,GG,GG,GG,GG,AA,AA,GG,AA,GG,GG,GG,GG,GG,GG,AA,GG,AA,GG,NN,GG,GG,GG,GG,GG,AA,GG,GG,AA,AA,AA,AA,GG,GG,GG,GG,GG,AA,GG,GG,GG,GG,GG,GG,GG,GG,GG,GG,AA,GG,GG,GG,GG,AA,GG,GG,AA,GG,GG,AA,AA,AA,GG,AA,GG,GG,GG,GG,GG,GG,GG,GG,GG,GG,GG,GG,GG,GG,GG,GG,GG,AA,GG,AA,NN,AA,AA,AA,AA,AA,GG,GG,AA,AA,AA,GG,GG,GG,GG,GG,AA,AA,AA,GG,AA,GG,GG,GG,AA,GG,GG,GG,GG,GG,AA,AA,AA,GG,GG,GG,GG,AA,AA,AA,GG,GG,GG,AA,GG,AA,GG,GG,AA,GG,AA,GG,GG,GG,GG,GG,GG,GG,GG,GG,AA,GG,GG,GG,GG,GG,GG,GG,GG,GG,GG,GG,GG,AA,GG,GG,AA,GG,AA,GG,AA,GG,GG,GG,GG,AA,GG,GG,GG,GG,GG,GG,GG,GG,GG,AA,GG,GG,NN,GG,GG,GG,GG,GG,GG,GG,GG,AA,NN,AA,AA,AA,AA,GG,GG,GG,GG,AA,AA,GG,GG,GG,GG,GG,GG,GG,GG,AA,AA,GG,GG,GG,GG,AA,GG,GG,GG,GG,GG,GG,GG,GG,GG,AA,AA,AA,AA,AA,GG,GG,GG,GG,GG,GG,AA,GG,GG,NN,GG,GG,GG,GG,GG,GG,GG,AA,AA,GG,GG,GG,GG,GG,GG,GG,GG,GG,GG,GG,AA,GG,GG,NN,GG,GG,AA,GG,GG,GG,GG,GG,AA,GG,GG,GG,GG,GG,AA,GG,AA,GG,AA,GG,GG,GG,GG,AA,GG,GG,GG,GG,AA,AA,GG,GG,GG,AA,AA,GG,GG,GG
IWA5637†,0.35,,GG,GG,GG,GG,GG,AA,GG,GG,AA,AA,AA,AA,AA,AA,GG,GG,GG,AA,AA,AA,AA,GG,AA,AA,GG,GG,GG,GG,GG,GG,AA,AA,GG,AA,AA,GG,GG,AA,GG,GG,GG,AA,GG,GG,AA,AA,AA,AA,GG,AA,AA,AA,AA,AA,GG,AA,AA,AA,AA,AA,AA,AA,AA,GG,GG,GG,AA,GG,AA,GG,GG,AA,AA,AA,AA,GG,GG,AA,AA,AA,AA,AA,GG,AA,AA,AA,GG,GG,AA,AA,AA,AA,GG,AA,AA,AA,AA,AA,AA,GG,GG,AA,GG,GG,GG,AA,GG,AA,GG,AA,AA,AA,GG,GG,GG,AA,AA,AA,AA,GG,AA,AA,GG,GG,GG,GG,GG,AA,GG,AA,GG,GG,GG,GG,GG,GG,AA,AA,AA,AA,AA,GG,AA,AA,GG,AA,AA,AA,AA,GG,AA,AA,GG,AA,GG,GG,GG,AA,GG,GG,GG,AA,GG,GG,AA,GG,GG,AA,GG,AA,GG,NN,GG,GG,AA,GG,GG,AA,AA,AA,AA,GG,AA,AA,GG,GG,AA,GG,GG,GG,GG,AA,GG,AA,GG,GG,GG,GG,AA,GG,GG,GG,GG,AA,AA,AA,AA,AA,GG,GG,AA,AA,GG,AA,GG,AA,GG,AA,AA,AA,AA,AA,AA,GG,GG,GG,AA,AA,AA,AA,GG,GG,GG,GG,GG,GG,GG,GG,GG,AA,GG,GG,GG,GG,GG,AA,GG,GG,AA,AA,GG,GG,GG,GG,GG,GG,GG,GG,GG,GG,AA,GG,AA,AA,AA,AA,AA,AA,AA,GG,GG,AA,AA,AA,GG,AA,AA,AA,GG,GG,AA,GG,AA,AA,GG,GG,GG,AA,AA,AA,AA,AA,AA,GG,GG,GG,AA,GG,AA,GG,GG,GG,AA,GG,AA,AA,GG,AA,AA,AA,AA,GG,GG,AA,AA,AA,AA,GG,AA,AA,GG,GG,GG,AA,GG,AA,GG,GG,AA,AA,AA,GG,GG,AA,GG,NN,AA,AA,AA,GG,GG,GG,AA,AA,GG,GG,AA,AA,AA,AA,AA,AA,AA,AA,AA,GG,GG,GG,AA,AA,GG,AA,NN,GG,AA,GG,GG,AA,AA,GG,GG,AA,AA,AA,GG,GG,GG,AA,AA,GG,GG,GG,AA,AA,GG,AA,AA,GG,AA,GG,GG,AA,AA,AA,AA,GG,AA,AA,GG,GG,GG,AA,AA,GG,AA,AA,AA,GG,AA,AA,GG,AA,AA,GG,GG,AA,GG,GG,AA,AA,GG,AA,AA,GG,GG,AA,GG,GG,GG,AA,GG,AA,AA,AA,AA,AA,AA,AA,GG,GG,AA,GG,NN,GG,GG,GG,GG,AA,AA,GG,GG,GG,GG,GG,AA,GG,GG,AA,AA,GG,AA,GG,GG,GG,GG,AA,AA,AA,AA,AA,AA,AA,AA,GG,AA,AA,AA,AA,GG,GG,GG,AA,AA,GG,GG,GG,AA,AA,GG,AA,AA,AA,GG,AA,AA,AA,AA,AA,AA,AA,AA,AA,AA,GG,AA,AA,AA,GG,AA,AA,GG,GG,AA,AA,AA,GG,GG,AA,GG,NN,GG,AA,GG,GG,GG,GG,GG,GG,GG,GG,AA,GG,GG,AA,AA,AA,AA,AA,GG,AA,AA,AA,AA,GG,GG,AA,GG,GG,AA,AA,GG,AA,AA,AA,GG,AA,AA,AA,GG,GG,AA,AA,AA,AA,GG,GG,GG,GG,GG,GG,GG,GG,GG,GG,GG,GG,GG,AA,AA,GG,AA,GG,GG,GG,GG,GG,AA,AA,AA,AA,AA,AA,GG,GG,AA,GG,AA,GG,AA,AA,AA,AA,AA,AA,GG,GG,AA,AA,AA,GG,AA,AA,AA,AA,AA,AA,GG,GG,AA,AA,GG,GG,AA,GG,GG,AA,AA,AA,GG,AA,NN,AA,GG,AA,GG,GG,GG,AA,AA,AA,AA,GG,AA,AA,AA,AA,AA,AA,AA,AA,GG,GG,AA,AA,AA,AA,AA,AA,AA,GG,AA,AA,GG,AA,AA,AA,GG,AA,AA,AA,GG,AA,GG,AA,AA,AA,AA,AA,AA,AA,AA,GG,GG,GG,GG,GG,AA,GG,GG,AA,AA,GG,AA,AA,AA,AA,AA,GG,AA,AA,AA,AA,AA,GG,GG,AA,AA,AA,AA,GG,AA,AA,GG,AA,GG,AA,AA,AA,AA,AA,AA,AA,AA,AA,AA,AA,AA,AA,AA,AA,AA,AA,AA,AA,AA,AA,AA,AA,AA,AA,AA,AA,AA,AA,AA,AA,GG,NN,AA,GG,GG,GG,GG,AA,GG,GG,AA,GG,GG,AA,AA,AA,AA,AA,AA,AA,AA,AA,AA,AA,AA,AA,GG,AA,AA,GG,GG,GG,AA,GG,GG,AA,AA,AA,AA,AA,AA,AA,AA,AA,AA,AA,AA,AA,AA,AA,AA,GG,GG,GG,GG,AA,GG,AA,AA,AA,AA,GG,AA,AA,GG,GG,GG,GG,AA,AA,AA,AA,AA,AA,AA,AA,AA,AA,AA,AA,GG,AA,AA,GG,GG,GG,AA,AA,AA,AA,AA,AA,GG,GG,AA,AA,AA,AA,AA,GG,GG,GG,GG,GG,AA,AA,GG,AA,AA,AA,AA,AA,AA,AA,AA,AA,AA,AA,AA,GG,AA,AA,AA,GG,GG,AA,AA,AA,AA,NN,GG,AA,AA,AA,GG,GG,AA,AA,AA,GG,AA,AA,AA,AA,GG,GG,GG,AA,GG,GG,GG,AA,AA,GG,AA,AA,AA,AA,AA,AA,AA,AA,AA,AA,AA,AA,AA,AA,AA,AA,AA,AA,AA,AA,AA,AA,AA,AA,AA,AA,AA,AA,AA,AA,GG,GG,GG,AA,AA,AA,AA,GG,AA,AA,AA,AA,AA,AA,AA,AA,AA,AA,AA,AA,AA,AA,GG,GG,GG,GG,GG,GG,AA,AA,GG,GG,AA,GG,GG,AA,AA,AA,AA,AA,AA,AA,GG,AA,AA,AA,AA,GG,GG,AA,AA,AA,AA,AA,AA,AA,AA,AA,AA,AA,AA,AA,AA,AA,AA,AA,AA,AA,AA,AA,GG,AA,AA,AA,AA,AA,AA,AA,AA,AA,AA,AA,AA,AA,AA,AA,AA,AA,AA,AA,AA,AA,AA,AA,AA,AA,AA,AA,AA,AA,AA,AA,AA,AA,GG,AA,AA,GG,GG,GG,AA,GG,AA,AA,AA,AA,AA,AA,AA,AA,AA,AA,AA,NN,AA,AA,AA,AA,AA,AA,AA,GG,AA,GG,AA,AA,AA,AA,GG,GG,AA,GG,GG,AA,GG,AA,AA,AA,AA,AA,AA,AA,AA,AA,AA,AA,AA,AA,GG,AA,AA,AA,GG,GG,NN,AA,GG,GG,AA,GG,AA,AA,AA,AA,AA,AA,AA,AA,AA,AA,AA,AA,AA,AA,AA,AA,AA,GG,AA,AA,AA,AA,AA,AA,AA,AA,AA,AA,AA,AA,AA,AA,AA,AA,AA,AA,AA,AA,AA,AA,AA,AA,AA,AA,AA,AA,AA,AA,AA,AA,AA,AA,AA,AA,AA,GG,AA,AA,AA,AA,GG,GG,AA,AA,AA,NN,AA,AA,AA,AA,NN,AA,AA,AA,AA
IWA6851*,0.27,,CC,TT,CC,TT,CC,TT,CC,CC,TT,TT,TT,TT,TT,TT,TT,TT,CC,TT,TT,CC,CC,CC,TT,TT,TT,TT,TT,TT,TT,CC,TT,TT,CC,TT,CC,TT,CC,CC,TT,TT,CC,CC,CC,CC,TT,TT,TT,TT,CC,TT,TT,CC,CC,TT,CC,TT,TT,TT,TT,TT,CC,TT,TT,TT,TT,TT,TT,CC,TT,TT,CC,TT,TT,CC,TT,TT,TT,TT,TT,CC,TT,TT,TT,TT,TT,CC,TT,CC,TT,TT,TT,TT,CC,TT,CC,TT,TT,TT,TT,CC,CC,CC,TT,TT,CC,TT,CC,TT,CC,TT,TT,TT,TT,CC,CC,TT,TT,TT,TT,TT,TT,TT,TT,TT,TT,TT,TT,TT,TT,TT,CC,TT,TT,TT,CC,CC,TT,TT,TT,TT,TT,TT,TT,TT,CC,CC,TT,TT,TT,TT,TT,TT,TT,TT,CC,CC,CC,TT,CC,TT,TT,TT,CC,CC,CC,TT,TT,CC,CC,TT,CC,TT,TT,TT,CC,CC,CC,TT,TT,TT,TT,TT,TT,TT,CC,TT,CC,TT,TT,TT,CC,TT,TT,TT,TT,TT,TT,CC,CC,TT,CC,CC,TT,TT,CC,CC,CC,TT,TT,TT,TT,TT,TT,TT,CC,TT,CC,CC,CC,TT,TT,TT,TT,TT,TT,TT,TT,CC,CC,TT,CC,CC,CC,TT,CC,CC,TT,CC,CC,TT,TT,TT,TT,TT,TT,CC,CC,CC,TT,CC,CC,TT,TT,TT,TT,TT,TT,CC,CC,CC,CC,CC,CC,TT,CC,CC,CC,TT,TT,CC,CC,TT,CC,TT,CC,CC,CC,TT,TT,TT,CC,CC,TT,TT,TT,TT,CC,CC,TT,TT,CC,TT,TT,TT,TT,TT,TT,CC,CC,CC,TT,CC,TT,TT,CC,TT,TT,TT,TT,TT,TT,TT,TT,CC,TT,TT,CC,TT,CC,TT,TT,CC,TT,TT,CC,CC,CC,TT,CC,TT,TT,CC,TT,TT,TT,TT,TT,TT,TT,TT,TT,CC,TT,CC,CC,TT,CC,CC,TT,TT,TT,TT,CC,CC,TT,TT,TT,TT,CC,TT,CC,CC,CC,TT,CC,TT,TT,TT,TT,CC,TT,TT,TT,CC,CC,TT,TT,CC,TT,CC,TT,TT,CC,TT,TT,TT,TT,CC,CC,CC,CC,TT,TT,TT,TT,CC,TT,TT,TT,TT,CC,TT,TT,TT,TT,CC,TT,CC,CC,TT,TT,TT,TT,TT,TT,TT,TT,CC,TT,CC,CC,CC,TT,TT,CC,TT,CC,CC,TT,TT,CC,CC,TT,TT,TT,CC,TT,TT,TT,TT,CC,CC,TT,TT,TT,TT,TT,TT,TT,CC,TT,TT,CC,TT,TT,TT,TT,TT,TT,CC,TT,CC,TT,CC,CC,TT,TT,TT,TT,TT,TT,TT,TT,TT,TT,TT,CC,CC,CC,TT,CC,TT,TT,CC,TT,CC,CC,TT,TT,TT,TT,TT,CC,TT,TT,TT,CC,TT,TT,TT,TT,TT,TT,CC,TT,CC,TT,CC,TT,TT,TT,TT,TT,TT,TT,TT,TT,TT,CC,TT,TT,CC,TT,CC,CC,TT,TT,TT,TT,CC,CC,CC,TT,TT,TT,TT,TT,TT,TT,TT,TT,TT,TT,CC,CC,CC,CC,CC,TT,CC,CC,TT,CC,CC,CC,TT,TT,TT,TT,TT,TT,TT,TT,TT,TT,TT,TT,TT,TT,TT,TT,TT,TT,TT,TT,TT,TT,TT,CC,TT,TT,CC,TT,TT,CC,TT,TT,TT,TT,TT,TT,TT,CC,TT,CC,TT,TT,TT,TT,TT,TT,CC,CC,CC,TT,TT,TT,TT,TT,TT,TT,TT,CC,TT,TT,CC,CC,TT,CC,TT,CC,TT,TT,TT,TT,CC,CC,CC,TT,CC,TT,CC,TT,CC,CC,CC,CC,TT,TT,CC,TT,TT,TT,TT,TT,TT,TT,TT,TT,TT,TT,TT,TT,CC,CC,TT,TT,TT,TT,CC,CC,CC,CC,NN,TT,TT,TT,TT,CC,CC,TT,TT,TT,CC,CC,TT,TT,TT,TT,TT,TT,TT,CC,TT,TT,TT,TT,TT,CC,TT,CC,TT,TT,CC,TT,TT,TT,CC,CC,CC,CC,CC,TT,CC,TT,TT,TT,TT,TT,CC,CC,TT,CC,TT,TT,TT,TT,TT,TT,TT,TT,TT,TT,TT,TT,CC,TT,TT,TT,TT,TT,TT,TT,TT,TT,TT,TT,TT,TT,TT,TT,TT,TT,TT,TT,TT,CC,TT,CC,TT,TT,TT,CC,TT,CC,CC,TT,CC,CC,TT,TT,TT,TT,TT,TT,CC,TT,TT,TT,TT,CC,TT,TT,CC,TT,CC,CC,TT,TT,CC,CC,TT,TT,TT,TT,TT,TT,TT,TT,TT,TT,TT,TT,TT,TT,CC,TT,TT,TT,TT,TT,TT,CC,TT,TT,CC,TT,TT,TT,TT,CC,CC,CC,CC,TT,TT,TT,TT,TT,TT,TT,TT,NN,CC,TT,CC,TT,TT,TT,TT,CC,CC,TT,TT,CC,TT,TT,TT,TT,CC,CC,CC,TT,CC,CC,TT,TT,CC,CC,TT,CC,TT,TT,TT,TT,TT,TT,TT,NN,TT,TT,TT,TT,TT,TT,TT,TT,TT,TT,TT,CC,TT,TT,TT,TT,CC,TT,TT,TT,TT,TT,TT,TT,TT,TT,TT,CC,TT,CC,TT,TT,TT,CC,TT,TT,TT,TT,CC,TT,TT,TT,TT,TT,CC,CC,CC,TT,TT,TT,TT,TT,TT,TT,TT,TT,TT,TT,TT,TT,TT,TT,TT,TT,TT,TT,CC,CC,TT,TT,TT,CC,CC,CC,TT,TT,TT,CC,TT,TT,TT,TT,TT,TT,TT,TT,TT,TT,TT,TT,TT,TT,TT,CC,CC,TT,TT,TT,TT,TT,TT,TT,TT,CC,TT,TT,TT,TT,CC,TT,TT,TT,TT,TT,TT,CC,TT,CC,TT,CC,TT,TT,TT,TT,TT,TT,TT,TT,TT,TT,TT,TT,TT,CC,TT,TT,TT,TT,TT,TT,TT,TT,TT,TT,TT,CC,TT,TT,TT,TT,TT,TT,TT,TT,TT,TT,TT,TT,TT,TT,TT,TT,TT,TT,TT,TT,TT,TT,TT,TT,TT,TT,TT,TT,TT,TT,TT,TT,CC,TT,CC,CC,TT,TT,TT,TT,TT,TT,TT,TT,TT,TT,TT,TT,TT,TT,TT,TT,TT,TT,TT,TT,CC,TT,TT,TT,TT,TT,TT,CC,TT,TT,CC,CC,TT,TT,TT,TT,TT,TT,TT,TT,TT,TT,TT,TT,TT,TT,TT,TT,TT,CC,TT,TT,TT,TT,TT,CC,TT,TT,CC,TT,TT,TT,TT,TT,TT,TT,TT,TT,TT,TT,TT,TT,TT,TT,TT,TT,TT,CC,TT,CC,CC,TT,TT,TT,TT,TT,TT,TT,TT,TT,TT,TT,TT,TT,TT,CC,TT,TT,TT,TT,TT,TT,TT,TT,TT,TT,TT,TT,TT,TT,TT,TT,TT,CC,CC,TT,TT,TT,TT,CC,TT,TT,TT,TT,TT,TT,TT,TT,TT,TT,TT,TT,TT,TT
IWA2792‡,0.34,,CC,CC,CC,CC,CC,CC,CC,CC,TT,TT,TT,TT,TT,CC,CC,CC,CC,CC,TT,TT,TT,CC,TT,CC,CC,CC,CC,CC,CC,CC,CC,CC,CC,TT,CC,CC,CC,CC,CC,CC,CC,CC,CC,CC,TT,TT,CC,TT,CC,TT,TT,CC,CC,CC,CC,CC,CC,CC,CC,TT,CC,CC,CC,CC,CC,CC,CC,CC,CC,CC,CC,TT,TT,TT,CC,CC,TT,TT,TT,TT,TT,TT,CC,TT,TT,TT,CC,TT,CC,TT,TT,TT,CC,CC,CC,CC,TT,CC,CC,TT,CC,CC,TT,CC,CC,CC,CC,TT,TT,TT,TT,TT,CC,CC,CC,TT,TT,TT,TT,TT,CC,CC,CC,CC,CC,CC,CC,TT,TT,TT,TT,TT,TT,TT,CC,TT,CC,CC,TT,CC,CC,CC,CC,CC,CC,CC,TT,TT,TT,TT,TT,TT,CC,CC,CC,CC,CC,CC,TT,TT,TT,CC,CC,CC,CC,TT,TT,CC,CC,CC,CC,CC,TT,TT,TT,TT,CC,TT,TT,TT,TT,CC,TT,TT,TT,TT,TT,TT,CC,CC,CC,CC,CC,TT,CC,CC,TT,CC,TT,TT,CC,TT,CC,TT,TT,TT,TT,TT,CC,CC,CC,CC,TT,TT,TT,TT,TT,TT,TT,TT,TT,CC,TT,TT,TT,TT,TT,TT,TT,TT,CC,TT,CC,CC,CC,CC,CC,CC,CC,TT,CC,TT,CC,CC,CC,TT,CC,TT,TT,CC,TT,TT,TT,TT,TT,TT,TT,TT,TT,CC,TT,CC,TT,TT,TT,TT,TT,TT,TT,TT,TT,TT,TT,CC,TT,TT,TT,TT,TT,CC,TT,CC,CC,TT,CC,CC,TT,TT,TT,TT,TT,TT,TT,CC,CC,NN,CC,CC,TT,TT,TT,TT,CC,TT,TT,TT,CC,TT,TT,TT,TT,CC,TT,CC,TT,TT,TT,CC,CC,CC,TT,TT,CC,CC,TT,CC,TT,CC,CC,TT,TT,TT,CC,TT,CC,CC,CC,TT,TT,TT,CC,TT,TT,CC,TT,CC,TT,TT,TT,CC,CC,TT,TT,TT,CC,CC,CC,CC,TT,TT,CC,CC,TT,CC,CC,CC,CC,TT,TT,CC,CC,TT,TT,CC,TT,CC,CC,CC,TT,CC,CC,TT,CC,CC,TT,TT,CC,TT,TT,CC,TT,CC,TT,TT,TT,CC,CC,CC,CC,CC,CC,CC,CC,TT,TT,TT,TT,CC,TT,CC,CC,CC,TT,TT,CC,CC,CC,CC,TT,TT,TT,TT,TT,TT,TT,TT,TT,TT,CC,CC,TT,TT,TT,TT,TT,TT,TT,TT,CC,TT,TT,TT,TT,CC,CC,CC,CC,TT,CC,CC,CC,CC,CC,TT,CC,TT,TT,TT,TT,TT,TT,CC,TT,TT,TT,TT,TT,TT,TT,TT,TT,TT,TT,CC,TT,TT,TT,TT,CC,TT,CC,CC,CC,CC,TT,CC,CC,TT,TT,TT,TT,TT,CC,CC,TT,TT,CC,TT,TT,TT,TT,TT,TT,TT,CC,TT,TT,TT,TT,TT,CC,CC,TT,TT,TT,TT,TT,TT,CC,TT,CC,CC,CC,TT,CC,CC,CC,TT,CC,CC,TT,TT,TT,CC,TT,TT,TT,TT,CC,TT,TT,CC,TT,TT,CC,TT,TT,TT,TT,TT,TT,TT,TT,CC,CC,TT,CC,CC,CC,CC,TT,TT,TT,TT,TT,CC,CC,CC,CC,CC,CC,CC,CC,CC,CC,CC,CC,CC,TT,TT,TT,TT,TT,CC,CC,TT,TT,TT,TT,TT,TT,TT,TT,TT,TT,TT,TT,CC,CC,TT,TT,CC,CC,CC,CC,CC,TT,TT,TT,TT,TT,TT,TT,TT,TT,CC,CC,CC,CC,TT,TT,CC,TT,TT,CC,TT,TT,TT,CC,CC,CC,TT,TT,CC,CC,CC,TT,TT,TT,CC,TT,TT,TT,TT,TT,TT,TT,TT,TT,TT,TT,CC,TT,CC,TT,TT,TT,TT,CC,TT,CC,CC,TT,TT,TT,TT,TT,TT,CC,TT,CC,CC,CC,CC,TT,CC,TT,TT,TT,TT,TT,CC,CC,CC,CC,TT,CC,CC,CC,TT,TT,TT,CC,CC,CC,TT,TT,CC,CC,CC,CC,CC,TT,CC,CC,TT,TT,CC,CC,TT,TT,TT,CC,CC,TT,TT,TT,TT,TT,TT,TT,TT,TT,TT,TT,CC,TT,TT,TT,TT,TT,TT,TT,TT,TT,TT,TT,TT,TT,TT,TT,TT,TT,TT,TT,TT,CC,CC,TT,CC,CC,CC,TT,TT,CC,CC,TT,TT,TT,CC,TT,TT,TT,TT,TT,TT,TT,TT,TT,TT,CC,TT,CC,TT,TT,TT,CC,CC,CC,TT,TT,TT,TT,TT,TT,TT,TT,TT,TT,TT,TT,TT,TT,TT,TT,TT,CC,CC,CC,CC,CC,TT,TT,TT,TT,TT,TT,TT,TT,CC,CC,CC,CC,TT,TT,TT,TT,TT,TT,TT,TT,TT,NN,TT,TT,TT,CC,TT,CC,CC,CC,TT,TT,TT,TT,TT,CC,TT,CC,TT,CC,CC,TT,CC,CC,CC,TT,TT,TT,CC,TT,TT,TT,TT,TT,TT,TT,TT,TT,TT,TT,TT,TT,TT,TT,CC,TT,TT,TT,CC,TT,TT,TT,TT,TT,TT,CC,TT,TT,TT,CC,CC,TT,TT,TT,TT,TT,TT,CC,TT,TT,CC,TT,TT,TT,CC,TT,TT,CC,CC,TT,TT,TT,CC,CC,CC,TT,TT,TT,TT,TT,TT,TT,TT,TT,TT,TT,TT,TT,TT,TT,TT,TT,TT,TT,TT,CC,TT,TT,TT,CC,CC,CC,TT,TT,TT,CC,CC,TT,TT,TT,TT,TT,TT,TT,TT,TT,TT,TT,TT,TT,TT,CC,CC,CC,CC,CC,CC,TT,TT,TT,CC,TT,CC,CC,TT,TT,CC,TT,TT,TT,TT,CC,TT,CC,TT,CC,TT,CC,TT,TT,TT,TT,TT,TT,TT,TT,TT,TT,TT,TT,TT,TT,TT,TT,TT,TT,TT,TT,TT,TT,TT,TT,TT,TT,TT,TT,TT,TT,TT,TT,TT,TT,TT,TT,TT,TT,TT,TT,TT,TT,TT,TT,TT,TT,TT,TT,TT,CC,TT,CC,TT,TT,CC,TT,TT,TT,NN,TT,TT,TT,TT,TT,TT,TT,TT,TT,TT,TT,TT,TT,TT,TT,CC,TT,TT,TT,TT,TT,TT,TT,CC,CC,TT,TT,TT,TT,TT,TT,TT,TT,TT,CC,TT,CC,TT,CC,TT,TT,TT,TT,TT,TT,TT,TT,TT,TT,TT,TT,TT,CC,TT,TT,TT,TT,TT,TT,CC,CC,TT,TT,TT,TT,TT,TT,TT,TT,TT,TT,TT,TT,TT,TT,TT,TT,TT,TT,CC,TT,TT,CC,CC,TT,TT,TT,TT,TT,TT,TT,TT,TT,TT,TT,TT,TT,TT,TT,CC,TT,TT,TT,TT,TT,TT,TT,TT,TT,TT,TT,TT,TT,TT,TT,TT,CC,CC,TT,TT,TT,TT,CC,TT,TT,TT,TT,NN,TT,TT,TT,TT,CC,TT,TT,TT,TT
IWA2993‡,0.84,,CC,CC,CC,CC,CC,TT,CC,CC,CC,CC,CC,CC,CC,CC,CC,CC,CC,CC,CC,CC,CC,CC,CC,CC,CC,CC,CC,CC,CC,CC,CC,CC,CC,CC,CC,CC,CC,CC,TT,CC,CC,CC,CC,CC,CC,CC,CC,CC,CC,TT,CC,CC,CC,CC,CC,CC,CC,CC,CC,CC,CC,CC,CC,CC,CC,CC,TT,CC,CC,CC,CC,CC,CC,CC,CC,CC,TT,CC,CC,CC,CC,CC,CC,CC,CC,CC,CC,CC,CC,CC,CC,CC,CC,CC,CC,CC,CC,CC,CC,CC,TT,TT,CC,CC,CC,CC,CC,CC,CC,TT,TT,TT,CC,CC,CC,CC,TT,TT,TT,CC,TT,CC,CC,CC,CC,TT,CC,CC,CC,CC,CC,CC,CC,CC,CC,CC,TT,TT,CC,NN,CC,CC,TT,CC,CC,TT,CC,CC,TT,CC,CC,CC,CC,CC,CC,CC,CC,CC,TT,CC,CC,TT,CC,CC,TT,TT,TT,TT,CC,TT,CC,CC,CC,CC,TT,CC,CC,CC,CC,CC,CC,TT,CC,TT,CC,TT,TT,CC,TT,CC,CC,CC,CC,CC,CC,CC,CC,CC,CC,TT,CC,CC,CC,CC,CC,CC,CC,TT,CC,TT,CC,CC,CC,CC,CC,TT,CC,TT,CC,CC,CC,CC,TT,CC,CC,TT,CC,TT,TT,TT,CC,CC,TT,TT,CC,CC,TT,TT,CC,CC,CC,TT,CC,CC,CC,TT,CC,CC,CC,CC,CC,TT,TT,TT,TT,TT,TT,CC,CC,CC,CC,CC,CC,CC,CC,CC,CC,CC,CC,CC,CC,CC,TT,CC,CC,CC,TT,CC,CC,CC,CC,CC,CC,TT,CC,CC,CC,CC,CC,CC,CC,CC,CC,CC,CC,CC,CC,CC,CC,TT,TT,CC,TT,CC,CC,TT,CC,TT,CC,CC,CC,TT,CC,CC,CC,CC,TT,CC,CC,CC,CC,TT,CC,CC,CC,CC,CC,CC,CC,CC,CC,CC,CC,CC,TT,CC,CC,CC,CC,TT,CC,CC,CC,CC,CC,CC,CC,CC,CC,CC,CC,CC,TT,CC,CC,CC,CC,CC,TT,CC,CC,CC,TT,CC,CC,TT,TT,CC,TT,CC,CC,TT,CC,CC,CC,CC,CC,CC,CC,CC,CC,TT,CC,CC,CC,CC,CC,CC,TT,TT,CC,CC,TT,CC,CC,CC,CC,CC,TT,TT,TT,CC,CC,CC,CC,CC,CC,CC,CC,CC,CC,CC,CC,CC,CC,CC,CC,CC,CC,TT,CC,TT,TT,TT,CC,TT,TT,CC,CC,CC,CC,CC,CC,CC,CC,CC,NN,CC,CC,CC,CC,CC,CC,CC,CC,CC,CC,CC,CC,CC,CC,CC,CC,TT,TT,TT,CC,CC,CC,CC,CC,TT,CC,CC,TT,CC,CC,CC,CC,CC,CC,CC,CC,CC,CC,CC,CC,CC,CC,CC,CC,CC,CC,CC,TT,CC,CC,CC,CC,CC,CC,CC,CC,CC,TT,CC,CC,CC,CC,CC,CC,CC,TT,CC,CC,CC,CC,TT,CC,CC,CC,CC,CC,TT,CC,TT,TT,TT,TT,CC,TT,CC,CC,TT,CC,CC,TT,TT,CC,CC,CC,CC,CC,CC,CC,CC,CC,CC,TT,CC,TT,CC,CC,CC,CC,TT,TT,TT,CC,TT,CC,CC,TT,CC,CC,TT,CC,CC,CC,CC,CC,CC,CC,CC,CC,CC,CC,CC,CC,CC,CC,CC,CC,CC,CC,CC,CC,CC,TT,CC,CC,TT,TT,CC,CC,CC,TT,CC,CC,CC,TT,CC,CC,CC,CC,TT,TT,CC,CC,CC,CC,TT,CC,TT,CC,CC,CC,CC,CC,CC,CC,TT,CC,CC,CC,CC,CC,CC,CC,CC,CC,CC,CC,CC,CC,CC,CC,CC,CC,CC,CC,TT,CC,TT,CC,CC,CC,CC,CC,CC,TT,CC,CC,CC,CC,CC,CC,CC,CC,CC,CC,CC,CC,CC,TT,CC,CC,CC,TT,CC,CC,CC,CC,CC,CC,CC,TT,CC,CC,CC,CC,TT,CC,CC,CC,CC,CC,CC,CC,CC,CC,CC,CC,CC,CC,CC,TT,CC,CC,CC,CC,TT,CC,TT,CC,CC,CC,CC,CC,CC,CC,CC,CC,CC,CC,CC,CC,CC,CC,CC,CC,TT,TT,CC,CC,CC,CC,CC,CC,CC,CC,CC,CC,CC,CC,CC,CC,CC,CC,CC,CC,CC,CC,CC,CC,CC,CC,CC,CC,CC,CC,CC,CC,CC,CC,CC,CC,CC,CC,CC,CC,TT,CC,CC,CC,CC,TT,CC,CC,CC,CC,CC,CC,CC,CC,CC,CC,CC,TT,TT,CC,CC,CC,CC,CC,CC,CC,TT,TT,CC,CC,CC,CC,CC,CC,CC,CC,CC,CC,CC,CC,CC,CC,CC,CC,CC,TT,CC,CC,CC,CC,TT,CC,CC,CC,TT,CC,CC,CC,CC,CC,TT,TT,CC,CC,CC,CC,CC,CC,CC,CC,CC,CC,CC,CC,CC,CC,CC,CC,CC,CC,CC,CC,CC,CC,CC,CC,CC,CC,CC,CC,CC,CC,TT,TT,TT,CC,CC,CC,CC,TT,CC,CC,CC,CC,CC,CC,CC,CC,CC,CC,CC,CC,CC,CC,CC,CC,CC,CC,CC,CC,CC,CC,CC,CC,CC,CC,CC,CC,CC,CC,CC,CC,CC,CC,CC,CC,CC,CC,CC,TT,CC,CC,CC,CC,CC,CC,TT,CC,CC,CC,TT,TT,CC,CC,CC,CC,CC,CC,CC,CC,CC,CC,CC,CC,CC,CC,CC,CC,CC,CC,CC,CC,CC,TT,TT,CC,CC,CC,CC,CC,CC,TT,CC,TT,CC,CC,CC,NN,CC,CC,CC,CC,CC,CC,CC,CC,CC,CC,CC,CC,CC,CC,CC,CC,CC,CC,CC,CC,TT,TT,TT,TT,CC,CC,CC,CC,CC,CC,CC,CC,TT,CC,TT,CC,CC,CC,CC,CC,CC,CC,CC,CC,CC,CC,CC,CC,CC,CC,CC,CC,CC,CC,CC,CC,CC,CC,CC,TT,CC,TT,CC,CC,CC,CC,CC,CC,CC,CC,CC,CC,CC,CC,CC,CC,CC,CC,CC,CC,CC,CC,CC,CC,CC,CC,CC,CC,CC,CC,TT,TT,TT,CC,TT,CC,TT,CC,CC,TT,CC,TT,CC,CC,CC,CC,CC,CC,CC,CC,CC,CC,CC,CC,CC,CC,CC,CC,CC,CC,CC,CC,CC,CC,CC,TT,TT,TT,CC,CC,TT,CC,TT,CC,TT,CC,CC,CC,CC,CC,CC,CC,CC,CC,CC,CC,CC,CC,CC,TT,CC,CC,CC,TT,TT,CC,CC,CC,CC,CC,TT,CC,CC,CC,CC,CC,CC,CC,CC,CC,CC,CC,CC,CC,CC,CC,TT,CC,CC,CC,CC,CC,CC,CC,CC,CC,CC,CC,CC,CC,CC,CC,CC,CC,CC,CC,CC,CC,TT,CC,CC,CC,CC,CC,CC,CC,TT,CC,CC,CC,CC,CC,CC,CC,TT,CC,CC,CC,CC,CC,CC,CC,CC,CC,CC,CC,CC,CC,CC,CC,CC,CC,CC,CC,CC,CC
IWA132*,0.63,,CC,CC,CC,CC,CC,CC,CC,CC,CC,CC,CC,CC,CC,CC,CC,CC,CC,CC,CC,CC,CC,CC,CC,CC,CC,CC,CC,CC,CC,CC,CC,CC,CC,CC,TT,TT,CC,CC,CC,CC,CC,CC,CC,CC,CC,CC,CC,CC,CC,CC,CC,CC,CC,CC,CC,CC,CC,CC,CC,CC,TT,CC,CC,CC,CC,CC,CC,CC,CC,CC,CC,CC,CC,CC,CC,CC,TT,CC,CC,CC,CC,CC,CC,CC,CC,CC,TT,CC,CC,CC,CC,CC,CC,TT,TT,CC,CC,CC,CC,CC,CC,CC,TT,CC,CC,CC,CC,TT,CC,CC,CC,CC,CC,TT,CC,CC,CC,CC,CC,CC,CC,CC,CC,CC,CC,CC,CC,CC,CC,CC,CC,CC,CC,CC,CC,CC,CC,CC,CC,TT,TT,CC,CC,TT,CC,CC,TT,CC,CC,CC,CC,CC,CC,CC,CC,TT,CC,CC,CC,CC,CC,CC,CC,CC,CC,TT,TT,CC,CC,CC,CC,CC,CC,TT,TT,CC,CC,CC,CC,CC,CC,CC,CC,CC,CC,CC,CC,CC,CC,CC,TT,CC,CC,CC,CC,CC,CC,CC,CC,CC,CC,TT,CC,TT,CC,CC,CC,CC,CC,CC,CC,CC,CC,CC,CC,CC,CC,CC,CC,CC,CC,TT,CC,CC,CC,CC,CC,CC,CC,CC,CC,TT,TT,CC,CC,TT,CC,CC,CC,TT,CC,CC,CC,CC,CC,CC,CC,TT,TT,CC,CC,CC,CC,CC,CC,CC,CC,CC,TT,CC,CC,TT,CC,TT,CC,CC,CC,CC,CC,TT,CC,CC,CC,CC,CC,CC,CC,CC,CC,TT,TT,CC,TT,CC,TT,CC,CC,CC,TT,TT,CC,TT,TT,CC,CC,CC,CC,CC,CC,CC,CC,CC,CC,CC,CC,CC,CC,CC,CC,CC,CC,TT,CC,TT,CC,CC,CC,CC,CC,CC,CC,CC,CC,TT,CC,CC,CC,TT,TT,TT,TT,CC,CC,CC,CC,CC,CC,CC,CC,CC,CC,CC,CC,CC,CC,CC,CC,TT,TT,CC,CC,CC,CC,CC,CC,CC,CC,TT,CC,CC,CC,TT,CC,TT,TT,TT,CC,CC,CC,CC,TT,CC,CC,CC,CC,CC,CC,CC,CC,CC,CC,CC,CC,CC,CC,CC,CC,CC,CC,CC,CC,CC,CC,CC,CC,TT,CC,CC,CC,TT,CC,TT,CC,CC,TT,CC,CC,TT,CC,CC,CC,CC,CC,CC,CC,CC,CC,TT,CC,CC,CC,CC,CC,CC,CC,CC,CC,CC,TT,CC,CC,CC,CC,CC,CC,CC,TT,CC,TT,CC,CC,CC,TT,CC,TT,CC,CC,CC,CC,CC,CC,CC,CC,TT,CC,CC,TT,CC,TT,CC,CC,CC,CC,TT,TT,CC,TT,CC,CC,CC,CC,TT,TT,TT,TT,CC,CC,CC,CC,CC,TT,TT,CC,TT,CC,CC,CC,CC,TT,TT,TT,CC,CC,CC,TT,CC,TT,CC,CC,CC,CC,CC,CC,CC,TT,CC,CC,CC,TT,CC,CC,TT,TT,CC,CC,CC,CC,CC,CC,CC,CC,CC,CC,CC,CC,CC,CC,CC,CC,TT,CC,CC,TT,CC,TT,TT,TT,TT,CC,CC,CC,TT,TT,CC,CC,CC,CC,CC,CC,CC,CC,CC,CC,CC,CC,CC,CC,CC,TT,CC,TT,TT,TT,CC,CC,CC,CC,CC,CC,CC,CC,CC,CC,CC,CC,CC,CC,CC,CC,CC,CC,CC,CC,CC,TT,CC,CC,TT,TT,CC,CC,TT,CC,CC,CC,CC,CC,CC,CC,CC,TT,TT,TT,TT,CC,TT,TT,TT,TT,TT,TT,CC,TT,TT,TT,CC,CC,CC,CC,TT,CC,CC,TT,CC,TT,CC,CC,CC,CC,CC,CC,CC,CC,TT,CC,CC,TT,TT,TT,CC,CC,CC,TT,TT,TT,TT,TT,TT,TT,TT,CC,CC,CC,TT,CC,TT,CC,TT,CC,CC,CC,CC,CC,TT,CC,CC,CC,CC,CC,CC,TT,CC,TT,CC,TT,CC,TT,TT,TT,TT,TT,CC,CC,CC,CC,CC,CC,CC,CC,CC,TT,CC,TT,TT,TT,TT,TT,TT,CC,CC,CC,CC,TT,CC,CC,TT,TT,CC,TT,CC,TT,CC,CC,CC,TT,TT,TT,TT,TT,TT,TT,TT,TT,CC,TT,TT,TT,TT,TT,TT,TT,TT,TT,TT,TT,TT,TT,TT,TT,TT,TT,TT,TT,TT,TT,CC,TT,CC,CC,CC,CC,CC,TT,CC,CC,CC,CC,CC,CC,TT,TT,TT,TT,TT,CC,TT,CC,CC,CC,CC,CC,CC,CC,CC,TT,CC,CC,CC,CC,CC,CC,TT,TT,TT,TT,TT,TT,TT,TT,TT,CC,CC,TT,TT,TT,TT,CC,CC,CC,CC,CC,CC,CC,CC,TT,CC,CC,TT,CC,CC,CC,CC,CC,TT,TT,TT,TT,CC,TT,CC,TT,TT,TT,TT,TT,CC,CC,TT,CC,CC,CC,CC,TT,TT,CC,TT,CC,CC,CC,CC,CC,CC,TT,TT,TT,CC,CC,CC,CC,TT,TT,TT,CC,TT,TT,TT,TT,TT,TT,TT,TT,TT,TT,TT,TT,CC,TT,TT,TT,CC,CC,CC,CC,TT,CC,CC,CC,CC,CC,TT,CC,CC,CC,TT,TT,CC,TT,TT,CC,CC,CC,CC,CC,TT,TT,CC,TT,CC,CC,CC,TT,CC,CC,CC,CC,CC,TT,TT,CC,TT,TT,TT,TT,TT,TT,TT,TT,CC,TT,TT,TT,TT,TT,TT,TT,CC,CC,CC,TT,TT,TT,TT,CC,CC,CC,TT,TT,CC,CC,TT,TT,TT,TT,TT,CC,TT,TT,TT,TT,TT,TT,TT,CC,CC,CC,CC,CC,CC,CC,CC,CC,CC,CC,CC,CC,TT,CC,CC,TT,TT,CC,CC,TT,CC,CC,TT,CC,TT,CC,TT,TT,TT,TT,TT,TT,TT,TT,TT,TT,TT,TT,TT,TT,TT,CC,TT,CC,TT,CC,TT,CC,CC,TT,TT,CC,TT,TT,TT,TT,TT,TT,CC,TT,TT,TT,CC,TT,TT,TT,TT,TT,TT,TT,TT,TT,TT,TT,TT,CC,TT,CC,CC,TT,TT,TT,CC,TT,CC,CC,CC,CC,TT,TT,TT,TT,TT,TT,TT,TT,TT,TT,TT,TT,TT,TT,TT,TT,TT,TT,TT,TT,CC,CC,CC,CC,CC,CC,CC,CC,CC,CC,CC,TT,CC,TT,TT,TT,TT,TT,TT,TT,TT,CC,TT,TT,TT,TT,TT,CC,CC,CC,TT,CC,CC,CC,TT,TT,CC,CC,CC,CC,CC,CC,TT,TT,TT,TT,TT,TT,TT,CC,TT,TT,TT,TT,CC,TT,TT,TT,TT,CC,CC,TT,TT,TT,TT,TT,TT,TT,TT,TT,TT,TT,TT,TT,TT,CC,TT,TT,CC,TT,TT,TT,TT,TT,CC,TT,TT,TT,TT,TT,TT,CC,CC,CC,TT,TT,TT,NN,TT,TT,TT,TT,TT,TT,TT,TT,TT,TT,TT,CC,TT,TT,TT,TT
IWA133*,0.52,,TT,TT,TT,TT,TT,TT,TT,TT,TT,TT,TT,TT,TT,TT,TT,TT,TT,TT,TT,TT,TT,TT,TT,TT,TT,TT,TT,TT,TT,TT,TT,TT,TT,TT,CC,CC,TT,TT,TT,TT,TT,TT,CC,CC,TT,TT,TT,TT,TT,TT,CC,TT,TT,TT,TT,TT,TT,TT,TT,TT,CC,TT,TT,TT,TT,TT,TT,TT,TT,TT,TT,TT,TT,TT,TT,TT,CC,TT,TT,TT,CC,CC,TT,TT,CC,CC,CC,TT,TT,CC,CC,CC,TT,CC,CC,TT,TT,TT,TT,TT,TT,TT,CC,TT,TT,TT,TT,CC,TT,CC,CC,CC,TT,CC,TT,TT,CC,CC,TT,CC,CC,TT,TT,TT,TT,TT,TT,CC,CC,CC,TT,TT,TT,TT,TT,TT,TT,TT,TT,CC,CC,TT,TT,CC,TT,TT,CC,TT,CC,TT,CC,CC,TT,TT,TT,CC,TT,TT,TT,TT,TT,TT,TT,CC,TT,CC,CC,TT,TT,TT,TT,TT,TT,CC,CC,TT,TT,TT,TT,TT,TT,TT,TT,TT,TT,TT,TT,CC,TT,TT,CC,TT,TT,TT,TT,TT,TT,TT,TT,TT,TT,CC,TT,CC,TT,TT,TT,TT,TT,TT,TT,TT,TT,CC,TT,CC,TT,CC,CC,CC,TT,CC,TT,CC,TT,TT,TT,TT,TT,TT,CC,CC,CC,TT,CC,CC,TT,TT,TT,CC,TT,TT,TT,TT,TT,TT,TT,CC,CC,CC,TT,CC,CC,CC,CC,CC,CC,TT,CC,TT,CC,CC,TT,CC,TT,TT,TT,TT,TT,CC,TT,CC,TT,TT,TT,TT,TT,TT,TT,CC,CC,TT,CC,TT,CC,TT,TT,TT,CC,CC,TT,CC,CC,TT,TT,TT,TT,TT,TT,TT,CC,CC,CC,TT,TT,TT,TT,TT,TT,TT,TT,CC,TT,CC,TT,TT,TT,TT,TT,TT,TT,TT,CC,CC,TT,CC,TT,CC,CC,CC,CC,TT,TT,TT,TT,TT,TT,TT,TT,CC,CC,TT,CC,TT,TT,TT,TT,CC,CC,TT,TT,TT,TT,TT,TT,TT,TT,CC,TT,CC,TT,CC,TT,CC,CC,CC,TT,TT,TT,TT,CC,TT,TT,TT,TT,TT,TT,TT,TT,TT,TT,CC,CC,TT,TT,TT,TT,TT,TT,CC,TT,TT,CC,TT,CC,CC,TT,TT,TT,CC,TT,CC,TT,TT,CC,TT,CC,CC,TT,TT,TT,TT,TT,TT,TT,TT,TT,CC,CC,CC,TT,TT,CC,CC,TT,TT,TT,TT,CC,TT,TT,TT,TT,TT,TT,TT,CC,TT,CC,TT,TT,CC,CC,TT,CC,TT,CC,CC,TT,TT,TT,TT,TT,CC,TT,TT,CC,TT,CC,TT,TT,TT,TT,CC,CC,TT,CC,TT,TT,TT,TT,CC,CC,CC,CC,TT,CC,CC,TT,TT,CC,CC,CC,CC,TT,TT,TT,TT,CC,CC,CC,TT,TT,CC,CC,TT,CC,TT,TT,CC,TT,TT,CC,CC,CC,TT,TT,TT,CC,TT,TT,CC,CC,TT,CC,TT,CC,TT,TT,NN,CC,TT,TT,TT,TT,TT,TT,TT,TT,CC,TT,TT,CC,TT,CC,CC,CC,CC,TT,TT,TT,CC,CC,TT,TT,CC,TT,TT,TT,TT,TT,CC,TT,TT,TT,TT,TT,TT,CC,TT,CC,CC,CC,TT,TT,TT,TT,TT,TT,TT,TT,TT,TT,TT,TT,TT,TT,TT,TT,CC,TT,TT,CC,TT,CC,TT,TT,CC,CC,TT,TT,CC,TT,CC,TT,TT,TT,TT,TT,TT,CC,CC,CC,CC,TT,CC,CC,CC,CC,CC,CC,TT,CC,CC,CC,TT,TT,TT,NN,CC,CC,TT,CC,TT,CC,CC,CC,CC,TT,TT,TT,TT,CC,CC,TT,TT,CC,CC,CC,CC,TT,TT,CC,CC,CC,CC,CC,CC,CC,CC,TT,TT,TT,CC,TT,CC,TT,CC,TT,TT,TT,TT,TT,CC,CC,CC,TT,CC,TT,CC,CC,TT,CC,TT,CC,TT,CC,CC,CC,CC,CC,TT,TT,TT,TT,CC,TT,CC,TT,TT,CC,TT,CC,CC,CC,CC,CC,CC,TT,TT,TT,TT,CC,TT,TT,CC,CC,TT,CC,TT,CC,CC,TT,TT,CC,CC,CC,CC,CC,CC,CC,CC,CC,TT,CC,CC,CC,CC,CC,CC,CC,CC,CC,CC,CC,CC,CC,CC,CC,CC,CC,CC,CC,CC,CC,TT,CC,TT,TT,CC,TT,TT,CC,TT,TT,TT,TT,TT,TT,CC,CC,CC,CC,CC,TT,CC,TT,TT,CC,TT,TT,CC,TT,TT,CC,TT,TT,CC,TT,TT,TT,CC,CC,CC,CC,CC,CC,CC,CC,CC,TT,TT,CC,CC,CC,CC,TT,TT,TT,TT,TT,CC,TT,TT,CC,TT,CC,CC,TT,TT,TT,TT,TT,CC,CC,CC,CC,TT,CC,TT,CC,CC,CC,CC,CC,TT,TT,CC,TT,TT,TT,CC,CC,CC,TT,CC,TT,CC,TT,TT,TT,TT,CC,CC,CC,CC,TT,TT,TT,CC,CC,CC,TT,CC,CC,CC,CC,CC,CC,CC,CC,CC,CC,CC,CC,TT,CC,CC,CC,TT,CC,TT,TT,CC,TT,TT,TT,TT,CC,CC,TT,TT,TT,CC,CC,TT,CC,CC,TT,TT,CC,TT,TT,CC,CC,TT,CC,TT,TT,TT,CC,CC,TT,TT,TT,TT,CC,CC,TT,CC,CC,CC,CC,CC,CC,CC,CC,TT,CC,CC,CC,CC,CC,CC,CC,TT,TT,TT,CC,CC,CC,CC,TT,CC,TT,CC,CC,TT,CC,CC,CC,CC,CC,CC,TT,CC,CC,CC,CC,CC,CC,CC,TT,CC,TT,TT,TT,TT,CC,TT,TT,TT,TT,TT,TT,CC,CC,CC,CC,CC,TT,TT,CC,TT,TT,CC,CC,CC,TT,CC,CC,CC,CC,CC,CC,CC,CC,CC,CC,CC,CC,CC,CC,CC,TT,CC,TT,CC,TT,CC,TT,TT,CC,CC,TT,CC,CC,CC,CC,CC,CC,TT,CC,CC,CC,CC,CC,CC,CC,CC,CC,CC,CC,CC,CC,CC,CC,CC,TT,CC,TT,CC,CC,CC,CC,TT,CC,TT,TT,TT,CC,CC,CC,CC,CC,CC,CC,CC,CC,CC,CC,CC,CC,CC,CC,CC,CC,CC,CC,CC,CC,TT,TT,TT,TT,TT,TT,CC,CC,TT,TT,CC,CC,TT,CC,CC,CC,CC,CC,CC,CC,CC,TT,CC,CC,CC,CC,CC,TT,TT,CC,CC,CC,CC,CC,CC,CC,TT,TT,TT,CC,CC,CC,CC,CC,CC,CC,CC,CC,CC,TT,CC,CC,CC,CC,TT,CC,CC,CC,CC,TT,CC,CC,CC,CC,CC,CC,CC,CC,CC,CC,CC,CC,CC,CC,CC,TT,CC,CC,CC,CC,CC,CC,CC,CC,TT,CC,CC,CC,CC,CC,CC,TT,TT,CC,CC,CC,CC,NN,CC,CC,CC,CC,CC,CC,CC,CC,CC,CC,CC,TT,CC,CC,CC,CC
IWA5315†,0.37,,GG,GG,GG,GG,GG,GG,GG,GG,GG,GG,GG,GG,GG,GG,GG,GG,GG,AA,GG,GG,GG,GG,GG,AA,GG,GG,GG,GG,GG,GG,GG,GG,AA,GG,GG,GG,GG,GG,GG,GG,GG,GG,AA,AA,AA,AA,GG,AA,GG,GG,AA,GG,GG,GG,GG,AA,AA,AA,AA,AA,GG,GG,GG,GG,GG,GG,GG,GG,GG,GG,GG,AA,AA,AA,GG,GG,GG,GG,GG,GG,AA,AA,GG,AA,AA,AA,GG,GG,AA,AA,AA,AA,GG,GG,GG,GG,GG,GG,GG,GG,GG,GG,GG,GG,GG,GG,GG,AA,AA,AA,AA,AA,AA,GG,AA,AA,AA,AA,GG,AA,AA,GG,GG,GG,GG,GG,GG,AA,AA,AA,GG,AA,AA,AA,GG,GG,GG,GG,GG,AA,GG,GG,GG,GG,GG,GG,GG,GG,AA,AA,AA,AA,GG,GG,GG,GG,GG,AA,GG,AA,AA,AA,AA,AA,GG,GG,GG,GG,GG,GG,GG,GG,GG,GG,AA,GG,AA,GG,GG,GG,GG,GG,AA,GG,AA,AA,AA,AA,GG,GG,GG,GG,GG,AA,AA,AA,GG,AA,GG,AA,GG,GG,GG,AA,AA,AA,GG,AA,GG,GG,AA,AA,AA,AA,AA,AA,AA,AA,AA,AA,GG,GG,GG,AA,AA,AA,GG,AA,AA,AA,AA,GG,GG,AA,AA,GG,GG,GG,GG,AA,GG,AA,GG,AA,AA,GG,GG,GG,GG,AA,AA,AA,AA,AA,AA,AA,AA,AA,GG,AA,AA,GG,AA,AA,GG,AA,AA,GG,AA,GG,AA,AA,AA,GG,AA,AA,AA,GG,AA,GG,GG,GG,GG,GG,GG,GG,AA,AA,AA,AA,AA,AA,GG,AA,AA,AA,GG,AA,GG,AA,AA,AA,AA,GG,AA,AA,AA,AA,GG,GG,GG,GG,GG,GG,AA,AA,AA,GG,GG,GG,GG,AA,AA,GG,GG,AA,GG,GG,GG,AA,AA,GG,AA,GG,AA,GG,GG,AA,GG,AA,GG,AA,AA,AA,AA,GG,AA,AA,AA,GG,GG,AA,AA,AA,AA,AA,AA,GG,AA,AA,AA,GG,AA,GG,GG,GG,GG,AA,AA,GG,GG,AA,GG,GG,AA,GG,GG,AA,GG,AA,GG,AA,AA,GG,AA,AA,GG,GG,AA,GG,AA,AA,AA,AA,GG,GG,GG,GG,GG,GG,GG,GG,AA,AA,AA,GG,AA,GG,AA,GG,AA,GG,GG,AA,GG,AA,AA,GG,GG,GG,AA,AA,AA,AA,AA,AA,AA,GG,GG,AA,AA,GG,GG,GG,AA,AA,AA,GG,GG,AA,AA,AA,GG,AA,GG,GG,AA,AA,GG,AA,AA,AA,GG,AA,AA,AA,GG,AA,GG,AA,GG,AA,GG,GG,GG,AA,GG,GG,GG,AA,GG,GG,AA,GG,AA,AA,AA,AA,GG,GG,GG,GG,AA,GG,GG,GG,GG,AA,GG,AA,AA,GG,AA,AA,AA,AA,GG,AA,AA,AA,AA,AA,AA,AA,GG,GG,AA,GG,AA,GG,GG,GG,GG,GG,AA,AA,AA,AA,AA,AA,GG,GG,AA,GG,AA,AA,AA,AA,GG,GG,GG,AA,AA,GG,AA,AA,AA,AA,AA,AA,AA,GG,AA,AA,AA,GG,AA,AA,AA,GG,GG,AA,AA,GG,AA,AA,AA,GG,GG,GG,AA,AA,AA,AA,AA,AA,AA,AA,AA,AA,AA,AA,AA,AA,AA,AA,GG,GG,GG,AA,GG,AA,AA,AA,GG,GG,AA,AA,AA,GG,GG,GG,GG,AA,AA,AA,AA,AA,GG,GG,GG,GG,GG,GG,AA,GG,AA,GG,AA,AA,AA,AA,AA,AA,AA,AA,AA,AA,AA,AA,AA,AA,AA,AA,GG,AA,AA,AA,AA,GG,AA,AA,AA,GG,AA,GG,GG,GG,GG,AA,AA,GG,AA,AA,AA,AA,AA,AA,AA,AA,GG,GG,AA,GG,AA,AA,AA,AA,GG,AA,GG,GG,AA,AA,AA,AA,AA,AA,AA,AA,GG,GG,GG,GG,AA,GG,AA,AA,AA,AA,AA,AA,AA,AA,AA,GG,GG,AA,GG,AA,AA,AA,GG,GG,GG,GG,AA,GG,GG,GG,GG,GG,AA,GG,AA,AA,AA,AA,GG,GG,GG,AA,GG,AA,AA,AA,AA,AA,AA,AA,AA,AA,AA,AA,AA,AA,AA,AA,AA,AA,AA,AA,AA,AA,AA,AA,AA,AA,AA,AA,AA,AA,AA,AA,AA,AA,GG,AA,AA,AA,AA,AA,AA,AA,GG,AA,AA,AA,AA,GG,AA,AA,AA,AA,GG,GG,AA,AA,GG,AA,GG,AA,GG,AA,AA,GG,AA,GG,AA,GG,GG,GG,AA,AA,AA,AA,AA,AA,AA,AA,AA,AA,AA,AA,AA,AA,AA,AA,AA,AA,AA,GG,AA,AA,AA,GG,GG,GG,GG,AA,GG,GG,GG,AA,AA,AA,AA,GG,AA,GG,AA,AA,AA,AA,AA,GG,GG,AA,AA,AA,GG,AA,AA,AA,AA,AA,GG,AA,AA,AA,GG,GG,AA,GG,GG,GG,GG,GG,GG,GG,GG,GG,GG,AA,AA,AA,AA,AA,AA,AA,AA,AA,AA,AA,AA,GG,AA,AA,AA,AA,AA,AA,AA,AA,GG,AA,AA,GG,GG,AA,GG,GG,GG,AA,AA,AA,GG,AA,AA,AA,AA,AA,GG,AA,AA,GG,GG,GG,AA,GG,GG,AA,GG,GG,GG,GG,AA,AA,AA,AA,AA,AA,AA,AA,AA,AA,AA,AA,AA,AA,AA,AA,AA,GG,AA,AA,AA,AA,AA,AA,AA,GG,GG,GG,AA,AA,GG,GG,GG,AA,AA,AA,AA,AA,AA,AA,AA,AA,AA,AA,AA,AA,AA,AA,AA,AA,AA,AA,AA,AA,AA,AA,AA,AA,AA,AA,AA,AA,AA,AA,AA,AA,GG,GG,AA,GG,AA,AA,GG,AA,AA,AA,AA,AA,AA,AA,AA,AA,AA,AA,AA,AA,GG,GG,GG,AA,AA,AA,GG,AA,AA,AA,AA,AA,AA,AA,AA,AA,AA,AA,AA,AA,AA,AA,AA,AA,AA,AA,AA,AA,AA,AA,AA,AA,AA,AA,AA,AA,AA,AA,AA,AA,AA,GG,AA,AA,AA,AA,AA,GG,GG,GG,AA,AA,AA,AA,AA,AA,AA,AA,AA,AA,AA,AA,AA,AA,AA,AA,AA,AA,AA,AA,AA,AA,AA,AA,AA,AA,GG,AA,AA,AA,GG,GG,AA,AA,AA,AA,AA,AA,AA,AA,GG,AA,AA,AA,AA,AA,AA,AA,GG,AA,GG,GG,AA,AA,AA,GG,GG,AA,GG,GG,AA,AA,AA,AA,AA,AA,AA,AA,AA,AA,AA,AA,AA,AA,AA,GG,AA,AA,AA,AA,AA,AA,AA,AA,AA,AA,AA,AA,AA,AA,AA,AA,AA,AA,GG,AA,AA,AA,AA,AA,AA,AA,AA,GG,AA,AA,AA,AA,AA,AA,AA,AA,GG,GG,AA,AA,AA,AA,GG,AA,NN,AA,AA,GG,AA,AA,AA,AA,AA,AA,AA,AA,AA
IWA7073†,0.45,,CC,CC,CC,CC,CC,CC,CC,CC,TT,TT,TT,TT,TT,CC,CC,CC,CC,CC,TT,CC,CC,CC,CC,TT,CC,CC,TT,CC,CC,CC,CC,TT,TT,TT,CC,CC,CC,CC,CC,CC,CC,CC,TT,TT,CC,CC,CC,TT,CC,CC,CC,TT,TT,CC,TT,CC,CC,CC,CC,CC,TT,CC,CC,CC,CC,CC,CC,CC,CC,CC,TT,CC,TT,CC,CC,TT,TT,TT,TT,TT,TT,TT,CC,CC,CC,TT,CC,CC,TT,CC,CC,CC,CC,TT,TT,CC,CC,CC,CC,CC,CC,CC,CC,CC,CC,TT,TT,TT,CC,CC,CC,CC,TT,TT,CC,TT,CC,CC,TT,CC,CC,CC,CC,CC,TT,TT,CC,CC,CC,CC,CC,CC,CC,CC,CC,CC,CC,CC,CC,CC,CC,CC,CC,CC,CC,CC,CC,TT,CC,TT,CC,CC,CC,CC,CC,TT,CC,TT,CC,CC,CC,CC,CC,CC,CC,CC,CC,CC,CC,CC,CC,CC,TT,TT,CC,CC,CC,TT,CC,TT,TT,CC,TT,CC,CC,CC,CC,CC,CC,CC,CC,CC,CC,CC,TT,TT,TT,CC,CC,CC,TT,CC,CC,CC,CC,TT,CC,CC,CC,TT,CC,CC,CC,CC,CC,CC,CC,CC,CC,CC,TT,TT,CC,CC,CC,CC,TT,CC,CC,CC,CC,TT,TT,CC,CC,TT,CC,CC,CC,TT,CC,CC,CC,CC,CC,CC,CC,CC,TT,CC,CC,CC,CC,CC,CC,CC,CC,CC,CC,CC,CC,TT,TT,TT,TT,CC,TT,TT,TT,TT,CC,CC,CC,CC,TT,TT,CC,CC,CC,TT,TT,TT,CC,CC,TT,CC,CC,TT,TT,TT,CC,TT,CC,CC,CC,TT,CC,CC,TT,CC,CC,CC,TT,CC,CC,TT,TT,TT,TT,TT,TT,CC,TT,CC,TT,TT,TT,CC,TT,TT,TT,TT,TT,TT,TT,CC,TT,TT,TT,TT,TT,CC,CC,CC,CC,TT,TT,TT,TT,CC,CC,TT,CC,TT,TT,CC,CC,TT,TT,CC,TT,CC,CC,CC,TT,TT,CC,TT,CC,TT,CC,TT,CC,TT,TT,TT,CC,CC,CC,CC,CC,TT,CC,TT,TT,CC,CC,CC,CC,CC,TT,CC,CC,TT,TT,CC,TT,TT,CC,CC,TT,CC,CC,TT,CC,TT,TT,CC,CC,CC,TT,TT,CC,TT,TT,CC,CC,CC,CC,TT,CC,CC,CC,CC,TT,CC,CC,TT,CC,CC,CC,CC,TT,CC,TT,TT,CC,CC,TT,TT,CC,CC,TT,TT,CC,CC,TT,TT,TT,CC,CC,CC,CC,TT,TT,CC,TT,TT,CC,CC,CC,CC,CC,CC,CC,CC,CC,TT,TT,CC,CC,CC,TT,TT,CC,CC,TT,CC,TT,TT,TT,TT,TT,TT,CC,CC,CC,CC,CC,TT,TT,TT,CC,CC,CC,CC,TT,CC,TT,TT,TT,TT,CC,CC,CC,TT,CC,TT,TT,CC,CC,TT,CC,CC,TT,CC,TT,CC,TT,TT,TT,CC,TT,CC,CC,TT,CC,CC,TT,TT,TT,CC,TT,CC,TT,CC,CC,CC,CC,TT,TT,CC,CC,CC,TT,TT,TT,TT,CC,CC,TT,TT,TT,CC,TT,CC,CC,CC,CC,TT,TT,CC,CC,TT,TT,CC,TT,TT,TT,CC,TT,TT,TT,CC,CC,CC,CC,CC,CC,CC,CC,CC,CC,CC,CC,CC,CC,CC,TT,CC,TT,CC,CC,CC,TT,TT,CC,TT,TT,CC,CC,TT,TT,CC,TT,CC,CC,CC,TT,TT,TT,TT,TT,TT,CC,TT,TT,TT,TT,TT,TT,CC,TT,TT,TT,TT,TT,CC,TT,TT,CC,TT,TT,CC,TT,CC,CC,CC,CC,CC,CC,CC,CC,TT,CC,TT,CC,CC,TT,CC,TT,TT,TT,TT,TT,TT,TT,TT,TT,TT,TT,CC,TT,TT,CC,TT,CC,TT,TT,TT,TT,TT,CC,TT,CC,CC,CC,CC,TT,CC,TT,CC,TT,TT,CC,TT,TT,TT,TT,CC,TT,TT,CC,CC,CC,CC,TT,CC,TT,TT,TT,CC,TT,TT,TT,TT,TT,TT,CC,CC,CC,CC,TT,TT,CC,TT,CC,CC,TT,TT,TT,CC,CC,TT,TT,TT,TT,TT,TT,TT,TT,TT,TT,TT,TT,TT,TT,TT,TT,TT,TT,TT,TT,TT,TT,TT,TT,TT,TT,TT,TT,TT,TT,TT,TT,CC,TT,TT,TT,CC,CC,CC,TT,TT,TT,CC,CC,CC,CC,TT,TT,TT,TT,TT,TT,TT,TT,TT,TT,CC,TT,TT,TT,CC,TT,CC,CC,TT,TT,CC,CC,TT,TT,TT,TT,TT,TT,TT,TT,TT,TT,TT,TT,TT,TT,TT,TT,CC,CC,CC,CC,CC,CC,CC,TT,CC,CC,TT,TT,CC,TT,CC,CC,TT,TT,TT,TT,TT,TT,TT,TT,TT,TT,TT,TT,TT,CC,TT,CC,CC,TT,CC,TT,TT,TT,TT,CC,CC,CC,CC,TT,TT,TT,TT,TT,CC,TT,TT,TT,TT,TT,TT,TT,TT,TT,TT,TT,TT,TT,TT,TT,TT,TT,TT,TT,CC,TT,TT,TT,CC,CC,TT,TT,TT,TT,CC,CC,TT,TT,TT,TT,TT,TT,TT,TT,TT,TT,TT,CC,TT,CC,TT,TT,TT,CC,CC,TT,CC,TT,TT,TT,CC,CC,TT,TT,TT,TT,TT,CC,TT,TT,TT,TT,TT,TT,TT,TT,TT,TT,TT,TT,TT,TT,CC,CC,CC,TT,CC,TT,TT,CC,TT,CC,CC,TT,TT,TT,TT,CC,TT,TT,TT,TT,TT,TT,TT,TT,TT,TT,TT,TT,TT,CC,TT,CC,CC,CC,CC,TT,CC,CC,CC,CC,CC,CC,CC,TT,TT,TT,TT,CC,CC,TT,CC,TT,TT,TT,TT,CC,TT,TT,TT,TT,TT,TT,TT,TT,TT,TT,TT,TT,TT,TT,CC,TT,TT,CC,TT,CC,TT,CC,TT,TT,TT,TT,TT,TT,TT,TT,TT,TT,TT,TT,TT,TT,TT,TT,TT,TT,TT,TT,TT,TT,TT,TT,TT,TT,TT,CC,TT,CC,CC,TT,TT,TT,CC,TT,TT,CC,TT,TT,CC,TT,TT,TT,TT,TT,TT,TT,TT,TT,TT,TT,TT,TT,TT,TT,TT,TT,TT,TT,CC,CC,CC,CC,CC,CC,CC,CC,CC,CC,CC,TT,CC,TT,TT,TT,TT,TT,TT,TT,TT,CC,TT,TT,TT,TT,TT,CC,CC,TT,TT,CC,CC,TT,TT,TT,TT,CC,CC,TT,TT,CC,TT,TT,TT,TT,TT,TT,TT,TT,TT,TT,TT,TT,CC,TT,TT,TT,TT,TT,TT,TT,TT,TT,TT,TT,TT,TT,TT,TT,TT,TT,TT,TT,TT,CC,TT,TT,TT,TT,TT,TT,TT,TT,CC,TT,TT,TT,TT,TT,TT,TT,CC,CC,CC,TT,TT,TT,TT,TT,TT,TT,TT,TT,TT,TT,TT,TT,TT,CC,TT,TT,TT,TT
IWA3401*,0.10,,TT,TT,TT,TT,TT,TT,TT,TT,CC,CC,CC,CC,CC,TT,TT,TT,TT,TT,CC,TT,TT,TT,TT,CC,TT,TT,TT,TT,TT,TT,TT,TT,TT,CC,TT,TT,TT,TT,CC,TT,TT,TT,TT,TT,CC,CC,TT,CC,TT,TT,TT,TT,TT,TT,TT,TT,TT,TT,TT,CC,TT,TT,TT,TT,TT,TT,TT,TT,TT,TT,TT,TT,TT,TT,TT,TT,TT,CC,CC,CC,CC,CC,TT,TT,TT,TT,TT,TT,TT,TT,TT,TT,TT,TT,TT,TT,TT,TT,TT,TT,TT,TT,TT,TT,TT,TT,TT,TT,TT,CC,CC,CC,TT,TT,TT,TT,TT,TT,TT,TT,TT,TT,TT,TT,TT,TT,TT,TT,TT,TT,TT,TT,TT,TT,TT,TT,TT,TT,TT,TT,TT,TT,TT,CC,TT,TT,TT,CC,TT,TT,TT,TT,TT,TT,TT,TT,TT,TT,TT,TT,TT,TT,TT,TT,TT,TT,TT,TT,TT,TT,TT,TT,TT,TT,TT,TT,TT,TT,CC,CC,CC,TT,CC,TT,TT,TT,TT,TT,TT,TT,TT,TT,TT,CC,TT,TT,TT,TT,TT,TT,TT,TT,TT,TT,TT,TT,TT,TT,TT,TT,TT,TT,TT,TT,TT,TT,TT,TT,TT,CC,CC,TT,TT,TT,TT,TT,CC,TT,TT,TT,TT,TT,TT,TT,TT,TT,TT,TT,TT,TT,TT,TT,TT,TT,TT,TT,TT,TT,CC,TT,TT,TT,TT,TT,TT,TT,TT,TT,CC,TT,TT,TT,TT,CC,CC,CC,CC,CC,CC,TT,TT,TT,TT,TT,TT,TT,TT,TT,TT,TT,TT,TT,TT,TT,TT,TT,TT,CC,TT,TT,CC,TT,TT,TT,TT,TT,TT,TT,TT,TT,TT,TT,TT,TT,CC,TT,TT,TT,TT,CC,CC,TT,TT,CC,TT,TT,TT,TT,TT,TT,CC,TT,TT,TT,TT,TT,TT,TT,TT,TT,TT,TT,TT,TT,TT,TT,TT,CC,TT,TT,TT,TT,TT,TT,TT,TT,CC,TT,CC,TT,CC,CC,TT,TT,TT,TT,TT,TT,TT,TT,TT,TT,TT,TT,TT,TT,TT,TT,CC,TT,TT,TT,TT,TT,CC,TT,TT,TT,TT,TT,TT,TT,TT,TT,TT,CC,TT,TT,TT,TT,TT,TT,TT,TT,TT,TT,TT,TT,TT,TT,TT,TT,TT,TT,CC,TT,TT,TT,CC,TT,TT,TT,TT,TT,TT,TT,TT,TT,CC,TT,TT,TT,TT,CC,TT,TT,TT,TT,TT,TT,TT,TT,TT,CC,TT,TT,CC,TT,TT,TT,TT,TT,TT,TT,TT,TT,TT,TT,TT,TT,TT,TT,TT,TT,TT,TT,TT,TT,CC,CC,TT,TT,TT,TT,CC,TT,TT,TT,TT,CC,TT,CC,CC,TT,TT,TT,TT,TT,TT,CC,TT,TT,TT,TT,TT,TT,TT,TT,TT,TT,CC,CC,TT,TT,TT,TT,TT,CC,TT,TT,TT,TT,TT,TT,TT,CC,TT,TT,CC,CC,TT,TT,TT,TT,TT,TT,TT,TT,TT,TT,TT,TT,TT,TT,TT,TT,TT,TT,TT,TT,TT,TT,TT,TT,TT,TT,TT,TT,TT,CC,CC,TT,TT,TT,TT,TT,TT,TT,TT,TT,TT,TT,TT,TT,TT,TT,TT,TT,TT,TT,CC,TT,TT,NN,TT,TT,TT,TT,TT,TT,TT,TT,TT,TT,TT,TT,TT,TT,TT,TT,TT,TT,TT,TT,TT,TT,TT,CC,CC,CC,TT,TT,TT,TT,CC,TT,TT,TT,TT,TT,TT,TT,CC,TT,TT,TT,TT,TT,TT,TT,CC,TT,CC,TT,TT,TT,TT,TT,TT,TT,TT,TT,TT,TT,TT,TT,TT,TT,TT,TT,TT,TT,TT,TT,TT,TT,TT,TT,TT,TT,TT,TT,TT,TT,TT,CC,CC,TT,CC,TT,TT,TT,TT,TT,TT,TT,TT,TT,TT,TT,TT,TT,TT,TT,TT,TT,TT,TT,TT,TT,TT,TT,TT,TT,TT,TT,TT,TT,TT,TT,TT,TT,TT,TT,TT,TT,TT,TT,TT,TT,TT,TT,TT,CC,TT,TT,TT,TT,TT,TT,TT,TT,TT,TT,TT,CC,TT,TT,TT,TT,TT,TT,TT,TT,CC,TT,TT,CC,TT,TT,TT,TT,TT,TT,TT,TT,TT,TT,TT,TT,TT,TT,TT,TT,TT,TT,TT,TT,TT,TT,TT,TT,TT,TT,TT,TT,TT,TT,TT,TT,TT,TT,TT,TT,TT,TT,TT,TT,TT,TT,TT,TT,TT,TT,TT,TT,CC,TT,TT,TT,TT,TT,TT,TT,TT,TT,TT,TT,TT,TT,TT,TT,CC,TT,CC,TT,TT,TT,TT,TT,TT,TT,TT,TT,TT,CC,TT,TT,TT,TT,TT,TT,TT,TT,TT,TT,TT,TT,CC,TT,TT,TT,TT,TT,TT,TT,TT,TT,TT,TT,TT,TT,TT,CC,TT,TT,TT,TT,TT,TT,TT,TT,TT,TT,TT,TT,TT,TT,TT,TT,TT,TT,TT,TT,TT,TT,TT,TT,TT,TT,TT,TT,TT,TT,TT,TT,TT,TT,TT,TT,TT,TT,TT,TT,CC,TT,TT,TT,TT,TT,TT,TT,TT,TT,TT,TT,TT,TT,TT,TT,TT,TT,TT,TT,TT,TT,TT,TT,TT,TT,TT,TT,TT,TT,TT,TT,TT,TT,TT,TT,TT,TT,TT,TT,TT,TT,TT,NN,TT,TT,TT,TT,TT,TT,TT,TT,TT,TT,TT,TT,TT,TT,TT,TT,TT,TT,TT,TT,TT,TT,TT,TT,TT,TT,TT,TT,TT,TT,TT,TT,TT,TT,TT,TT,TT,TT,TT,TT,TT,TT,TT,TT,TT,TT,TT,TT,TT,TT,TT,TT,TT,TT,TT,TT,TT,TT,TT,TT,TT,TT,TT,TT,TT,TT,TT,TT,TT,TT,TT,TT,CC,TT,TT,TT,TT,TT,TT,TT,TT,TT,TT,TT,TT,TT,TT,TT,CC,TT,TT,TT,TT,TT,CC,TT,CC,TT,TT,TT,TT,TT,TT,TT,TT,TT,TT,TT,TT,TT,CC,TT,TT,NN,TT,CC,TT,CC,TT,CC,TT,TT,TT,TT,TT,TT,TT,TT,TT,CC,TT,TT,TT,TT,CC,TT,TT,TT,TT,TT,TT,TT,TT,TT,TT,TT,TT,TT,TT,TT,TT,TT,TT,TT,TT,TT,TT,TT,TT,TT,TT,TT,TT,TT,TT,TT,TT,TT,TT,TT,TT,TT,TT,TT,TT,TT,TT,CC,TT,TT,TT,NN,TT,CC,TT,TT,TT,TT,TT,TT,TT,TT,TT,TT,TT,TT,TT,TT,TT,TT,TT,TT,TT,TT,TT,TT,TT,TT,CC,TT,TT,TT,TT,TT,TT,TT,TT,TT,TT,TT,TT,TT,TT,TT,TT,TT,TT,TT,TT,TT,TT,TT,TT,TT,TT,TT,TT,TT,TT,TT,TT,TT,TT,TT,TT,TT,TT,TT,TT,TT,TT,TT,TT,TT,TT,TT,TT,TT,TT,TT,TT,TT,TT,TT,TT,TT,TT
IWA5106*,0.20,,TT,TT,TT,TT,TT,TT,TT,TT,TT,TT,TT,TT,TT,TT,TT,TT,TT,TT,TT,TT,TT,TT,TT,TT,TT,TT,TT,TT,TT,TT,TT,TT,TT,TT,TT,TT,TT,TT,TT,TT,CC,TT,TT,TT,TT,TT,TT,CC,TT,TT,TT,TT,TT,TT,TT,TT,TT,TT,TT,TT,CC,TT,TT,TT,TT,TT,TT,TT,TT,TT,TT,TT,TT,TT,TT,TT,TT,TT,CC,TT,TT,TT,TT,TT,TT,TT,TT,TT,TT,TT,TT,TT,CC,TT,CC,TT,TT,TT,TT,TT,TT,TT,TT,TT,TT,TT,TT,CC,TT,TT,TT,TT,TT,CC,TT,TT,TT,TT,TT,TT,TT,TT,CC,CC,TT,CC,TT,TT,TT,TT,TT,TT,TT,TT,TT,TT,TT,TT,TT,TT,TT,TT,TT,TT,TT,TT,TT,CC,TT,CC,TT,TT,TT,TT,CC,TT,CC,TT,TT,TT,TT,TT,TT,TT,TT,TT,TT,TT,TT,TT,TT,TT,TT,TT,TT,CC,TT,TT,TT,TT,TT,TT,TT,TT,TT,TT,TT,TT,TT,TT,TT,TT,TT,CC,TT,TT,TT,CC,TT,TT,TT,TT,TT,TT,TT,TT,TT,TT,TT,CC,TT,TT,TT,TT,TT,TT,TT,TT,TT,TT,TT,TT,TT,TT,TT,TT,TT,TT,TT,TT,TT,TT,TT,TT,TT,TT,CC,TT,TT,CC,TT,TT,TT,TT,TT,TT,TT,TT,TT,TT,TT,TT,TT,TT,TT,TT,TT,TT,TT,TT,TT,CC,TT,TT,TT,CC,TT,TT,TT,TT,TT,TT,TT,TT,TT,TT,TT,TT,TT,TT,TT,TT,TT,TT,CC,TT,TT,TT,CC,CC,CC,TT,TT,TT,TT,TT,TT,TT,TT,TT,TT,TT,TT,TT,TT,TT,TT,TT,TT,TT,TT,TT,TT,TT,TT,TT,TT,TT,TT,CC,TT,TT,TT,CC,TT,TT,TT,CC,TT,TT,CC,TT,TT,TT,TT,CC,TT,TT,TT,TT,TT,TT,TT,TT,TT,TT,TT,CC,CC,TT,TT,CC,TT,TT,TT,TT,TT,TT,TT,TT,TT,TT,TT,CC,TT,CC,CC,TT,TT,TT,TT,TT,TT,TT,TT,TT,TT,TT,TT,TT,TT,TT,TT,TT,TT,TT,TT,TT,TT,TT,TT,TT,TT,TT,TT,CC,TT,TT,TT,CC,TT,TT,TT,TT,CC,TT,TT,TT,TT,TT,TT,CC,TT,CC,TT,TT,CC,CC,TT,TT,TT,TT,TT,TT,TT,TT,TT,TT,TT,TT,TT,TT,TT,TT,TT,TT,TT,TT,TT,TT,TT,TT,TT,TT,CC,TT,TT,TT,TT,TT,TT,TT,TT,TT,TT,TT,TT,TT,TT,TT,CC,TT,TT,TT,TT,TT,TT,TT,TT,TT,TT,TT,TT,CC,TT,TT,TT,TT,TT,TT,TT,CC,TT,TT,TT,TT,TT,TT,TT,TT,CC,TT,TT,CC,TT,TT,TT,TT,TT,TT,TT,TT,TT,TT,TT,TT,CC,CC,TT,TT,TT,TT,CC,TT,TT,TT,TT,TT,TT,TT,TT,TT,TT,TT,TT,TT,TT,TT,TT,TT,TT,TT,CC,CC,CC,TT,CC,TT,TT,TT,CC,TT,TT,TT,TT,TT,TT,TT,TT,TT,CC,TT,TT,TT,TT,TT,TT,TT,CC,TT,CC,CC,CC,TT,TT,TT,TT,TT,TT,TT,TT,TT,TT,TT,TT,TT,TT,TT,TT,TT,CC,TT,TT,TT,TT,TT,TT,TT,TT,TT,TT,TT,TT,TT,TT,TT,TT,TT,TT,TT,TT,CC,NN,CC,TT,TT,CC,TT,TT,CC,CC,TT,CC,CC,CC,TT,TT,TT,TT,CC,TT,TT,TT,CC,TT,TT,TT,TT,TT,TT,TT,TT,TT,TT,TT,TT,TT,TT,TT,TT,TT,TT,TT,TT,TT,CC,CC,CC,CC,CC,TT,TT,TT,TT,TT,CC,TT,CC,TT,TT,CC,CC,TT,TT,TT,TT,TT,TT,TT,TT,TT,TT,TT,TT,CC,TT,TT,CC,TT,CC,TT,TT,TT,TT,TT,TT,TT,TT,TT,TT,CC,TT,CC,CC,CC,TT,TT,TT,CC,CC,CC,CC,TT,TT,TT,TT,TT,TT,TT,TT,TT,TT,TT,TT,TT,CC,TT,TT,CC,CC,TT,TT,CC,CC,CC,TT,CC,CC,CC,CC,CC,CC,CC,CC,TT,CC,CC,TT,CC,CC,CC,TT,CC,CC,CC,CC,TT,TT,TT,TT,TT,TT,CC,TT,TT,TT,TT,TT,TT,TT,CC,TT,TT,TT,TT,TT,TT,TT,TT,TT,TT,TT,TT,TT,TT,TT,TT,TT,TT,TT,TT,TT,TT,CC,TT,CC,TT,CC,CC,CC,CC,CC,TT,CC,CC,TT,TT,TT,TT,TT,TT,TT,TT,TT,TT,TT,NN,TT,TT,TT,TT,TT,TT,TT,CC,CC,CC,TT,CC,TT,CC,CC,TT,TT,TT,CC,TT,CC,TT,TT,CC,TT,CC,CC,TT,CC,TT,TT,TT,TT,CC,CC,CC,CC,CC,TT,TT,TT,TT,TT,TT,TT,TT,CC,TT,CC,CC,CC,CC,TT,CC,CC,TT,TT,CC,TT,TT,TT,TT,TT,TT,TT,TT,TT,TT,TT,TT,TT,NN,CC,TT,TT,TT,CC,TT,TT,TT,TT,TT,TT,TT,TT,TT,TT,TT,TT,TT,TT,TT,TT,CC,TT,TT,TT,TT,TT,TT,CC,TT,TT,CC,TT,TT,TT,TT,CC,CC,CC,CC,TT,CC,CC,TT,TT,TT,TT,TT,TT,TT,TT,CC,TT,TT,TT,TT,TT,TT,TT,TT,CC,TT,CC,TT,TT,TT,TT,CC,CC,TT,TT,TT,TT,TT,TT,TT,TT,TT,TT,TT,TT,TT,TT,TT,TT,TT,TT,TT,TT,CC,TT,TT,TT,TT,TT,TT,TT,TT,CC,TT,TT,CC,CC,CC,CC,TT,CC,CC,TT,TT,TT,TT,CC,CC,TT,TT,CC,TT,TT,TT,TT,TT,TT,TT,TT,TT,CC,CC,CC,TT,CC,CC,CC,CC,TT,CC,TT,CC,TT,TT,TT,CC,TT,CC,CC,CC,CC,TT,TT,TT,TT,CC,TT,CC,CC,TT,TT,TT,TT,TT,TT,CC,TT,CC,CC,TT,TT,TT,TT,TT,TT,CC,TT,TT,TT,TT,TT,TT,TT,TT,CC,TT,TT,TT,TT,TT,TT,TT,TT,CC,CC,TT,CC,TT,TT,CC,TT,TT,CC,TT,CC,CC,CC,TT,CC,TT,TT,TT,TT,TT,TT,TT,TT,CC,CC,TT,TT,TT,TT,TT,TT,TT,TT,CC,TT,CC,TT,TT,CC,CC,CC,CC,TT,TT,TT,TT,TT,CC,CC,TT,CC,TT,TT,TT,TT,TT,TT,TT,TT,TT,TT,TT,TT,TT,TT,CC,TT,CC,TT,CC,TT,TT,TT,TT,TT,TT,TT,TT,CC,TT,TT,TT,CC,TT,TT,TT,TT,TT,TT,TT,TT,TT,TT,NN,TT,TT,TT,TT,TT,TT,CC,TT,TT,TT,CC,TT
IWA7342†,0.51,,GG,GG,GG,GG,GG,GG,AA,GG,AA,AA,AA,AA,AA,AA,GG,GG,GG,GG,AA,GG,GG,GG,AA,AA,GG,GG,GG,GG,GG,AA,GG,GG,AA,AA,GG,GG,AA,GG,GG,AA,GG,AA,GG,GG,GG,GG,AA,GG,GG,GG,GG,GG,GG,GG,GG,GG,GG,GG,GG,GG,AA,GG,GG,GG,GG,GG,AA,GG,GG,GG,AA,AA,GG,GG,GG,AA,AA,AA,GG,AA,GG,GG,GG,AA,GG,GG,GG,GG,AA,GG,GG,GG,GG,GG,AA,GG,GG,GG,GG,GG,GG,GG,GG,AA,AA,AA,GG,AA,GG,GG,GG,GG,AA,GG,GG,AA,GG,GG,GG,AA,GG,GG,GG,GG,GG,GG,GG,GG,GG,GG,AA,AA,AA,AA,AA,GG,AA,GG,GG,GG,GG,GG,AA,AA,GG,AA,GG,AA,GG,NN,GG,GG,GG,AA,GG,AA,GG,AA,AA,GG,GG,GG,GG,GG,GG,GG,GG,GG,AA,AA,AA,GG,AA,AA,GG,GG,GG,AA,GG,AA,AA,GG,GG,GG,GG,AA,AA,GG,GG,GG,GG,GG,GG,GG,AA,AA,AA,GG,GG,GG,GG,GG,GG,GG,AA,AA,GG,GG,GG,AA,AA,GG,GG,GG,AA,GG,GG,GG,GG,GG,AA,AA,GG,GG,AA,GG,GG,GG,AA,GG,GG,GG,GG,GG,GG,GG,AA,GG,GG,AA,AA,AA,AA,GG,GG,GG,AA,GG,AA,AA,AA,AA,AA,AA,AA,AA,AA,GG,AA,AA,AA,AA,GG,AA,GG,AA,GG,AA,GG,GG,AA,GG,GG,GG,GG,GG,GG,GG,AA,GG,GG,GG,GG,GG,GG,GG,GG,GG,GG,AA,GG,GG,GG,GG,GG,GG,GG,GG,GG,AA,AA,GG,GG,GG,GG,AA,GG,AA,AA,GG,GG,AA,GG,GG,AA,AA,AA,AA,GG,GG,AA,GG,GG,GG,AA,GG,AA,GG,GG,GG,GG,GG,GG,GG,GG,GG,AA,AA,AA,AA,AA,AA,GG,AA,AA,GG,GG,AA,AA,GG,GG,GG,AA,AA,GG,GG,AA,GG,GG,GG,AA,GG,AA,AA,GG,GG,AA,GG,GG,GG,GG,AA,GG,GG,AA,AA,GG,AA,GG,GG,GG,AA,GG,AA,AA,GG,GG,GG,GG,GG,GG,GG,GG,AA,GG,GG,GG,GG,AA,AA,AA,GG,GG,GG,AA,GG,GG,AA,AA,GG,GG,GG,GG,GG,GG,GG,AA,AA,GG,GG,AA,AA,GG,GG,AA,AA,GG,GG,GG,GG,AA,GG,AA,AA,AA,GG,AA,GG,GG,AA,GG,GG,AA,GG,GG,GG,GG,GG,AA,GG,GG,GG,AA,GG,GG,GG,AA,AA,AA,AA,GG,AA,GG,AA,AA,AA,GG,AA,AA,AA,AA,AA,AA,AA,GG,AA,GG,GG,GG,AA,GG,GG,GG,GG,GG,GG,GG,AA,GG,AA,AA,AA,GG,GG,GG,AA,GG,AA,GG,AA,GG,GG,GG,GG,GG,AA,AA,GG,AA,AA,GG,GG,GG,GG,GG,AA,GG,AA,AA,NN,AA,AA,GG,AA,AA,AA,GG,GG,GG,GG,GG,GG,AA,AA,AA,AA,AA,GG,GG,GG,AA,GG,AA,GG,AA,GG,GG,GG,GG,AA,AA,GG,GG,AA,AA,AA,AA,GG,GG,GG,AA,AA,AA,GG,GG,GG,GG,GG,GG,GG,GG,GG,GG,GG,GG,GG,GG,AA,AA,AA,AA,AA,AA,GG,GG,GG,GG,AA,AA,GG,GG,AA,AA,GG,GG,GG,AA,GG,GG,AA,AA,GG,GG,GG,GG,GG,AA,AA,AA,GG,AA,GG,GG,AA,AA,GG,GG,AA,AA,GG,GG,GG,AA,GG,GG,GG,GG,GG,GG,GG,GG,AA,GG,AA,GG,AA,AA,AA,AA,GG,GG,AA,AA,AA,GG,AA,AA,AA,AA,AA,GG,GG,GG,GG,GG,AA,GG,GG,GG,AA,GG,GG,AA,AA,GG,GG,GG,AA,AA,GG,GG,GG,GG,GG,AA,GG,AA,AA,AA,AA,AA,AA,GG,GG,GG,GG,AA,AA,AA,GG,GG,GG,AA,GG,GG,AA,AA,AA,AA,AA,AA,AA,GG,GG,GG,GG,AA,GG,GG,GG,AA,GG,GG,GG,AA,AA,AA,AA,AA,AA,AA,AA,AA,AA,AA,GG,AA,GG,AA,AA,AA,AA,AA,AA,AA,AA,AA,AA,AA,AA,AA,AA,AA,AA,AA,AA,AA,GG,GG,AA,GG,GG,GG,GG,AA,GG,AA,GG,GG,GG,AA,AA,AA,AA,GG,AA,GG,AA,GG,GG,GG,AA,GG,AA,GG,GG,GG,AA,AA,GG,GG,AA,AA,AA,AA,AA,GG,AA,AA,AA,AA,AA,AA,AA,AA,GG,AA,AA,AA,AA,GG,GG,GG,AA,GG,GG,GG,AA,GG,GG,GG,AA,AA,GG,AA,AA,AA,AA,AA,AA,GG,AA,AA,GG,AA,AA,GG,AA,GG,AA,GG,GG,GG,GG,AA,AA,AA,GG,GG,NN,AA,AA,AA,GG,GG,AA,GG,AA,AA,GG,GG,AA,AA,AA,AA,AA,AA,AA,AA,AA,GG,GG,AA,GG,AA,GG,AA,AA,AA,GG,AA,AA,GG,AA,AA,AA,GG,GG,GG,AA,GG,GG,AA,AA,AA,GG,AA,AA,GG,AA,AA,AA,GG,GG,AA,AA,AA,AA,GG,GG,AA,AA,AA,AA,AA,AA,AA,AA,GG,AA,AA,AA,AA,AA,AA,AA,AA,AA,AA,AA,AA,AA,AA,GG,GG,AA,GG,GG,AA,AA,AA,AA,AA,AA,GG,AA,GG,GG,AA,GG,AA,AA,GG,AA,AA,AA,GG,AA,AA,AA,AA,AA,AA,AA,GG,GG,AA,GG,AA,GG,GG,GG,AA,GG,GG,AA,GG,GG,AA,GG,GG,GG,GG,GG,AA,AA,GG,AA,AA,AA,AA,AA,AA,AA,GG,AA,AA,GG,AA,AA,AA,AA,AA,AA,GG,AA,AA,GG,GG,GG,AA,AA,AA,GG,GG,AA,GG,AA,AA,AA,AA,AA,AA,AA,AA,GG,GG,AA,AA,AA,AA,GG,AA,AA,AA,GG,AA,AA,GG,GG,GG,GG,GG,GG,AA,AA,GG,GG,AA,GG,GG,AA,AA,AA,AA,AA,AA,AA,GG,AA,AA,AA,AA,AA,AA,AA,AA,AA,AA,AA,AA,AA,GG,AA,GG,AA,AA,AA,AA,GG,GG,AA,GG,GG,AA,AA,AA,AA,AA,AA,AA,AA,GG,GG,GG,AA,AA,AA,GG,GG,GG,GG,AA,AA,NN,AA,AA,AA,GG,GG,GG,GG,AA,GG,AA,AA,AA,AA,AA,AA,AA,AA,AA,AA,AA,GG,AA,GG,GG,AA,GG,AA,AA,GG,GG,AA,AA,AA,AA,AA,AA,AA,AA,AA,AA,GG,GG,NN,GG,AA,AA,GG,GG,GG,AA,AA,AA,AA,AA,AA,AA,AA,AA,GG,AA,AA,AA,AA,AA,AA,AA,AA,GG,AA,AA,GG,AA,AA,AA,AA,AA,AA,AA,AA,NN
IWA5677†,0.83,,GG,GG,GG,GG,GG,GG,GG,GG,GG,GG,GG,GG,GG,GG,GG,GG,GG,GG,GG,AA,AA,GG,GG,GG,GG,GG,GG,GG,GG,GG,GG,GG,GG,GG,GG,GG,GG,GG,GG,GG,AA,GG,GG,GG,GG,GG,GG,GG,GG,GG,GG,GG,GG,GG,GG,AA,AA,AA,AA,GG,GG,GG,GG,GG,GG,GG,GG,GG,GG,GG,GG,GG,GG,GG,GG,GG,GG,GG,GG,AA,AA,AA,GG,GG,GG,GG,GG,GG,GG,GG,GG,GG,GG,GG,GG,GG,AA,GG,GG,AA,GG,AA,GG,GG,GG,GG,GG,GG,GG,GG,GG,GG,GG,GG,GG,GG,GG,GG,GG,GG,GG,AA,GG,GG,GG,GG,GG,GG,GG,GG,GG,GG,GG,GG,GG,GG,GG,GG,GG,GG,GG,GG,GG,GG,GG,GG,GG,AA,AA,GG,GG,GG,GG,GG,GG,GG,GG,GG,GG,GG,GG,GG,GG,GG,GG,GG,GG,GG,GG,GG,GG,GG,GG,GG,GG,AA,GG,GG,GG,AA,AA,GG,GG,GG,GG,GG,GG,GG,GG,GG,GG,GG,GG,GG,GG,GG,GG,GG,GG,GG,AA,GG,GG,GG,GG,GG,GG,AA,GG,GG,GG,GG,GG,GG,GG,GG,GG,GG,GG,GG,AA,GG,GG,GG,GG,GG,GG,AA,AA,AA,GG,GG,GG,GG,GG,AA,GG,GG,GG,GG,GG,GG,GG,AA,GG,AA,GG,GG,GG,GG,GG,GG,GG,GG,GG,GG,GG,GG,GG,GG,AA,GG,GG,GG,GG,GG,GG,GG,GG,GG,GG,GG,AA,AA,GG,GG,AA,AA,GG,GG,AA,AA,GG,GG,AA,GG,GG,GG,GG,GG,AA,GG,GG,GG,GG,GG,GG,GG,GG,GG,GG,AA,GG,GG,GG,GG,GG,GG,GG,GG,GG,GG,GG,GG,GG,GG,GG,AA,AA,GG,GG,GG,GG,GG,GG,GG,GG,AA,GG,GG,GG,GG,GG,GG,GG,GG,GG,GG,GG,GG,GG,GG,GG,GG,GG,GG,GG,GG,GG,GG,GG,AA,AA,GG,GG,GG,GG,GG,GG,GG,GG,GG,GG,AA,GG,GG,GG,GG,GG,GG,GG,GG,GG,GG,GG,GG,GG,GG,GG,GG,GG,GG,AA,GG,GG,AA,GG,AA,AA,GG,AA,AA,GG,AA,GG,AA,GG,GG,GG,GG,GG,GG,GG,AA,GG,GG,GG,GG,GG,GG,GG,GG,GG,GG,GG,GG,GG,GG,GG,AA,AA,GG,GG,GG,GG,GG,GG,GG,GG,GG,GG,GG,GG,GG,AA,AA,GG,AA,GG,AA,AA,GG,GG,GG,GG,GG,GG,GG,GG,AA,GG,GG,GG,GG,GG,GG,GG,GG,GG,GG,AA,GG,GG,GG,GG,GG,GG,GG,GG,GG,GG,GG,GG,GG,GG,AA,AA,GG,GG,GG,AA,GG,GG,GG,GG,AA,GG,GG,GG,GG,GG,GG,GG,GG,GG,GG,GG,GG,GG,GG,GG,GG,GG,GG,GG,GG,GG,GG,GG,GG,GG,AA,GG,GG,GG,AA,GG,GG,GG,GG,GG,GG,GG,GG,GG,GG,GG,AA,GG,AA,GG,GG,AA,GG,GG,GG,GG,GG,GG,GG,GG,GG,GG,GG,GG,AA,GG,AA,AA,AA,GG,GG,GG,GG,GG,GG,GG,GG,GG,GG,AA,GG,GG,GG,GG,GG,GG,GG,GG,GG,GG,GG,GG,GG,GG,GG,AA,GG,GG,GG,GG,GG,GG,GG,GG,GG,AA,GG,GG,GG,GG,AA,GG,GG,GG,AA,GG,GG,AA,GG,GG,GG,GG,GG,GG,AA,GG,GG,GG,GG,GG,GG,GG,GG,GG,GG,GG,GG,GG,GG,GG,AA,AA,GG,AA,AA,AA,AA,GG,GG,GG,GG,AA,GG,GG,AA,AA,GG,GG,GG,GG,GG,GG,GG,GG,GG,GG,GG,GG,GG,GG,GG,AA,GG,GG,GG,GG,AA,GG,GG,GG,GG,AA,GG,AA,AA,AA,GG,GG,GG,GG,GG,GG,GG,GG,GG,GG,GG,GG,GG,GG,GG,GG,GG,AA,GG,GG,GG,GG,GG,GG,GG,GG,AA,GG,GG,GG,GG,GG,GG,GG,GG,GG,GG,AA,GG,AA,AA,GG,GG,GG,GG,GG,GG,GG,GG,GG,GG,GG,GG,GG,GG,GG,GG,GG,GG,GG,GG,GG,GG,GG,GG,GG,GG,GG,GG,GG,GG,GG,GG,GG,GG,GG,GG,GG,AA,AA,GG,GG,GG,GG,GG,GG,GG,GG,GG,GG,GG,GG,GG,GG,GG,GG,GG,GG,GG,GG,GG,GG,GG,GG,GG,AA,GG,AA,GG,GG,GG,GG,GG,GG,GG,GG,GG,GG,GG,AA,GG,GG,GG,GG,GG,GG,GG,GG,GG,GG,AA,AA,GG,GG,GG,GG,GG,GG,GG,AA,GG,GG,GG,AA,GG,AA,AA,GG,GG,GG,GG,GG,GG,AA,GG,GG,GG,GG,AA,GG,GG,AA,GG,GG,GG,AA,GG,GG,GG,GG,AA,GG,GG,GG,GG,GG,AA,AA,GG,AA,AA,AA,GG,GG,GG,AA,GG,GG,GG,GG,GG,GG,AA,AA,GG,GG,GG,GG,GG,GG,GG,GG,GG,GG,GG,GG,GG,GG,AA,GG,AA,GG,AA,GG,GG,GG,GG,GG,GG,GG,GG,GG,GG,GG,GG,AA,GG,AA,AA,GG,GG,GG,GG,GG,AA,GG,GG,GG,GG,GG,GG,AA,GG,GG,GG,GG,GG,GG,GG,GG,GG,GG,GG,GG,GG,GG,GG,GG,AA,GG,AA,GG,GG,GG,GG,GG,GG,GG,AA,GG,GG,GG,AA,GG,GG,GG,GG,GG,AA,GG,GG,GG,GG,GG,GG,GG,GG,GG,GG,AA,GG,GG,GG,GG,GG,AA,GG,GG,GG,GG,GG,GG,GG,GG,GG,AA,GG,GG,GG,GG,GG,AA,GG,GG,GG,GG,GG,GG,AA,AA,AA,GG,GG,GG,GG,AA,GG,GG,GG,AA,GG,AA,GG,GG,GG,GG,AA,GG,GG,AA,GG,GG,GG,GG,GG,GG,GG,GG,AA,AA,GG,GG,GG,GG,GG,GG,GG,GG,GG,GG,GG,GG,GG,AA,GG,AA,AA,AA,AA,GG,GG,GG,GG,GG,GG,GG,GG,GG,GG,GG,GG,GG,GG,GG,GG,GG,GG,GG,GG,GG,GG,GG,GG,GG,AA,GG,GG,AA,AA,AA,AA,GG,AA,GG,GG,AA,GG,GG,GG,GG,GG,GG,GG,GG,GG,AA,AA,AA,GG,GG,GG,AA,AA,GG,GG,GG,GG,GG,AA,AA,AA,GG,GG,GG,GG,AA,GG,GG,GG,GG,GG,AA,AA,GG,GG,GG,GG,GG,GG,AA,GG,GG,GG,GG,AA,GG,GG,GG,GG,GG,GG,AA,AA,GG,AA,AA,AA,GG,GG,AA,GG,GG,AA,AA,AA,AA,AA,AA,GG,GG,GG,GG,GG,GG,AA,GG,GG,AA,AA,AA,GG,GG,GG,AA,AA,GG,GG,GG,AA,AA,GG,GG,GG,AA,AA,GG,GG,AA
IWA3218*,0.31,,TT,TT,CC,CC,TT,CC,TT,TT,CC,CC,CC,CC,CC,TT,CC,CC,TT,CC,CC,TT,TT,CC,CC,TT,TT,CC,CC,CC,TT,CC,CC,TT,CC,CC,CC,TT,CC,CC,TT,CC,TT,CC,TT,TT,TT,TT,TT,TT,TT,CC,TT,CC,CC,TT,TT,CC,CC,CC,CC,TT,CC,CC,CC,CC,CC,CC,TT,TT,TT,CC,TT,TT,CC,TT,CC,CC,CC,CC,CC,TT,CC,CC,CC,TT,TT,TT,CC,CC,TT,TT,TT,TT,TT,CC,CC,CC,TT,CC,CC,CC,CC,TT,TT,TT,CC,TT,TT,TT,TT,CC,CC,CC,TT,CC,CC,TT,TT,TT,CC,CC,TT,CC,CC,CC,CC,CC,CC,TT,TT,TT,CC,TT,TT,TT,CC,CC,TT,TT,CC,CC,TT,CC,TT,CC,CC,CC,CC,TT,TT,CC,TT,TT,CC,TT,CC,TT,TT,TT,CC,CC,CC,CC,CC,CC,CC,CC,CC,CC,CC,TT,CC,CC,TT,CC,TT,TT,CC,TT,CC,CC,CC,CC,CC,CC,TT,CC,CC,CC,CC,TT,TT,CC,CC,TT,TT,TT,TT,TT,CC,TT,TT,CC,CC,CC,TT,TT,TT,TT,TT,TT,CC,CC,CC,CC,TT,CC,TT,CC,TT,CC,CC,CC,CC,TT,TT,TT,TT,CC,CC,TT,CC,TT,CC,CC,CC,TT,CC,CC,CC,CC,CC,TT,TT,TT,CC,CC,CC,CC,TT,TT,CC,CC,CC,CC,CC,CC,CC,TT,TT,TT,CC,CC,NN,CC,TT,CC,CC,CC,CC,CC,CC,CC,CC,CC,TT,TT,CC,CC,CC,CC,TT,TT,CC,TT,TT,CC,CC,CC,CC,CC,CC,CC,TT,CC,CC,CC,TT,CC,TT,TT,CC,CC,CC,TT,CC,CC,TT,CC,TT,CC,TT,CC,TT,CC,TT,TT,CC,CC,TT,CC,CC,TT,TT,CC,CC,CC,CC,TT,TT,CC,CC,CC,CC,TT,TT,TT,CC,TT,TT,CC,CC,CC,TT,TT,CC,CC,CC,CC,CC,CC,CC,CC,CC,CC,CC,CC,CC,CC,CC,CC,CC,TT,CC,TT,TT,CC,CC,TT,CC,CC,TT,CC,TT,TT,CC,CC,TT,TT,CC,CC,CC,CC,CC,CC,TT,CC,TT,TT,CC,CC,CC,TT,CC,CC,TT,TT,CC,CC,CC,CC,CC,TT,TT,TT,CC,CC,TT,TT,TT,TT,CC,CC,TT,CC,CC,CC,CC,CC,CC,CC,CC,CC,CC,CC,CC,TT,CC,CC,CC,TT,TT,CC,CC,CC,TT,CC,CC,CC,TT,CC,CC,TT,TT,TT,TT,CC,CC,CC,TT,CC,CC,CC,CC,CC,TT,CC,TT,TT,TT,CC,TT,CC,CC,CC,CC,TT,TT,TT,CC,TT,CC,CC,CC,TT,TT,TT,CC,CC,CC,CC,CC,CC,TT,CC,CC,TT,TT,TT,CC,CC,CC,CC,CC,CC,CC,CC,TT,TT,TT,CC,TT,TT,CC,CC,TT,CC,CC,TT,CC,CC,CC,TT,TT,CC,CC,TT,CC,TT,CC,CC,CC,TT,CC,TT,CC,CC,TT,CC,CC,TT,CC,CC,TT,CC,CC,TT,CC,CC,CC,CC,TT,NN,CC,NN,CC,CC,CC,CC,CC,CC,TT,CC,CC,TT,CC,CC,TT,TT,TT,CC,CC,CC,CC,TT,CC,CC,CC,CC,CC,CC,CC,CC,CC,CC,CC,CC,TT,TT,CC,TT,TT,CC,CC,CC,CC,TT,CC,CC,CC,CC,TT,TT,TT,CC,CC,CC,CC,TT,TT,TT,CC,TT,TT,TT,CC,TT,CC,CC,CC,TT,CC,TT,CC,CC,CC,TT,CC,CC,TT,TT,CC,CC,TT,CC,TT,CC,CC,CC,CC,TT,CC,CC,CC,TT,TT,TT,TT,CC,TT,CC,CC,TT,TT,TT,CC,CC,CC,CC,CC,CC,TT,CC,CC,TT,CC,CC,TT,CC,CC,TT,TT,TT,CC,CC,CC,CC,CC,CC,TT,CC,CC,TT,CC,CC,TT,TT,CC,CC,CC,CC,CC,CC,CC,CC,CC,CC,CC,CC,CC,TT,TT,CC,CC,TT,TT,CC,CC,TT,TT,TT,TT,TT,TT,CC,CC,CC,TT,CC,CC,CC,TT,CC,CC,TT,CC,CC,CC,TT,CC,CC,TT,CC,CC,CC,CC,CC,CC,CC,CC,CC,CC,CC,CC,CC,CC,CC,CC,CC,CC,CC,CC,TT,CC,CC,CC,TT,TT,TT,CC,CC,CC,CC,CC,TT,CC,CC,CC,CC,CC,TT,CC,CC,CC,CC,CC,TT,TT,CC,CC,TT,TT,CC,TT,TT,CC,CC,CC,CC,CC,CC,CC,TT,CC,CC,TT,CC,CC,CC,CC,CC,CC,CC,CC,CC,CC,CC,CC,CC,CC,CC,TT,CC,CC,CC,CC,CC,CC,CC,CC,CC,CC,TT,TT,CC,CC,CC,CC,CC,CC,CC,CC,CC,CC,CC,CC,CC,CC,CC,TT,CC,TT,CC,TT,TT,TT,CC,TT,CC,CC,TT,TT,TT,CC,TT,TT,CC,TT,TT,TT,CC,TT,TT,TT,CC,CC,CC,CC,TT,CC,CC,CC,CC,CC,CC,TT,CC,CC,CC,CC,CC,CC,TT,TT,TT,TT,CC,CC,CC,CC,CC,CC,CC,CC,CC,CC,CC,TT,CC,TT,CC,CC,TT,TT,TT,CC,TT,CC,TT,TT,CC,TT,CC,TT,TT,TT,TT,CC,CC,CC,CC,CC,CC,CC,CC,CC,CC,CC,CC,TT,CC,CC,CC,CC,TT,CC,CC,TT,CC,CC,CC,TT,NN,TT,CC,CC,NN,TT,CC,TT,CC,CC,CC,CC,CC,CC,CC,CC,CC,CC,CC,CC,CC,CC,TT,CC,CC,CC,CC,CC,CC,CC,CC,CC,CC,CC,TT,TT,TT,CC,CC,CC,CC,TT,CC,TT,TT,TT,CC,CC,TT,CC,CC,CC,CC,CC,CC,CC,CC,CC,CC,CC,CC,CC,TT,TT,TT,CC,CC,TT,TT,TT,TT,CC,CC,CC,CC,CC,CC,CC,CC,CC,CC,CC,CC,CC,CC,CC,CC,CC,CC,CC,CC,CC,CC,CC,CC,CC,TT,CC,TT,CC,CC,CC,CC,CC,CC,CC,CC,CC,TT,CC,CC,CC,CC,CC,CC,CC,CC,CC,CC,CC,CC,CC,CC,CC,CC,CC,CC,CC,CC,CC,CC,CC,TT,CC,CC,CC,TT,CC,CC,TT,CC,TT,CC,CC,CC,CC,TT,CC,CC,CC,CC,CC,CC,CC,CC,CC,CC,CC,CC,TT,CC,CC,CC,CC,CC,TT,CC,CC,TT,CC,CC,CC,CC,TT,CC,CC,CC,CC,CC,CC,CC,CC,CC,CC,CC,NN,TT,TT,CC,CC,CC,CC,CC,CC,CC,CC,CC,CC,CC,CC,CC,CC,CC,CC,CC,CC,CC,CC,CC,CC,NN,NN,NN,CC,TT,CC,CC,CC,CC,CC,CC,CC,CC,CC,CC,CC,CC,CC,CC,CC,CC,TT,CC,CC,CC,CC,CC,CC,CC,CC,TT,CC,CC,CC
IWA3601*,0.86,,TT,TT,TT,TT,TT,CC,TT,TT,TT,TT,TT,TT,TT,TT,TT,TT,TT,TT,TT,TT,TT,TT,TT,TT,TT,TT,TT,TT,TT,TT,TT,TT,TT,TT,TT,TT,TT,TT,TT,TT,TT,TT,TT,TT,TT,TT,TT,TT,TT,CC,TT,TT,TT,TT,TT,TT,TT,TT,TT,TT,TT,TT,TT,TT,TT,TT,TT,TT,TT,TT,TT,TT,TT,TT,TT,TT,TT,TT,TT,TT,CC,CC,TT,TT,TT,TT,TT,TT,TT,TT,TT,TT,CC,TT,TT,TT,TT,TT,TT,TT,TT,TT,TT,CC,TT,TT,TT,TT,TT,TT,TT,TT,TT,TT,TT,TT,TT,TT,TT,CC,TT,TT,TT,TT,TT,TT,TT,TT,TT,TT,TT,TT,TT,TT,TT,TT,TT,TT,TT,TT,TT,TT,TT,TT,TT,TT,TT,TT,TT,TT,TT,TT,TT,TT,TT,TT,TT,TT,TT,CC,CC,TT,TT,TT,TT,TT,TT,TT,TT,TT,TT,NN,TT,TT,TT,TT,TT,TT,TT,TT,TT,TT,TT,CC,TT,TT,TT,TT,TT,TT,TT,TT,TT,TT,TT,TT,TT,TT,TT,TT,TT,TT,TT,CC,TT,CC,TT,TT,TT,TT,TT,TT,TT,TT,TT,TT,CC,TT,TT,TT,CC,TT,CC,TT,TT,TT,TT,TT,TT,TT,TT,TT,TT,TT,TT,TT,TT,TT,TT,TT,TT,TT,TT,TT,TT,TT,TT,TT,TT,CC,TT,TT,TT,TT,TT,TT,TT,TT,TT,TT,TT,TT,TT,TT,CC,TT,CC,TT,TT,TT,CC,TT,TT,TT,TT,TT,TT,TT,TT,TT,TT,TT,TT,TT,CC,TT,TT,CC,TT,TT,TT,CC,TT,TT,TT,TT,TT,TT,TT,TT,TT,TT,TT,TT,TT,TT,TT,TT,TT,TT,TT,TT,TT,TT,TT,TT,TT,TT,TT,TT,TT,TT,CC,TT,TT,TT,TT,TT,CC,TT,TT,TT,TT,TT,TT,TT,TT,TT,TT,TT,TT,TT,TT,CC,TT,TT,TT,TT,TT,TT,TT,TT,TT,TT,TT,TT,TT,TT,TT,CC,TT,TT,TT,CC,TT,TT,TT,TT,TT,TT,TT,TT,TT,TT,TT,TT,TT,TT,TT,CC,TT,TT,TT,NN,TT,CC,TT,TT,TT,TT,TT,TT,TT,CC,TT,CC,TT,TT,TT,TT,TT,TT,TT,TT,TT,TT,CC,TT,TT,TT,TT,TT,TT,TT,TT,TT,CC,CC,TT,TT,TT,TT,TT,TT,TT,TT,TT,TT,TT,TT,TT,TT,TT,TT,TT,CC,TT,CC,TT,TT,TT,TT,TT,TT,TT,TT,TT,CC,TT,TT,TT,TT,TT,TT,TT,TT,TT,TT,TT,CC,TT,TT,TT,TT,TT,TT,TT,TT,TT,TT,TT,TT,TT,TT,TT,TT,TT,TT,TT,TT,TT,TT,TT,TT,TT,CC,TT,TT,TT,TT,TT,TT,TT,CC,TT,TT,TT,TT,TT,TT,CC,TT,TT,CC,TT,TT,CC,TT,CC,TT,TT,TT,TT,CC,CC,TT,CC,TT,TT,TT,TT,TT,TT,TT,TT,TT,TT,TT,TT,CC,TT,TT,TT,TT,TT,TT,TT,CC,TT,TT,TT,TT,TT,TT,TT,TT,TT,TT,TT,TT,TT,TT,TT,CC,TT,TT,CC,TT,TT,TT,CC,TT,TT,TT,TT,TT,TT,TT,TT,TT,TT,TT,TT,TT,TT,TT,TT,TT,TT,TT,TT,TT,TT,TT,TT,TT,TT,TT,TT,TT,TT,TT,CC,TT,TT,TT,TT,TT,TT,TT,TT,TT,TT,TT,TT,TT,TT,TT,TT,TT,TT,TT,TT,TT,TT,TT,TT,TT,TT,TT,CC,TT,TT,CC,CC,TT,TT,TT,TT,CC,TT,TT,TT,TT,TT,TT,TT,TT,CC,TT,TT,CC,TT,TT,TT,TT,TT,TT,TT,TT,CC,TT,CC,TT,TT,CC,TT,TT,TT,TT,TT,TT,TT,CC,TT,TT,TT,CC,CC,TT,TT,TT,CC,TT,CC,CC,TT,TT,TT,CC,TT,CC,TT,TT,TT,TT,TT,TT,TT,TT,TT,TT,TT,TT,TT,TT,TT,TT,CC,CC,CC,CC,TT,TT,TT,TT,TT,TT,TT,TT,CC,TT,TT,TT,TT,TT,TT,TT,TT,TT,TT,TT,TT,TT,TT,CC,TT,TT,TT,TT,TT,TT,TT,TT,TT,TT,TT,TT,TT,TT,TT,TT,TT,TT,TT,TT,TT,TT,TT,TT,TT,TT,TT,TT,TT,TT,CC,CC,CC,TT,TT,TT,TT,TT,TT,TT,TT,TT,CC,TT,CC,TT,TT,TT,TT,TT,TT,TT,TT,TT,TT,CC,CC,TT,TT,TT,CC,TT,TT,TT,TT,TT,TT,TT,TT,TT,TT,TT,TT,TT,TT,TT,CC,TT,TT,TT,TT,TT,TT,TT,TT,TT,TT,TT,TT,TT,TT,TT,TT,TT,TT,TT,TT,TT,TT,TT,TT,TT,TT,TT,TT,CC,TT,TT,CC,TT,TT,TT,TT,CC,CC,CC,TT,TT,TT,TT,CC,TT,TT,TT,TT,TT,CC,TT,TT,TT,TT,TT,TT,CC,CC,TT,TT,CC,TT,TT,TT,TT,TT,TT,TT,TT,TT,TT,TT,TT,CC,CC,TT,TT,TT,TT,TT,TT,TT,TT,TT,TT,TT,TT,CC,CC,TT,TT,NN,TT,TT,TT,TT,TT,CC,CC,TT,CC,CC,CC,TT,TT,TT,TT,TT,TT,TT,TT,TT,TT,TT,TT,TT,TT,TT,TT,TT,CC,TT,TT,TT,TT,TT,TT,CC,TT,TT,TT,TT,TT,CC,CC,TT,TT,TT,TT,TT,TT,TT,TT,TT,TT,TT,TT,TT,TT,TT,TT,TT,TT,TT,TT,CC,TT,TT,TT,TT,CC,CC,CC,CC,CC,TT,CC,NN,TT,TT,TT,CC,CC,CC,CC,CC,TT,TT,TT,TT,TT,TT,CC,CC,CC,TT,TT,TT,TT,NN,TT,TT,TT,TT,TT,CC,TT,TT,TT,NN,CC,CC,TT,CC,TT,TT,TT,TT,TT,TT,TT,TT,TT,TT,TT,TT,TT,CC,TT,TT,TT,TT,TT,TT,TT,TT,TT,TT,TT,TT,CC,TT,CC,CC,CC,TT,CC,CC,CC,TT,TT,TT,TT,TT,TT,CC,TT,TT,TT,TT,TT,TT,TT,TT,TT,TT,TT,TT,TT,TT,CC,TT,TT,TT,TT,CC,TT,CC,TT,TT,TT,TT,TT,TT,TT,TT,TT,TT,TT,TT,TT,CC,TT,TT,TT,TT,TT,CC,TT,TT,TT,CC,TT,TT,TT,TT,CC,CC,CC,CC,CC,TT,TT,TT,TT,TT,CC,CC,TT,TT,TT,TT,TT,TT,CC,TT,TT,TT,TT,TT,CC,CC,TT,TT,TT,TT,NN,TT,TT,TT,CC,TT,TT,TT,TT,TT,CC,TT,TT,TT,TT,TT,TT,TT,TT,TT,CC,TT,CC,TT,TT,TT,CC,TT,TT,TT,TT,CC,CC,TT,TT,TT,CC,TT,TT,CC,TT,TT,CC,TT,TT,TT
IWA1715‡,0.43,,TT,GG,TT,TT,GG,TT,TT,TT,TT,TT,TT,TT,TT,TT,GG,GG,GG,TT,TT,TT,TT,TT,TT,TT,TT,GG,TT,GG,TT,TT,GG,TT,TT,TT,GG,TT,TT,TT,TT,GG,TT,GG,TT,TT,TT,TT,TT,GG,GG,TT,TT,TT,TT,GG,GG,TT,TT,TT,TT,TT,TT,TT,TT,GG,GG,TT,TT,TT,GG,TT,GG,TT,TT,TT,TT,TT,TT,GG,GG,GG,GG,GG,TT,TT,TT,TT,GG,GG,TT,TT,TT,TT,GG,TT,TT,TT,TT,TT,TT,TT,TT,TT,TT,GG,GG,GG,GG,GG,TT,TT,TT,TT,TT,GG,GG,TT,TT,TT,TT,GG,GG,TT,GG,GG,GG,GG,TT,TT,TT,TT,TT,TT,TT,TT,TT,TT,GG,TT,TT,TT,TT,TT,GG,GG,GG,TT,GG,TT,TT,GG,TT,TT,TT,TT,TT,GG,TT,TT,TT,TT,TT,TT,TT,TT,TT,GG,GG,TT,GG,GG,GG,GG,GG,GG,TT,TT,TT,GG,GG,GG,GG,GG,GG,TT,TT,TT,GG,TT,GG,GG,GG,GG,GG,GG,TT,TT,TT,GG,GG,TT,TT,GG,GG,GG,TT,TT,GG,TT,TT,GG,TT,TT,TT,GG,TT,TT,GG,TT,GG,TT,GG,GG,TT,TT,TT,TT,GG,TT,TT,GG,TT,GG,GG,TT,TT,GG,GG,GG,TT,TT,TT,TT,TT,TT,TT,TT,TT,TT,GG,TT,TT,TT,TT,TT,TT,TT,TT,TT,GG,TT,TT,TT,GG,GG,GG,GG,GG,GG,GG,GG,TT,TT,TT,TT,GG,TT,TT,TT,GG,TT,TT,GG,GG,TT,GG,TT,TT,GG,TT,TT,TT,TT,TT,TT,TT,TT,TT,GG,TT,TT,TT,GG,TT,TT,GG,TT,TT,TT,GG,GG,GG,GG,GG,TT,TT,TT,GG,TT,GG,GG,GG,GG,GG,TT,TT,TT,TT,TT,GG,TT,TT,TT,TT,GG,TT,GG,TT,GG,TT,TT,GG,TT,GG,TT,TT,GG,GG,TT,GG,GG,GG,GG,GG,TT,TT,TT,GG,GG,TT,GG,TT,GG,GG,TT,GG,GG,GG,TT,TT,GG,GG,TT,GG,TT,TT,TT,GG,TT,TT,TT,GG,GG,TT,TT,GG,TT,TT,TT,TT,GG,TT,GG,TT,TT,TT,TT,TT,TT,GG,GG,GG,GG,TT,TT,TT,TT,GG,GG,GG,TT,TT,TT,GG,GG,GG,TT,TT,TT,TT,GG,TT,TT,TT,TT,TT,GG,TT,GG,GG,TT,GG,GG,GG,GG,TT,GG,GG,GG,TT,TT,GG,GG,GG,TT,TT,TT,GG,GG,GG,TT,TT,TT,GG,TT,GG,GG,GG,GG,GG,TT,TT,TT,GG,TT,TT,GG,TT,GG,GG,GG,GG,GG,GG,TT,GG,TT,GG,GG,GG,TT,GG,GG,TT,GG,TT,GG,GG,TT,TT,GG,TT,TT,TT,GG,TT,GG,GG,GG,TT,TT,TT,TT,GG,GG,GG,GG,GG,TT,GG,GG,GG,TT,GG,TT,GG,TT,GG,TT,TT,TT,GG,GG,GG,GG,TT,GG,TT,GG,GG,GG,TT,GG,GG,TT,GG,GG,TT,GG,GG,GG,GG,TT,GG,TT,TT,GG,TT,TT,GG,GG,GG,GG,TT,GG,TT,GG,TT,GG,GG,GG,GG,GG,GG,TT,TT,TT,TT,TT,TT,TT,TT,GG,TT,TT,TT,TT,NN,GG,TT,GG,GG,TT,GG,TT,GG,TT,TT,GG,GG,GG,GG,GG,GG,TT,TT,TT,GG,TT,GG,GG,GG,GG,GG,GG,GG,GG,TT,TT,GG,GG,TT,TT,GG,GG,GG,GG,GG,GG,GG,TT,GG,TT,GG,GG,GG,GG,GG,GG,GG,GG,TT,TT,GG,GG,TT,GG,TT,GG,GG,GG,TT,GG,TT,GG,GG,TT,TT,TT,TT,GG,GG,GG,GG,TT,GG,GG,GG,GG,GG,GG,GG,GG,GG,TT,GG,GG,TT,GG,GG,GG,GG,GG,TT,GG,GG,GG,TT,TT,GG,TT,TT,GG,TT,GG,TT,GG,GG,TT,TT,TT,GG,GG,GG,GG,GG,TT,TT,GG,GG,GG,GG,GG,GG,TT,TT,GG,GG,GG,GG,GG,GG,TT,GG,TT,GG,TT,TT,TT,TT,GG,TT,TT,TT,TT,GG,GG,GG,GG,GG,GG,GG,GG,GG,GG,GG,GG,GG,GG,GG,GG,GG,TT,GG,GG,GG,TT,GG,TT,GG,TT,GG,GG,GG,GG,TT,TT,GG,TT,TT,GG,GG,TT,TT,TT,TT,GG,TT,GG,TT,TT,GG,TT,GG,TT,GG,GG,GG,GG,GG,GG,GG,GG,GG,GG,TT,TT,GG,GG,GG,GG,TT,TT,TT,GG,GG,GG,TT,GG,TT,TT,GG,GG,TT,GG,GG,GG,TT,GG,GG,TT,GG,GG,GG,GG,TT,GG,TT,GG,TT,GG,GG,GG,GG,GG,GG,GG,GG,GG,GG,GG,GG,TT,GG,GG,GG,TT,TT,GG,GG,GG,GG,GG,TT,GG,GG,GG,GG,GG,GG,GG,GG,GG,GG,GG,GG,TT,TT,GG,TT,GG,GG,GG,GG,GG,GG,GG,GG,GG,GG,TT,TT,TT,TT,GG,TT,TT,TT,GG,GG,GG,GG,GG,GG,TT,GG,TT,GG,TT,GG,GG,GG,GG,GG,GG,GG,GG,GG,GG,GG,TT,GG,GG,GG,GG,GG,GG,TT,TT,GG,GG,GG,TT,GG,GG,GG,TT,GG,GG,GG,TT,GG,NN,TT,GG,TT,TT,GG,GG,GG,TT,GG,GG,GG,TT,TT,GG,GG,GG,TT,GG,TT,GG,TT,GG,GG,GG,GG,TT,GG,GG,TT,TT,GG,GG,TT,TT,GG,TT,GG,GG,GG,TT,TT,TT,TT,GG,GG,GG,GG,GG,GG,GG,GG,GG,TT,GG,GG,GG,GG,GG,GG,TT,GG,GG,TT,GG,GG,GG,GG,GG,GG,GG,GG,TT,GG,GG,GG,GG,GG,GG,TT,GG,GG,GG,GG,GG,GG,TT,GG,GG,GG,GG,GG,TT,TT,TT,GG,GG,GG,GG,GG,GG,TT,GG,GG,TT,TT,GG,GG,GG,GG,TT,GG,TT,GG,TT,GG,GG,GG,GG,GG,GG,GG,GG,TT,TT,TT,TT,GG,TT,GG,TT,TT,GG,TT,TT,TT,TT,TT,TT,GG,TT,GG,GG,TT,TT,TT,GG,GG,GG,GG,TT,GG,GG,GG,GG,TT,GG,GG,GG,GG,TT,TT,GG,GG,TT,GG,GG,TT,GG,GG,GG,GG,GG,GG,GG,GG,GG,GG,GG,GG,GG,GG,GG,GG,GG,GG,GG,GG,GG,GG,TT,TT,GG,GG,GG,GG,GG,GG,GG,GG,TT,GG,GG,GG,GG,GG,GG,GG,GG,GG,GG,GG,GG,GG,GG,GG,GG,GG,TT,GG,GG,GG,GG,GG,GG,GG,GG,GG,TT,TT,GG,GG,TT,GG,GG,TT,GG,GG,GG,GG,GG,GG,GG,TT,GG,GG,TT,GG,GG,GG,GG,GG,GG,GG
IWA5897*,0.16,,TT,TT,TT,TT,TT,TT,TT,TT,TT,TT,TT,TT,TT,TT,TT,TT,TT,TT,TT,TT,TT,TT,TT,TT,TT,TT,TT,TT,TT,TT,TT,TT,TT,TT,TT,TT,TT,TT,TT,TT,TT,TT,TT,TT,TT,TT,TT,CC,TT,TT,TT,TT,TT,TT,TT,TT,TT,TT,TT,TT,TT,TT,TT,TT,TT,TT,TT,TT,TT,TT,TT,CC,TT,TT,TT,TT,TT,TT,CC,CC,CC,CC,TT,TT,TT,TT,TT,TT,TT,TT,TT,TT,TT,TT,TT,TT,TT,TT,TT,TT,TT,TT,TT,TT,TT,TT,TT,TT,TT,TT,TT,TT,TT,TT,TT,TT,TT,TT,TT,CC,TT,TT,TT,TT,TT,TT,TT,TT,TT,TT,TT,TT,TT,TT,TT,TT,TT,TT,TT,TT,TT,TT,TT,TT,TT,TT,TT,TT,TT,TT,TT,TT,TT,TT,TT,TT,CC,TT,TT,TT,TT,TT,TT,TT,TT,TT,TT,TT,TT,TT,TT,TT,TT,TT,TT,CC,TT,TT,CC,CC,CC,TT,CC,TT,TT,TT,TT,TT,TT,TT,TT,TT,NN,TT,TT,TT,TT,CC,TT,TT,TT,TT,TT,TT,TT,TT,TT,TT,TT,TT,TT,TT,TT,TT,TT,TT,TT,TT,TT,TT,CC,TT,TT,TT,TT,TT,TT,TT,TT,TT,TT,TT,TT,TT,TT,TT,TT,TT,TT,CC,TT,TT,TT,TT,TT,TT,TT,TT,TT,TT,TT,TT,TT,TT,TT,TT,TT,TT,TT,TT,TT,TT,TT,CC,CC,CC,CC,TT,CC,TT,TT,TT,TT,TT,TT,TT,TT,TT,TT,TT,TT,TT,TT,TT,TT,TT,TT,CC,TT,CC,TT,TT,TT,TT,TT,TT,TT,TT,TT,TT,TT,TT,TT,TT,TT,TT,TT,TT,TT,CC,CC,TT,TT,TT,TT,TT,TT,TT,TT,CC,CC,TT,TT,TT,TT,TT,TT,TT,TT,TT,TT,TT,TT,TT,TT,TT,TT,TT,TT,TT,TT,TT,TT,TT,TT,TT,TT,TT,TT,TT,CC,CC,TT,TT,CC,TT,TT,TT,TT,TT,TT,TT,TT,TT,TT,TT,TT,TT,TT,TT,TT,TT,TT,CC,TT,TT,TT,TT,TT,TT,TT,TT,TT,TT,TT,NN,TT,TT,TT,TT,TT,TT,TT,TT,TT,TT,TT,TT,TT,TT,TT,TT,TT,TT,TT,TT,TT,CC,TT,TT,TT,TT,TT,TT,TT,TT,TT,TT,TT,TT,TT,TT,TT,CC,TT,TT,TT,TT,TT,TT,TT,CC,CC,CC,TT,CC,TT,TT,TT,CC,TT,TT,TT,TT,TT,TT,TT,TT,TT,TT,TT,TT,TT,TT,TT,TT,TT,TT,TT,TT,CC,TT,TT,TT,TT,TT,TT,TT,TT,TT,CC,TT,TT,CC,TT,TT,TT,TT,TT,CC,TT,TT,TT,TT,TT,TT,CC,TT,TT,CC,CC,TT,TT,TT,TT,TT,CC,TT,CC,TT,TT,CC,TT,TT,TT,CC,TT,TT,TT,CC,TT,TT,TT,TT,TT,TT,TT,TT,TT,NN,TT,TT,TT,TT,TT,TT,TT,TT,TT,TT,TT,TT,TT,TT,TT,TT,TT,TT,TT,TT,TT,TT,TT,TT,TT,TT,TT,TT,TT,TT,CC,TT,TT,CC,TT,TT,TT,CC,TT,TT,TT,CC,TT,TT,TT,TT,TT,TT,TT,TT,TT,TT,TT,TT,TT,TT,TT,TT,TT,TT,CC,TT,TT,TT,CC,TT,TT,TT,TT,CC,CC,CC,TT,TT,TT,TT,TT,CC,CC,CC,CC,TT,TT,TT,TT,TT,TT,TT,TT,TT,CC,TT,TT,TT,CC,CC,TT,TT,TT,TT,TT,TT,CC,TT,TT,TT,TT,TT,TT,TT,TT,TT,TT,TT,TT,TT,TT,TT,TT,TT,TT,TT,TT,CC,CC,CC,CC,TT,CC,TT,TT,TT,TT,CC,TT,TT,TT,CC,TT,TT,CC,CC,CC,CC,TT,TT,TT,TT,CC,TT,TT,TT,TT,TT,TT,TT,TT,CC,CC,CC,TT,TT,TT,TT,TT,TT,TT,TT,CC,CC,TT,TT,TT,TT,TT,TT,TT,TT,CC,CC,CC,CC,TT,TT,TT,TT,CC,TT,TT,TT,TT,TT,TT,TT,TT,CC,TT,TT,TT,TT,TT,TT,CC,TT,TT,TT,TT,TT,TT,TT,TT,TT,TT,TT,TT,TT,TT,TT,TT,TT,TT,TT,TT,TT,TT,CC,TT,CC,TT,TT,TT,TT,CC,CC,CC,TT,TT,TT,TT,TT,TT,TT,TT,TT,CC,CC,CC,TT,TT,TT,TT,TT,TT,TT,TT,CC,TT,TT,TT,TT,TT,TT,TT,TT,CC,TT,CC,TT,TT,TT,CC,CC,TT,TT,TT,TT,TT,TT,TT,TT,TT,TT,TT,TT,TT,TT,TT,TT,TT,TT,TT,TT,CC,CC,TT,TT,TT,TT,TT,TT,CC,CC,TT,TT,TT,CC,TT,TT,TT,TT,TT,TT,CC,TT,CC,TT,TT,TT,TT,TT,CC,CC,TT,TT,TT,TT,TT,TT,TT,TT,TT,TT,TT,CC,CC,CC,TT,TT,CC,CC,CC,TT,TT,CC,CC,TT,TT,TT,TT,TT,TT,TT,CC,CC,TT,TT,TT,TT,TT,CC,TT,TT,TT,TT,TT,TT,TT,TT,TT,TT,TT,TT,TT,TT,TT,TT,TT,TT,TT,TT,TT,TT,TT,CC,CC,CC,TT,TT,CC,TT,CC,TT,TT,TT,TT,CC,TT,TT,TT,CC,TT,TT,TT,TT,TT,TT,CC,CC,CC,TT,TT,TT,TT,TT,TT,CC,TT,TT,TT,CC,TT,TT,CC,TT,TT,CC,TT,CC,TT,CC,TT,TT,TT,TT,TT,TT,TT,TT,TT,TT,TT,TT,TT,TT,TT,TT,TT,CC,TT,TT,TT,TT,TT,TT,TT,TT,CC,TT,TT,TT,CC,TT,CC,CC,TT,CC,CC,CC,TT,TT,TT,TT,TT,CC,TT,TT,CC,CC,TT,TT,TT,TT,TT,CC,TT,TT,CC,CC,TT,CC,TT,TT,TT,CC,TT,CC,CC,TT,TT,TT,CC,TT,TT,TT,TT,TT,TT,CC,TT,TT,TT,TT,CC,TT,TT,TT,CC,TT,TT,TT,TT,TT,TT,TT,TT,TT,TT,TT,TT,TT,TT,TT,TT,CC,TT,TT,TT,TT,TT,TT,TT,TT,TT,TT,TT,TT,TT,TT,TT,TT,TT,TT,TT,TT,TT,TT,TT,TT,TT,CC,CC,CC,CC,CC,CC,TT,TT,CC,CC,TT,TT,CC,TT,TT,NN,CC,TT,TT,TT,TT,TT,TT,TT,TT,TT,TT,CC,CC,CC,CC,TT,TT,TT,TT,TT,TT,TT,TT,TT,TT,TT,TT,TT,TT,TT,TT,TT,TT,CC,CC,TT,CC,CC,CC,CC,TT,TT,TT,CC,TT,CC,TT,TT,TT,CC,TT,TT,TT,TT,TT,TT,CC,TT,TT,TT,TT,CC,TT,TT,TT,TT,TT,TT,TT,TT,TT,CC,TT,TT,TT,TT,TT,TT,TT,TT
IWA4513‡,0.33,,AA,AA,AA,AA,AA,AA,AA,AA,GG,GG,GG,GG,GG,AA,AA,AA,AA,AA,GG,AA,AA,AA,AA,AA,AA,AA,AA,AA,AA,AA,AA,AA,AA,NN,AA,AA,AA,AA,AA,AA,AA,AA,AA,AA,AA,AA,AA,GG,AA,AA,AA,AA,AA,AA,AA,AA,AA,AA,AA,AA,AA,AA,AA,AA,AA,AA,AA,AA,AA,AA,AA,AA,GG,AA,AA,AA,AA,GG,GG,GG,GG,GG,AA,AA,AA,AA,AA,AA,AA,AA,AA,AA,AA,AA,AA,AA,AA,AA,AA,AA,AA,AA,AA,AA,AA,AA,AA,GG,AA,AA,AA,AA,GG,AA,AA,AA,AA,AA,AA,AA,AA,AA,AA,AA,AA,AA,AA,AA,AA,AA,AA,AA,AA,AA,AA,AA,AA,AA,AA,AA,AA,AA,AA,AA,AA,AA,AA,AA,AA,GG,AA,AA,AA,GG,AA,AA,GG,AA,AA,AA,AA,AA,NN,AA,AA,AA,AA,AA,AA,AA,AA,AA,AA,AA,GG,GG,AA,GG,GG,GG,GG,AA,GG,AA,AA,AA,AA,AA,AA,AA,AA,AA,NN,AA,AA,AA,AA,GG,AA,AA,AA,AA,AA,AA,AA,AA,AA,AA,AA,AA,AA,AA,AA,AA,AA,AA,AA,AA,AA,AA,GG,AA,AA,AA,AA,AA,GG,AA,AA,AA,AA,AA,AA,AA,AA,AA,AA,AA,AA,GG,AA,AA,AA,AA,AA,AA,AA,AA,GG,AA,AA,AA,AA,AA,AA,AA,AA,AA,AA,GG,AA,AA,AA,GG,GG,GG,NN,GG,NN,AA,AA,AA,AA,AA,AA,AA,AA,AA,GG,AA,AA,AA,AA,AA,AA,AA,AA,GG,GG,GG,AA,GG,AA,AA,AA,AA,AA,AA,AA,AA,AA,AA,AA,AA,AA,AA,AA,AA,GG,GG,GG,AA,AA,AA,AA,AA,AA,AA,AA,AA,GG,AA,AA,AA,AA,AA,AA,AA,AA,GG,GG,AA,AA,AA,AA,AA,AA,GG,GG,AA,AA,AA,AA,AA,AA,AA,AA,GG,GG,AA,GG,GG,AA,AA,GG,AA,AA,AA,AA,AA,AA,AA,AA,AA,AA,AA,AA,AA,AA,AA,AA,AA,AA,AA,AA,AA,AA,AA,AA,AA,AA,AA,AA,AA,AA,NN,GG,AA,AA,AA,AA,AA,AA,AA,GG,AA,AA,AA,AA,AA,AA,AA,AA,AA,GG,AA,AA,AA,AA,AA,AA,AA,AA,AA,AA,GG,AA,AA,AA,AA,AA,AA,AA,GG,AA,AA,GG,AA,AA,AA,AA,GG,GG,GG,AA,GG,GG,GG,AA,GG,AA,AA,AA,AA,AA,AA,AA,AA,AA,AA,AA,AA,AA,AA,AA,AA,AA,GG,GG,AA,GG,AA,AA,AA,AA,AA,AA,AA,GG,GG,GG,GG,GG,AA,AA,AA,AA,GG,AA,GG,AA,AA,AA,AA,AA,AA,GG,AA,AA,GG,GG,GG,AA,AA,AA,AA,GG,GG,GG,AA,AA,GG,AA,AA,AA,GG,GG,AA,GG,GG,AA,AA,AA,AA,AA,AA,AA,AA,AA,NN,AA,GG,AA,AA,AA,AA,AA,AA,AA,AA,AA,AA,AA,AA,GG,GG,GG,GG,AA,AA,AA,AA,AA,AA,AA,AA,AA,AA,AA,AA,GG,AA,AA,AA,AA,AA,AA,GG,AA,AA,GG,GG,GG,AA,AA,AA,AA,AA,AA,AA,AA,AA,AA,AA,AA,AA,AA,AA,AA,AA,GG,AA,AA,AA,GG,AA,AA,GG,GG,GG,GG,GG,AA,AA,AA,AA,AA,AA,GG,GG,GG,AA,AA,AA,AA,AA,GG,GG,GG,AA,GG,AA,GG,AA,GG,AA,AA,AA,AA,GG,AA,AA,GG,AA,AA,AA,AA,AA,AA,AA,AA,AA,AA,AA,AA,AA,AA,AA,GG,AA,AA,AA,GG,GG,GG,GG,GG,GG,GG,GG,AA,AA,AA,AA,AA,GG,AA,GG,AA,AA,AA,AA,GG,GG,AA,AA,AA,AA,AA,AA,AA,AA,AA,AA,AA,AA,GG,GG,GG,GG,GG,AA,AA,AA,AA,AA,AA,AA,GG,GG,GG,AA,AA,NN,AA,AA,AA,AA,AA,AA,AA,AA,GG,AA,AA,GG,GG,AA,AA,AA,AA,AA,AA,AA,GG,GG,GG,GG,GG,GG,GG,GG,GG,AA,AA,GG,AA,GG,AA,AA,AA,AA,AA,AA,GG,AA,AA,GG,AA,AA,AA,GG,AA,AA,AA,GG,AA,GG,AA,AA,AA,AA,GG,GG,GG,AA,AA,AA,AA,AA,GG,GG,GG,GG,GG,AA,GG,GG,AA,AA,NN,AA,AA,AA,GG,GG,AA,AA,AA,AA,AA,AA,GG,GG,GG,GG,GG,AA,AA,AA,AA,AA,GG,AA,AA,GG,AA,AA,AA,AA,AA,AA,AA,AA,GG,AA,AA,AA,GG,AA,AA,AA,AA,GG,GG,GG,GG,GG,GG,GG,GG,AA,GG,GG,AA,GG,AA,GG,AA,AA,AA,AA,GG,GG,AA,GG,AA,AA,AA,NN,AA,AA,AA,AA,AA,AA,AA,AA,AA,AA,AA,AA,AA,GG,GG,GG,GG,GG,GG,GG,GG,NN,GG,GG,GG,AA,GG,GG,GG,AA,AA,GG,GG,GG,GG,AA,AA,AA,GG,GG,AA,AA,GG,GG,GG,AA,AA,GG,AA,GG,AA,AA,AA,GG,AA,AA,AA,AA,AA,AA,AA,AA,AA,AA,AA,AA,GG,GG,GG,GG,GG,GG,AA,GG,AA,GG,GG,GG,GG,GG,GG,GG,GG,AA,AA,AA,AA,GG,GG,GG,AA,AA,AA,AA,AA,GG,AA,AA,AA,GG,GG,GG,GG,GG,GG,GG,AA,GG,GG,GG,GG,GG,AA,AA,AA,AA,AA,AA,AA,AA,AA,AA,AA,AA,AA,AA,AA,AA,GG,GG,AA,AA,AA,AA,AA,AA,AA,AA,AA,GG,GG,AA,GG,GG,GG,GG,GG,GG,AA,GG,GG,AA,AA,AA,AA,GG,GG,GG,AA,GG,AA,GG,GG,GG,AA,GG,GG,GG,GG,GG,AA,GG,AA,GG,AA,GG,GG,GG,GG,GG,GG,GG,AA,GG,AA,GG,GG,GG,AA,AA,AA,AA,GG,GG,AA,AA,GG,AA,AA,AA,AA,AA,GG,GG,GG,GG,GG,GG,GG,GG,AA,GG,GG,GG,GG,GG,GG,GG,GG,GG,GG,AA,AA,AA,AA,AA,AA,AA,AA,AA,AA,AA,AA,AA,AA,GG,GG,GG,GG,GG,GG,GG,GG,GG,GG,AA,AA,GG,GG,AA,AA,GG,AA,AA,NN,GG,AA,AA,AA,AA,AA,AA,AA,GG,GG,GG,GG,GG,GG,GG,GG,GG,GG,AA,AA,AA,GG,AA,AA,GG,AA,AA,GG,GG,GG,GG,GG,GG,GG,GG,GG,GG,GG,GG,AA,GG,AA,AA,GG,AA,GG,GG,GG,GG,GG,AA,GG,GG,GG,AA,AA,GG,GG,AA,AA,AA,GG,GG,GG,GG,AA,AA,AA,GG,AA,AA,GG,AA,AA,AA,AA,AA,AA,GG,GG
IWA3981*,0.90,,AA,AA,AA,AA,AA,AA,AA,AA,AA,AA,AA,AA,AA,AA,AA,AA,AA,AA,AA,AA,AA,AA,AA,AA,AA,AA,AA,AA,AA,AA,AA,AA,AA,AA,AA,AA,AA,AA,AA,AA,AA,AA,AA,AA,AA,AA,AA,AA,AA,AA,AA,AA,AA,AA,AA,AA,AA,AA,AA,AA,AA,AA,AA,AA,AA,AA,AA,AA,AA,AA,AA,AA,AA,AA,AA,AA,AA,AA,AA,AA,AA,AA,AA,AA,AA,AA,AA,AA,AA,AA,AA,AA,AA,AA,AA,AA,AA,AA,AA,AA,AA,AA,AA,AA,AA,AA,AA,AA,AA,AA,AA,AA,AA,AA,AA,AA,AA,AA,AA,AA,AA,AA,AA,AA,AA,AA,GG,AA,GG,AA,AA,AA,AA,AA,AA,AA,AA,AA,AA,AA,AA,AA,AA,AA,AA,AA,AA,AA,AA,AA,AA,AA,AA,AA,AA,AA,AA,AA,AA,AA,AA,AA,AA,AA,AA,AA,AA,AA,AA,AA,AA,AA,AA,AA,AA,AA,AA,AA,AA,AA,AA,AA,AA,AA,AA,AA,AA,AA,AA,AA,AA,AA,AA,AA,AA,AA,AA,AA,AA,AA,AA,AA,AA,AA,AA,AA,AA,AA,AA,AA,AA,AA,AA,AA,AA,AA,AA,GG,AA,AA,AA,AA,AA,GG,AA,AA,AA,AA,AA,AA,AA,AA,AA,AA,AA,AA,AA,AA,AA,AA,AA,GG,AA,AA,GG,AA,AA,AA,AA,AA,AA,AA,AA,AA,AA,AA,AA,AA,AA,AA,AA,AA,AA,AA,AA,AA,AA,AA,AA,AA,AA,AA,AA,AA,AA,AA,AA,AA,AA,AA,AA,AA,AA,AA,AA,AA,AA,AA,AA,AA,AA,AA,AA,GG,GG,GG,AA,AA,AA,AA,AA,GG,AA,AA,AA,AA,AA,AA,AA,AA,AA,AA,AA,GG,AA,AA,AA,AA,AA,AA,AA,AA,AA,AA,AA,AA,AA,AA,AA,AA,AA,AA,GG,AA,AA,AA,AA,AA,AA,AA,GG,AA,AA,AA,AA,AA,AA,AA,AA,AA,AA,AA,AA,AA,AA,GG,AA,GG,AA,AA,GG,AA,AA,AA,AA,AA,AA,AA,AA,AA,AA,AA,AA,AA,AA,AA,AA,AA,AA,AA,AA,AA,AA,AA,AA,AA,AA,AA,AA,GG,AA,AA,AA,AA,AA,AA,AA,AA,AA,AA,AA,AA,AA,AA,AA,GG,AA,AA,AA,AA,AA,AA,AA,AA,AA,AA,AA,AA,GG,GG,AA,AA,AA,AA,AA,AA,AA,AA,AA,AA,AA,AA,AA,AA,AA,AA,AA,AA,AA,AA,AA,AA,AA,AA,AA,AA,AA,AA,AA,AA,GG,GG,AA,AA,AA,AA,AA,AA,AA,GG,AA,AA,AA,AA,AA,AA,AA,AA,AA,AA,AA,AA,AA,AA,AA,AA,AA,AA,AA,AA,AA,AA,AA,AA,AA,AA,AA,AA,AA,AA,AA,AA,GG,AA,AA,AA,AA,AA,AA,AA,GG,AA,AA,AA,AA,AA,AA,AA,AA,AA,AA,AA,AA,AA,AA,AA,AA,AA,AA,AA,GG,AA,AA,AA,GG,AA,AA,AA,AA,AA,AA,AA,AA,AA,AA,AA,AA,AA,AA,AA,AA,AA,AA,AA,AA,GG,GG,AA,AA,AA,AA,AA,GG,AA,GG,AA,AA,AA,AA,AA,AA,AA,AA,GG,GG,GG,GG,GG,GG,GG,GG,GG,GG,GG,GG,GG,AA,AA,AA,AA,AA,AA,AA,AA,AA,AA,AA,AA,AA,AA,AA,AA,AA,AA,AA,AA,AA,AA,GG,AA,AA,AA,AA,AA,AA,AA,AA,AA,AA,AA,AA,AA,AA,AA,AA,AA,AA,GG,AA,AA,AA,GG,AA,AA,AA,AA,AA,AA,GG,AA,AA,AA,AA,AA,AA,AA,AA,AA,AA,AA,AA,AA,AA,AA,AA,AA,AA,AA,AA,AA,AA,GG,GG,AA,AA,AA,AA,AA,AA,AA,AA,AA,AA,AA,AA,AA,AA,AA,AA,AA,AA,AA,AA,AA,AA,AA,AA,AA,AA,AA,AA,GG,GG,GG,AA,AA,AA,AA,AA,GG,AA,AA,AA,AA,AA,AA,AA,AA,AA,AA,AA,AA,AA,GG,GG,AA,AA,GG,AA,AA,AA,AA,AA,AA,AA,AA,AA,AA,AA,AA,AA,AA,AA,AA,AA,AA,AA,AA,AA,AA,AA,AA,AA,AA,AA,AA,AA,AA,AA,AA,AA,AA,AA,AA,AA,AA,AA,AA,AA,GG,AA,GG,AA,AA,AA,AA,AA,AA,AA,AA,AA,AA,AA,AA,AA,AA,GG,AA,AA,AA,AA,AA,AA,AA,AA,AA,GG,GG,GG,AA,AA,AA,AA,AA,AA,AA,AA,AA,AA,AA,AA,AA,AA,AA,AA,AA,AA,GG,GG,GG,AA,AA,AA,AA,AA,AA,AA,GG,AA,GG,GG,AA,AA,AA,AA,AA,AA,AA,AA,AA,AA,AA,AA,AA,AA,AA,AA,AA,AA,AA,AA,GG,AA,AA,AA,AA,AA,AA,GG,AA,AA,AA,AA,AA,AA,GG,AA,AA,AA,AA,AA,AA,AA,AA,AA,AA,AA,AA,AA,AA,AA,AA,AA,AA,AA,AA,AA,AA,AA,GG,AA,AA,AA,AA,AA,GG,AA,AA,AA,AA,AA,AA,AA,AA,AA,AA,AA,AA,AA,AA,AA,AA,AA,AA,AA,GG,AA,AA,AA,AA,AA,AA,AA,AA,AA,AA,AA,AA,AA,AA,AA,AA,AA,AA,AA,AA,AA,AA,AA,AA,AA,AA,AA,AA,GG,GG,AA,AA,AA,AA,AA,AA,AA,AA,GG,AA,AA,GG,NN,AA,AA,AA,AA,AA,AA,AA,AA,AA,AA,AA,AA,AA,GG,AA,GG,GG,GG,GG,AA,AA,GG,AA,GG,AA,AA,AA,AA,AA,AA,AA,GG,AA,AA,AA,AA,AA,AA,AA,AA,AA,AA,AA,AA,AA,AA,AA,AA,AA,AA,AA,AA,AA,AA,AA,AA,AA,GG,AA,AA,AA,GG,AA,AA,AA,AA,AA,AA,AA,AA,AA,AA,AA,AA,AA,AA,AA,AA,AA,AA,AA,AA,AA,AA,AA,AA,AA,AA,AA,GG,AA,GG,GG,AA,AA,AA,GG,AA,AA,GG,GG,AA,AA,AA,AA,AA,AA,AA,AA,AA,AA,AA,AA,AA,AA,AA,AA,AA,AA,AA,AA,AA,GG,GG,GG,GG,GG,GG,AA,AA,NN,GG,AA,AA,AA,GG,AA,AA,AA,AA,AA,AA,AA,AA,AA,AA,AA,AA,AA,AA,AA,AA,AA,AA,AA,AA,GG,AA,GG,GG,AA,GG,GG,AA,AA,AA,AA,AA,AA,AA,AA,AA,AA,AA,AA,AA,GG,AA,AA,AA,AA,AA,GG,AA,AA,AA,AA,AA,AA,AA,AA,AA,AA,AA,AA,AA,AA,AA,AA,GG,AA,GG,AA,AA,AA,GG,AA,AA,AA,AA,AA,AA,AA,AA,GG,GG,AA,GG,AA,AA,AA,GG,AA,GG,AA,AA,AA,AA,AA,AA,AA,NN,AA,AA,AA,AA
IWA3757*,0.24,,TT,GG,GG,GG,GG,TT,GG,GG,TT,TT,TT,TT,TT,GG,GG,GG,GG,TT,TT,TT,GG,GG,GG,TT,GG,GG,GG,GG,GG,GG,GG,GG,TT,TT,GG,GG,GG,GG,GG,GG,GG,TT,GG,GG,TT,TT,GG,TT,GG,TT,GG,GG,GG,TT,GG,GG,GG,GG,GG,TT,GG,GG,GG,GG,GG,GG,GG,GG,GG,GG,GG,TT,TT,TT,GG,TT,GG,TT,GG,GG,GG,GG,GG,TT,TT,GG,GG,GG,TT,GG,GG,GG,GG,GG,GG,GG,GG,GG,GG,GG,GG,GG,GG,GG,GG,GG,GG,TT,GG,GG,GG,GG,GG,GG,GG,TT,TT,TT,TT,GG,TT,GG,GG,GG,GG,GG,GG,GG,GG,GG,GG,TT,TT,TT,GG,GG,GG,GG,GG,GG,GG,GG,GG,TT,GG,TT,GG,TT,TT,TT,GG,GG,GG,GG,GG,GG,TT,TT,GG,TT,TT,GG,GG,GG,GG,GG,GG,GG,GG,GG,GG,GG,GG,GG,GG,GG,GG,TT,GG,TT,GG,GG,GG,TT,GG,GG,GG,GG,GG,GG,GG,TT,GG,GG,TT,TT,GG,GG,GG,TT,GG,GG,GG,GG,GG,GG,GG,GG,GG,GG,TT,GG,TT,GG,GG,GG,GG,GG,GG,GG,GG,GG,GG,GG,GG,GG,TT,TT,GG,GG,GG,GG,GG,GG,GG,GG,GG,GG,GG,TT,GG,GG,TT,GG,GG,GG,GG,GG,TT,GG,GG,GG,GG,GG,GG,GG,GG,GG,GG,GG,GG,GG,GG,TT,GG,GG,GG,TT,GG,GG,TT,TT,TT,GG,GG,GG,GG,GG,GG,GG,GG,GG,GG,GG,GG,GG,TT,GG,TT,TT,GG,TT,TT,GG,GG,TT,GG,GG,GG,GG,GG,GG,TT,GG,GG,GG,TT,GG,GG,GG,GG,GG,GG,GG,TT,TT,GG,GG,GG,TT,GG,GG,TT,GG,GG,GG,GG,GG,GG,TT,TT,GG,GG,GG,GG,GG,GG,GG,TT,GG,GG,TT,GG,GG,GG,GG,GG,TT,TT,GG,GG,GG,GG,GG,GG,GG,GG,TT,GG,TT,GG,GG,GG,GG,GG,GG,GG,GG,GG,GG,GG,GG,GG,GG,GG,GG,GG,GG,GG,GG,GG,GG,GG,GG,GG,GG,GG,GG,TT,GG,GG,GG,GG,GG,GG,GG,GG,GG,GG,GG,GG,GG,GG,GG,TT,TT,GG,GG,GG,GG,TT,GG,GG,TT,GG,GG,GG,GG,GG,GG,GG,TT,TT,GG,GG,GG,GG,GG,GG,GG,GG,GG,TT,TT,GG,GG,GG,GG,GG,GG,TT,GG,GG,TT,GG,GG,GG,GG,GG,TT,GG,GG,GG,GG,GG,GG,GG,GG,GG,GG,GG,TT,GG,TT,GG,GG,GG,GG,GG,GG,TT,TT,TT,GG,GG,GG,GG,GG,GG,GG,TT,GG,GG,GG,GG,GG,GG,GG,GG,TT,GG,TT,GG,TT,GG,GG,GG,GG,GG,GG,GG,GG,GG,GG,GG,GG,GG,GG,GG,TT,GG,GG,GG,GG,GG,GG,GG,GG,GG,GG,GG,GG,TT,GG,GG,GG,GG,GG,GG,GG,GG,TT,GG,GG,TT,TT,TT,TT,GG,GG,GG,GG,GG,GG,GG,GG,GG,GG,TT,GG,GG,GG,GG,GG,GG,GG,GG,GG,GG,GG,GG,GG,TT,GG,GG,GG,GG,GG,GG,GG,GG,GG,GG,GG,GG,GG,GG,GG,GG,GG,GG,TT,GG,GG,GG,GG,GG,GG,GG,GG,GG,GG,GG,TT,GG,GG,GG,GG,TT,TT,TT,GG,GG,GG,GG,GG,TT,TT,TT,GG,GG,TT,TT,GG,GG,GG,TT,GG,GG,GG,GG,GG,GG,GG,GG,GG,GG,GG,GG,GG,GG,GG,GG,GG,GG,GG,GG,GG,GG,GG,GG,TT,GG,TT,GG,GG,GG,GG,GG,TT,TT,GG,GG,GG,GG,GG,GG,GG,TT,GG,GG,GG,GG,NN,GG,GG,GG,GG,GG,GG,GG,GG,GG,TT,TT,GG,TT,TT,TT,TT,TT,GG,GG,GG,GG,GG,GG,GG,GG,GG,TT,GG,GG,GG,GG,GG,TT,GG,GG,GG,GG,GG,TT,GG,GG,TT,GG,GG,GG,GG,GG,GG,GG,TT,TT,GG,TT,GG,TT,TT,GG,GG,GG,GG,TT,TT,TT,TT,TT,TT,TT,TT,TT,TT,TT,TT,TT,TT,TT,TT,TT,GG,TT,TT,TT,GG,GG,GG,GG,GG,GG,GG,GG,TT,GG,GG,GG,GG,GG,GG,GG,TT,TT,TT,GG,GG,TT,TT,GG,GG,GG,GG,GG,GG,GG,GG,GG,GG,GG,GG,GG,GG,GG,GG,GG,TT,TT,TT,TT,TT,GG,GG,TT,TT,TT,TT,TT,GG,GG,GG,GG,GG,GG,GG,TT,GG,GG,GG,GG,GG,GG,GG,GG,TT,GG,GG,GG,GG,TT,GG,TT,GG,GG,TT,GG,GG,GG,TT,GG,GG,GG,GG,GG,GG,GG,GG,GG,GG,GG,GG,GG,GG,TT,GG,GG,GG,GG,GG,GG,GG,GG,GG,GG,GG,GG,GG,GG,GG,GG,TT,TT,GG,TT,GG,GG,GG,TT,TT,TT,GG,GG,GG,GG,TT,TT,GG,GG,GG,TT,GG,GG,GG,GG,GG,GG,GG,GG,TT,GG,GG,GG,GG,TT,GG,GG,GG,GG,GG,GG,TT,GG,GG,TT,GG,GG,GG,TT,TT,GG,GG,GG,TT,TT,GG,TT,TT,TT,GG,GG,GG,TT,GG,GG,GG,TT,GG,GG,GG,TT,GG,GG,GG,GG,GG,GG,GG,GG,GG,TT,TT,GG,TT,GG,TT,TT,TT,TT,GG,TT,GG,TT,TT,GG,GG,GG,GG,GG,GG,GG,TT,GG,GG,GG,GG,GG,GG,TT,GG,GG,TT,GG,GG,GG,GG,GG,GG,GG,GG,GG,TT,GG,TT,TT,GG,TT,TT,TT,TT,TT,GG,GG,TT,GG,GG,GG,TT,TT,GG,TT,GG,GG,TT,TT,TT,GG,GG,TT,GG,TT,GG,TT,TT,GG,GG,TT,TT,GG,TT,GG,GG,GG,GG,TT,GG,GG,GG,TT,GG,GG,TT,GG,GG,GG,GG,GG,GG,GG,GG,GG,GG,GG,GG,GG,GG,GG,TT,TT,TT,GG,TT,GG,TT,TT,GG,TT,TT,TT,TT,TT,NN,GG,GG,GG,GG,GG,GG,GG,GG,GG,GG,GG,GG,GG,GG,GG,NN,GG,TT,GG,GG,GG,GG,GG,TT,GG,GG,GG,GG,GG,GG,GG,TT,GG,GG,TT,GG,GG,GG,GG,GG,GG,GG,TT,GG,TT,TT,GG,GG,TT,TT,GG,GG,TT,TT,TT,GG,GG,GG,GG,GG,GG,GG,TT,GG,GG,GG,GG,GG,TT,GG,GG,GG,GG,GG,GG,TT,GG,NN,GG,GG,GG,GG,GG,GG,GG,GG,GG,TT,GG,GG,GG,TT,TT,GG,GG,GG,GG,GG,GG,GG,GG,GG,GG,GG,GG,GG,TT,GG,TT,GG,GG,GG,GG,GG,TT
IWA3774*,0.20,,GG,GG,GG,GG,AA,GG,GG,AA,AA,AA,AA,AA,AA,GG,GG,GG,GG,GG,AA,GG,GG,GG,GG,GG,GG,GG,GG,GG,GG,GG,GG,GG,GG,AA,GG,GG,GG,GG,GG,GG,GG,GG,GG,GG,GG,GG,GG,AA,GG,GG,GG,GG,GG,GG,GG,GG,GG,GG,GG,GG,GG,GG,GG,GG,GG,GG,GG,GG,GG,GG,GG,GG,GG,GG,GG,GG,GG,AA,GG,AA,AA,AA,GG,GG,GG,AA,GG,GG,GG,AA,AA,AA,GG,GG,GG,GG,GG,GG,GG,GG,GG,GG,GG,GG,GG,GG,GG,AA,GG,GG,GG,GG,GG,AA,GG,GG,GG,GG,GG,GG,GG,GG,GG,GG,GG,GG,GG,AA,GG,AA,GG,GG,GG,GG,GG,GG,GG,GG,GG,AA,GG,GG,GG,GG,AA,GG,GG,GG,GG,AA,GG,GG,GG,GG,GG,GG,GG,GG,GG,GG,GG,GG,GG,GG,GG,GG,GG,GG,GG,GG,GG,GG,GG,GG,GG,GG,GG,AA,GG,AA,GG,GG,AA,GG,GG,GG,GG,GG,GG,GG,GG,GG,GG,GG,GG,GG,GG,GG,GG,GG,GG,GG,GG,GG,GG,GG,GG,GG,GG,GG,GG,GG,GG,GG,GG,GG,GG,AA,GG,AA,AA,GG,GG,GG,GG,GG,AA,GG,GG,GG,GG,GG,GG,GG,GG,GG,GG,GG,GG,GG,GG,GG,GG,GG,GG,GG,GG,GG,AA,GG,GG,GG,GG,GG,GG,GG,GG,GG,GG,GG,GG,GG,GG,AA,GG,AA,GG,AA,GG,GG,AA,GG,GG,GG,GG,GG,GG,GG,GG,AA,GG,GG,GG,GG,GG,GG,GG,GG,AA,AA,GG,AA,GG,GG,GG,GG,GG,GG,GG,GG,GG,GG,GG,GG,AA,AA,GG,AA,GG,AA,GG,AA,GG,GG,GG,GG,AA,GG,GG,GG,AA,GG,GG,GG,GG,GG,GG,GG,GG,AA,AA,GG,GG,GG,GG,GG,GG,AA,AA,GG,GG,GG,GG,GG,GG,GG,AA,AA,AA,GG,AA,AA,GG,GG,GG,GG,GG,GG,GG,GG,GG,GG,GG,GG,GG,GG,GG,GG,GG,GG,GG,GG,GG,GG,GG,GG,GG,GG,GG,GG,GG,GG,GG,GG,GG,GG,GG,GG,GG,GG,GG,GG,GG,GG,GG,GG,GG,GG,GG,GG,GG,GG,GG,GG,GG,GG,GG,GG,GG,GG,GG,GG,GG,GG,AA,GG,GG,GG,GG,GG,GG,GG,GG,GG,GG,GG,GG,AA,GG,GG,GG,AA,AA,GG,GG,GG,AA,GG,GG,GG,AA,GG,GG,AA,GG,GG,GG,GG,GG,GG,GG,GG,GG,GG,GG,GG,GG,GG,GG,GG,GG,GG,GG,AA,GG,GG,GG,GG,GG,AA,AA,AA,AA,GG,GG,GG,GG,GG,GG,AA,GG,GG,GG,GG,AA,GG,GG,GG,AA,AA,AA,AA,GG,AA,GG,GG,GG,AA,GG,GG,GG,GG,GG,GG,GG,AA,AA,AA,GG,GG,GG,GG,GG,GG,GG,GG,GG,GG,GG,GG,GG,GG,GG,GG,GG,GG,GG,GG,GG,GG,GG,GG,GG,GG,AA,AA,AA,AA,GG,GG,GG,GG,GG,GG,GG,GG,GG,GG,GG,GG,AA,GG,GG,GG,GG,GG,GG,GG,GG,GG,GG,GG,AA,GG,GG,GG,GG,GG,GG,GG,GG,GG,GG,GG,GG,GG,GG,GG,GG,GG,GG,GG,GG,GG,GG,GG,GG,AA,AA,GG,GG,GG,GG,GG,GG,GG,GG,GG,GG,GG,AA,GG,GG,GG,GG,GG,GG,GG,AA,GG,GG,GG,GG,GG,AA,GG,GG,GG,GG,AA,GG,GG,GG,GG,GG,GG,GG,GG,GG,GG,GG,GG,GG,GG,GG,GG,GG,GG,GG,GG,GG,GG,GG,AA,GG,GG,GG,GG,GG,AA,GG,GG,GG,GG,GG,GG,GG,AA,GG,GG,GG,GG,GG,AA,GG,GG,GG,GG,GG,GG,GG,GG,GG,GG,AA,GG,GG,GG,AA,GG,AA,GG,GG,GG,GG,GG,GG,GG,AA,GG,GG,AA,GG,GG,GG,GG,GG,GG,GG,GG,GG,GG,GG,GG,GG,GG,GG,GG,GG,GG,GG,GG,GG,GG,GG,GG,GG,GG,GG,AA,GG,GG,AA,GG,AA,GG,AA,GG,AA,AA,AA,AA,AA,AA,AA,AA,AA,GG,AA,AA,AA,AA,AA,AA,AA,AA,GG,GG,GG,GG,GG,GG,GG,GG,AA,GG,GG,GG,GG,GG,GG,AA,AA,AA,GG,GG,GG,AA,GG,GG,GG,GG,GG,GG,GG,GG,GG,GG,GG,GG,GG,GG,GG,GG,GG,GG,AA,AA,AA,AA,GG,GG,AA,AA,AA,AA,GG,GG,GG,GG,GG,GG,GG,AA,GG,GG,GG,GG,GG,GG,GG,GG,GG,GG,GG,GG,GG,GG,GG,GG,AA,GG,AA,AA,AA,GG,GG,AA,GG,GG,GG,GG,GG,GG,GG,GG,GG,GG,GG,GG,GG,GG,AA,GG,GG,GG,GG,GG,GG,GG,GG,GG,GG,NN,GG,GG,GG,GG,GG,AA,AA,AA,AA,GG,GG,GG,AA,AA,AA,GG,GG,GG,GG,GG,GG,GG,GG,GG,GG,AA,GG,GG,GG,GG,GG,AA,GG,AA,GG,AA,GG,GG,GG,GG,GG,GG,GG,GG,GG,GG,GG,GG,GG,GG,GG,GG,AA,GG,GG,AA,GG,GG,AA,GG,AA,GG,GG,GG,GG,AA,AA,GG,AA,GG,GG,GG,GG,AA,AA,GG,GG,GG,GG,GG,GG,GG,GG,GG,GG,AA,AA,GG,AA,GG,AA,AA,GG,GG,GG,GG,AA,AA,GG,GG,GG,GG,GG,GG,GG,GG,GG,GG,GG,GG,GG,GG,GG,GG,GG,AA,GG,GG,GG,GG,GG,GG,GG,GG,GG,GG,AA,GG,AA,GG,AA,AA,AA,AA,AA,GG,GG,GG,GG,GG,GG,GG,AA,GG,GG,GG,GG,GG,AA,AA,GG,GG,AA,AA,AA,AA,GG,GG,AA,GG,AA,GG,AA,GG,GG,GG,GG,AA,GG,GG,GG,AA,AA,GG,GG,GG,GG,GG,GG,GG,GG,GG,NN,GG,GG,GG,GG,GG,GG,GG,GG,AA,AA,AA,GG,AA,AA,AA,AA,GG,AA,AA,AA,AA,AA,GG,AA,GG,GG,GG,GG,GG,GG,GG,GG,GG,GG,GG,GG,GG,GG,NN,GG,GG,GG,GG,AA,GG,GG,AA,AA,AA,AA,AA,GG,GG,GG,GG,GG,GG,GG,GG,GG,GG,GG,AA,GG,GG,GG,GG,GG,AA,AA,GG,AA,AA,GG,GG,AA,AA,AA,GG,GG,GG,GG,GG,GG,GG,AA,GG,GG,GG,GG,GG,AA,AA,GG,AA,AA,AA,AA,AA,GG,GG,GG,GG,GG,GG,GG,GG,AA,GG,GG,AA,AA,GG,AA,AA,AA,GG,GG,GG,GG,GG,AA,GG,GG,GG,GG,GG,AA,GG,AA,GG,AA,GG,GG,GG,AA,GG,AA
IWA4527†,0.61,,AA,AA,AA,AA,GG,GG,AA,GG,GG,GG,GG,GG,GG,AA,AA,AA,AA,GG,GG,AA,AA,AA,AA,GG,AA,AA,AA,AA,AA,AA,AA,AA,GG,GG,AA,GG,GG,AA,AA,AA,GG,AA,AA,AA,GG,GG,AA,GG,AA,GG,GG,GG,AA,AA,AA,GG,GG,GG,GG,GG,AA,AA,AA,AA,AA,AA,AA,AA,AA,AA,AA,GG,GG,AA,AA,GG,GG,GG,GG,GG,GG,GG,AA,GG,GG,GG,AA,AA,GG,GG,GG,GG,GG,GG,AA,AA,AA,AA,AA,GG,AA,GG,AA,AA,AA,AA,AA,GG,GG,GG,GG,GG,GG,GG,AA,GG,GG,GG,GG,GG,GG,AA,AA,AA,AA,AA,AA,GG,GG,GG,AA,GG,GG,GG,AA,AA,AA,AA,AA,AA,AA,AA,AA,AA,AA,AA,AA,GG,GG,GG,AA,AA,AA,GG,AA,AA,GG,GG,GG,GG,GG,AA,GG,GG,AA,AA,AA,AA,AA,AA,AA,AA,GG,GG,GG,AA,AA,GG,AA,GG,AA,GG,AA,GG,AA,GG,AA,AA,AA,AA,AA,AA,GG,GG,GG,GG,GG,GG,AA,GG,AA,AA,AA,AA,AA,AA,AA,GG,AA,GG,AA,AA,AA,AA,GG,GG,GG,GG,GG,GG,GG,AA,AA,GG,GG,AA,GG,GG,GG,AA,AA,GG,AA,GG,AA,AA,AA,AA,AA,GG,AA,AA,AA,GG,GG,GG,AA,AA,AA,GG,GG,GG,GG,GG,GG,GG,GG,AA,GG,GG,AA,AA,GG,GG,GG,GG,GG,GG,GG,GG,GG,AA,GG,AA,AA,AA,GG,AA,GG,GG,AA,AA,AA,AA,AA,GG,GG,GG,GG,GG,GG,GG,GG,GG,GG,GG,GG,GG,GG,GG,GG,AA,GG,AA,GG,GG,GG,GG,GG,GG,GG,GG,AA,GG,GG,GG,GG,AA,AA,AA,GG,AA,GG,AA,GG,AA,AA,AA,AA,GG,GG,GG,GG,AA,GG,AA,AA,GG,GG,GG,GG,AA,AA,AA,GG,AA,GG,GG,GG,AA,GG,GG,GG,AA,AA,AA,AA,AA,GG,GG,AA,AA,AA,AA,AA,GG,AA,GG,AA,GG,AA,GG,AA,GG,AA,AA,AA,GG,AA,AA,AA,GG,GG,AA,GG,GG,GG,GG,GG,GG,GG,GG,GG,AA,GG,AA,AA,AA,AA,AA,AA,AA,GG,GG,GG,AA,AA,GG,AA,AA,AA,AA,AA,AA,GG,AA,AA,GG,GG,GG,GG,AA,GG,GG,GG,GG,AA,AA,AA,GG,AA,GG,AA,GG,AA,GG,GG,GG,AA,GG,GG,GG,GG,AA,AA,AA,GG,AA,GG,AA,AA,AA,AA,GG,GG,AA,AA,GG,GG,AA,GG,GG,GG,AA,GG,GG,AA,GG,GG,GG,AA,GG,GG,AA,GG,AA,GG,AA,AA,GG,GG,AA,AA,AA,GG,AA,GG,GG,GG,GG,GG,GG,AA,GG,GG,AA,GG,GG,AA,AA,AA,AA,AA,GG,AA,GG,GG,GG,GG,GG,GG,AA,GG,AA,GG,GG,GG,AA,GG,GG,GG,GG,GG,GG,GG,GG,AA,AA,AA,AA,AA,AA,AA,AA,GG,GG,GG,GG,AA,GG,GG,AA,AA,AA,AA,GG,GG,AA,GG,GG,GG,AA,AA,GG,GG,GG,AA,GG,AA,AA,GG,GG,GG,AA,AA,AA,AA,AA,AA,AA,AA,GG,AA,AA,AA,AA,AA,AA,GG,AA,AA,GG,AA,GG,AA,AA,AA,GG,GG,AA,GG,GG,AA,AA,AA,AA,GG,GG,AA,AA,AA,AA,AA,AA,AA,GG,GG,AA,GG,GG,GG,AA,GG,GG,GG,GG,GG,AA,AA,AA,GG,GG,GG,AA,AA,GG,GG,GG,AA,GG,AA,GG,AA,AA,GG,AA,GG,AA,GG,AA,AA,AA,GG,GG,GG,GG,GG,GG,GG,GG,GG,GG,GG,GG,GG,GG,AA,GG,GG,GG,GG,GG,AA,GG,GG,GG,AA,AA,GG,AA,AA,AA,AA,AA,GG,AA,GG,GG,GG,GG,GG,AA,AA,AA,AA,GG,GG,AA,GG,GG,AA,AA,AA,AA,AA,AA,GG,GG,AA,AA,AA,AA,GG,GG,AA,GG,GG,AA,AA,AA,GG,AA,GG,AA,GG,GG,GG,GG,GG,GG,GG,GG,GG,GG,GG,AA,GG,GG,GG,GG,GG,GG,GG,GG,GG,GG,GG,GG,GG,GG,GG,GG,GG,GG,GG,GG,AA,AA,GG,AA,AA,AA,GG,GG,GG,AA,GG,GG,GG,AA,GG,GG,GG,GG,GG,GG,GG,GG,AA,GG,GG,GG,AA,GG,GG,AA,AA,GG,AA,AA,AA,GG,GG,GG,GG,GG,GG,GG,GG,GG,GG,GG,GG,GG,GG,GG,AA,AA,GG,AA,AA,AA,GG,AA,GG,AA,GG,AA,GG,AA,AA,AA,AA,GG,GG,GG,GG,GG,GG,GG,GG,GG,GG,GG,GG,GG,AA,GG,GG,AA,GG,GG,AA,AA,GG,GG,GG,AA,AA,GG,GG,GG,GG,AA,AA,GG,AA,AA,AA,AA,AA,GG,GG,GG,GG,GG,GG,GG,GG,GG,GG,GG,GG,GG,GG,AA,GG,GG,GG,AA,AA,GG,AA,GG,AA,AA,GG,AA,GG,GG,AA,AA,GG,GG,GG,AA,AA,GG,AA,GG,AA,AA,AA,GG,AA,GG,AA,GG,GG,GG,GG,GG,AA,GG,GG,GG,GG,GG,AA,GG,GG,GG,GG,GG,GG,GG,GG,GG,GG,GG,GG,GG,GG,AA,AA,AA,AA,GG,GG,GG,AA,GG,AA,AA,GG,GG,AA,AA,GG,GG,GG,GG,GG,GG,GG,GG,GG,GG,GG,GG,GG,GG,AA,AA,AA,AA,GG,AA,GG,AA,AA,AA,AA,GG,GG,GG,GG,GG,GG,GG,AA,GG,GG,GG,GG,GG,GG,AA,AA,GG,GG,GG,GG,GG,GG,GG,GG,GG,GG,GG,GG,GG,GG,GG,AA,GG,GG,GG,GG,GG,GG,GG,GG,GG,AA,GG,GG,GG,GG,GG,GG,GG,GG,GG,GG,GG,GG,GG,GG,GG,GG,GG,GG,GG,GG,GG,GG,GG,GG,GG,GG,AA,AA,GG,AA,GG,GG,GG,AA,GG,GG,GG,GG,GG,GG,GG,GG,GG,GG,GG,GG,GG,GG,AA,GG,GG,GG,GG,GG,GG,GG,AA,GG,AA,AA,AA,AA,AA,AA,AA,GG,AA,GG,GG,AA,GG,GG,GG,GG,GG,GG,GG,AA,GG,GG,GG,GG,GG,AA,GG,AA,GG,AA,AA,GG,GG,AA,AA,GG,GG,GG,GG,GG,GG,GG,GG,GG,GG,GG,GG,GG,GG,GG,GG,GG,GG,AA,GG,GG,GG,GG,AA,GG,GG,GG,GG,GG,GG,GG,GG,GG,GG,GG,GG,GG,GG,AA,GG,GG,AA,GG,AA,AA,AA,GG,GG,GG,GG,GG,GG,GG,GG,GG,AA,AA,AA,GG,GG,GG,GG,GG,AA,GG,GG,GG,AA,GG,GG,GG,GG,GG,GG,GG,GG,GG
IWA1066*,0.41,,TT,TT,CC,CC,TT,TT,TT,TT,CC,CC,CC,CC,CC,TT,TT,TT,CC,CC,CC,TT,TT,TT,TT,CC,TT,TT,TT,TT,TT,TT,CC,CC,CC,CC,TT,TT,TT,TT,CC,TT,TT,CC,TT,TT,CC,CC,TT,CC,TT,CC,CC,CC,TT,CC,TT,CC,CC,CC,CC,CC,TT,TT,TT,TT,TT,TT,TT,CC,TT,TT,TT,CC,TT,TT,TT,CC,CC,CC,TT,TT,TT,TT,TT,TT,CC,CC,TT,CC,CC,CC,CC,CC,CC,TT,TT,TT,TT,TT,CC,TT,CC,TT,TT,TT,CC,TT,TT,CC,CC,CC,CC,CC,CC,TT,CC,CC,CC,CC,CC,TT,CC,TT,TT,TT,TT,TT,CC,CC,TT,CC,CC,CC,CC,CC,TT,TT,TT,TT,TT,CC,TT,TT,TT,CC,TT,CC,TT,CC,TT,TT,TT,TT,TT,TT,TT,TT,TT,CC,CC,CC,CC,TT,CC,TT,TT,TT,TT,TT,TT,TT,TT,TT,CC,CC,CC,TT,CC,TT,TT,TT,CC,TT,CC,TT,CC,TT,CC,TT,TT,TT,CC,TT,NN,CC,CC,CC,CC,TT,TT,CC,TT,TT,CC,TT,CC,CC,CC,TT,TT,TT,TT,TT,CC,TT,CC,CC,CC,CC,CC,CC,TT,CC,TT,TT,CC,CC,CC,TT,TT,CC,TT,CC,TT,CC,TT,TT,TT,TT,TT,TT,TT,CC,CC,CC,CC,TT,TT,CC,CC,CC,CC,CC,CC,CC,CC,CC,CC,CC,CC,TT,TT,CC,CC,CC,CC,TT,TT,CC,TT,TT,TT,TT,TT,TT,TT,TT,TT,CC,TT,TT,TT,TT,TT,CC,TT,TT,CC,TT,TT,TT,TT,TT,TT,TT,TT,CC,CC,TT,CC,CC,CC,CC,CC,TT,CC,CC,CC,CC,CC,TT,TT,TT,TT,TT,CC,CC,TT,TT,TT,TT,CC,CC,CC,TT,CC,TT,TT,TT,TT,TT,TT,CC,CC,TT,CC,TT,TT,CC,CC,CC,CC,CC,TT,CC,CC,TT,CC,CC,CC,TT,TT,CC,TT,CC,CC,CC,TT,CC,CC,TT,TT,TT,TT,TT,TT,TT,TT,CC,CC,CC,CC,TT,TT,CC,CC,CC,TT,CC,CC,CC,CC,TT,CC,CC,CC,TT,TT,CC,TT,CC,CC,CC,CC,CC,TT,TT,CC,CC,TT,TT,TT,TT,CC,CC,TT,CC,TT,CC,CC,CC,CC,TT,CC,TT,CC,TT,TT,TT,CC,TT,CC,CC,CC,CC,CC,CC,CC,TT,TT,TT,TT,TT,CC,CC,CC,CC,CC,CC,TT,TT,CC,CC,CC,TT,TT,TT,CC,TT,CC,CC,CC,CC,TT,CC,TT,CC,CC,CC,CC,CC,TT,CC,CC,TT,CC,CC,TT,TT,CC,CC,CC,CC,CC,TT,CC,CC,CC,CC,TT,CC,TT,TT,CC,TT,CC,CC,CC,CC,CC,TT,TT,CC,CC,CC,CC,TT,CC,CC,CC,CC,CC,CC,TT,CC,TT,CC,CC,TT,CC,CC,TT,TT,CC,CC,CC,TT,TT,CC,CC,NN,CC,TT,CC,CC,CC,CC,CC,TT,TT,TT,CC,CC,TT,TT,TT,TT,TT,TT,CC,CC,CC,CC,CC,CC,CC,TT,CC,CC,CC,TT,CC,CC,CC,CC,CC,TT,CC,CC,TT,TT,TT,TT,TT,CC,CC,CC,CC,CC,CC,CC,CC,CC,CC,CC,CC,CC,TT,TT,CC,CC,CC,CC,TT,CC,TT,TT,CC,CC,CC,TT,CC,CC,CC,CC,CC,TT,TT,CC,CC,CC,CC,CC,CC,CC,TT,TT,TT,CC,TT,TT,CC,CC,CC,TT,CC,CC,CC,CC,CC,CC,CC,CC,CC,TT,TT,CC,CC,CC,CC,TT,CC,CC,TT,CC,CC,TT,CC,CC,TT,CC,TT,TT,CC,CC,CC,TT,TT,TT,TT,TT,CC,CC,CC,CC,CC,CC,CC,TT,CC,CC,CC,CC,CC,CC,CC,CC,TT,TT,CC,CC,TT,TT,CC,TT,CC,TT,CC,TT,TT,CC,CC,CC,CC,CC,CC,CC,TT,CC,CC,TT,TT,TT,CC,CC,TT,CC,CC,CC,CC,CC,CC,CC,CC,CC,TT,CC,CC,CC,CC,TT,CC,CC,TT,CC,NN,TT,TT,TT,TT,TT,TT,TT,CC,TT,TT,NN,TT,TT,TT,TT,TT,TT,TT,TT,CC,TT,TT,TT,TT,TT,TT,TT,TT,TT,TT,TT,TT,CC,CC,CC,CC,CC,CC,CC,CC,CC,CC,TT,TT,TT,CC,CC,CC,CC,CC,CC,CC,TT,CC,CC,CC,CC,TT,CC,TT,CC,CC,CC,TT,CC,CC,CC,CC,CC,TT,TT,TT,TT,TT,TT,TT,TT,TT,TT,TT,CC,CC,CC,CC,CC,CC,CC,TT,CC,TT,CC,CC,CC,TT,CC,CC,CC,CC,CC,CC,CC,TT,TT,TT,TT,TT,TT,TT,CC,CC,CC,TT,CC,CC,CC,CC,CC,CC,TT,CC,CC,CC,CC,TT,NN,CC,CC,TT,CC,CC,CC,TT,TT,TT,CC,TT,TT,TT,CC,TT,CC,TT,CC,CC,TT,TT,CC,TT,TT,CC,TT,CC,CC,CC,CC,TT,CC,TT,CC,CC,CC,CC,CC,CC,TT,TT,TT,CC,CC,CC,CC,CC,CC,CC,CC,TT,CC,CC,CC,CC,CC,TT,TT,CC,TT,TT,TT,TT,CC,CC,CC,CC,TT,CC,CC,TT,CC,CC,TT,TT,TT,TT,TT,CC,CC,TT,TT,TT,TT,CC,CC,CC,TT,TT,CC,CC,NN,CC,CC,CC,CC,CC,CC,NN,CC,CC,TT,CC,CC,TT,TT,CC,TT,CC,TT,CC,CC,CC,CC,CC,CC,CC,CC,CC,CC,TT,CC,CC,CC,CC,CC,CC,CC,CC,CC,CC,CC,CC,CC,CC,TT,TT,TT,TT,CC,CC,TT,TT,CC,TT,TT,TT,TT,CC,TT,CC,TT,CC,TT,CC,TT,CC,CC,CC,CC,CC,TT,CC,TT,CC,TT,TT,TT,CC,CC,TT,TT,TT,CC,CC,TT,CC,TT,CC,CC,CC,TT,TT,TT,CC,CC,CC,CC,CC,CC,CC,CC,TT,CC,TT,CC,NN,CC,TT,CC,CC,CC,TT,CC,CC,CC,CC,CC,CC,CC,TT,CC,CC,CC,CC,CC,CC,CC,CC,CC,TT,CC,CC,CC,CC,CC,CC,CC,CC,CC,CC,CC,CC,CC,CC,CC,TT,CC,CC,CC,CC,CC,CC,TT,TT,CC,TT,TT,CC,CC,CC,CC,CC,CC,CC,CC,CC,CC,CC,CC,CC,CC,CC,CC,NN,CC,CC,TT,TT,TT,TT,CC,CC,CC,CC,CC,CC,CC,CC,CC,CC,CC,CC,CC,CC,CC,CC,CC,TT,TT,CC,CC,CC,TT,TT,TT,CC,CC,CC,TT,CC,CC,CC,CC,CC,CC,TT,TT,TT,CC,CC,TT,CC,TT,CC,CC,CC,CC,CC,CC,CC,TT,NN,TT,CC,CC,TT,CC,CC,CC,CC,TT,CC,TT,CC
IWA6697*,0.93,,AA,AA,AA,AA,AA,AA,AA,AA,AA,AA,AA,AA,AA,AA,AA,AA,AA,AA,AA,AA,AA,AA,AA,AA,AA,AA,AA,AA,AA,AA,AA,AA,AA,AA,AA,AA,AA,AA,AA,AA,AA,AA,AA,AA,AA,AA,AA,AA,AA,AA,AA,AA,AA,AA,AA,AA,AA,AA,AA,NN,AA,AA,AA,AA,AA,AA,AA,AA,AA,AA,AA,AA,AA,AA,AA,AA,AA,AA,AA,AA,AA,AA,AA,AA,AA,AA,NN,AA,AA,AA,AA,AA,AA,AA,AA,AA,AA,AA,AA,AA,AA,AA,NN,AA,AA,AA,AA,AA,AA,NN,AA,AA,AA,AA,AA,AA,AA,AA,AA,AA,AA,AA,AA,AA,AA,AA,NN,AA,AA,AA,GG,AA,AA,AA,AA,AA,AA,AA,AA,AA,AA,AA,AA,AA,AA,AA,AA,AA,AA,AA,AA,AA,AA,GG,AA,AA,AA,AA,AA,AA,AA,AA,AA,AA,AA,AA,AA,AA,AA,AA,AA,AA,AA,AA,AA,AA,AA,AA,AA,AA,AA,AA,AA,AA,AA,AA,AA,AA,AA,AA,AA,AA,AA,AA,AA,AA,AA,AA,AA,GG,AA,AA,AA,AA,AA,AA,AA,AA,GG,AA,AA,AA,AA,AA,AA,AA,AA,AA,AA,AA,AA,AA,AA,NN,AA,AA,AA,AA,AA,AA,AA,AA,AA,AA,AA,AA,AA,AA,AA,AA,AA,GG,AA,AA,AA,AA,AA,GG,AA,AA,AA,AA,AA,AA,AA,AA,AA,AA,AA,AA,AA,AA,NN,AA,AA,AA,AA,AA,AA,AA,AA,AA,AA,AA,AA,AA,AA,AA,AA,AA,AA,AA,AA,AA,AA,AA,AA,AA,AA,AA,AA,AA,GG,AA,AA,AA,AA,AA,AA,AA,AA,AA,NN,AA,AA,AA,AA,AA,AA,AA,AA,AA,AA,AA,AA,AA,AA,AA,AA,AA,AA,AA,AA,AA,GG,AA,AA,AA,AA,AA,AA,AA,AA,AA,AA,AA,AA,AA,AA,AA,AA,GG,AA,AA,AA,AA,AA,AA,AA,AA,AA,AA,AA,AA,AA,AA,AA,AA,AA,AA,AA,AA,AA,AA,AA,AA,AA,AA,AA,AA,GG,AA,AA,AA,GG,GG,AA,AA,AA,AA,AA,AA,AA,AA,GG,AA,AA,AA,AA,AA,AA,AA,AA,AA,AA,AA,AA,GG,AA,AA,AA,AA,AA,AA,AA,GG,AA,AA,AA,AA,AA,AA,AA,AA,AA,AA,AA,GG,AA,AA,AA,AA,NN,AA,AA,AA,AA,AA,AA,AA,AA,AA,AA,AA,AA,AA,AA,GG,AA,AA,AA,AA,AA,AA,AA,AA,AA,AA,AA,AA,AA,AA,AA,AA,NN,AA,AA,AA,AA,AA,AA,AA,AA,AA,AA,AA,AA,AA,AA,AA,NN,AA,AA,AA,AA,AA,AA,AA,AA,AA,AA,AA,AA,AA,AA,AA,AA,AA,AA,AA,AA,AA,AA,AA,AA,NN,AA,AA,AA,AA,AA,AA,AA,AA,AA,AA,AA,NN,AA,AA,GG,AA,AA,AA,AA,AA,AA,AA,AA,AA,AA,AA,AA,AA,AA,AA,GG,AA,AA,AA,NN,AA,AA,AA,AA,AA,AA,AA,AA,AA,AA,AA,AA,AA,AA,AA,AA,AA,AA,AA,NN,GG,AA,AA,NN,AA,AA,AA,AA,NN,AA,AA,AA,AA,AA,AA,AA,AA,AA,AA,AA,AA,AA,AA,AA,AA,GG,AA,GG,AA,AA,AA,AA,AA,NN,GG,AA,AA,AA,AA,AA,AA,AA,AA,AA,NN,AA,GG,AA,AA,AA,AA,AA,AA,AA,AA,AA,AA,AA,AA,AA,AA,AA,AA,AA,AA,GG,AA,AA,AA,AA,AA,AA,AA,AA,AA,AA,AA,AA,AA,AA,AA,AA,AA,AA,AA,AA,AA,AA,AA,AA,AA,AA,AA,AA,AA,AA,AA,AA,AA,AA,AA,AA,AA,AA,AA,AA,AA,AA,AA,AA,AA,AA,AA,AA,AA,NN,NN,AA,AA,AA,AA,AA,AA,AA,GG,AA,AA,AA,AA,AA,AA,AA,AA,AA,AA,GG,AA,AA,AA,AA,AA,AA,AA,AA,AA,AA,NN,AA,AA,AA,AA,AA,AA,AA,AA,AA,AA,GG,AA,NN,AA,AA,AA,AA,AA,AA,AA,AA,AA,AA,AA,AA,AA,AA,AA,AA,AA,AA,AA,AA,AA,AA,AA,AA,AA,AA,AA,AA,AA,AA,AA,AA,AA,AA,AA,AA,NN,GG,AA,AA,AA,AA,AA,AA,AA,AA,AA,AA,AA,AA,AA,AA,AA,GG,AA,GG,AA,AA,AA,AA,AA,GG,AA,AA,AA,AA,AA,AA,AA,AA,AA,AA,AA,AA,AA,AA,AA,AA,AA,AA,AA,AA,NN,NN,AA,AA,AA,AA,AA,GG,AA,AA,AA,AA,AA,AA,AA,AA,AA,AA,AA,AA,AA,AA,AA,AA,AA,AA,AA,AA,AA,AA,AA,AA,AA,AA,AA,AA,AA,AA,AA,AA,AA,AA,AA,AA,AA,GG,GG,GG,GG,AA,AA,AA,AA,GG,AA,AA,AA,AA,AA,GG,AA,AA,AA,AA,AA,AA,AA,AA,AA,AA,NN,AA,AA,AA,AA,AA,AA,AA,AA,AA,GG,AA,AA,AA,AA,AA,AA,GG,GG,AA,AA,AA,AA,AA,AA,AA,AA,GG,AA,AA,AA,AA,AA,GG,NN,GG,AA,AA,AA,AA,AA,AA,AA,AA,AA,AA,GG,AA,AA,AA,AA,NN,AA,AA,AA,AA,NN,AA,AA,AA,GG,AA,AA,AA,AA,AA,AA,GG,AA,AA,GG,AA,AA,AA,AA,AA,AA,AA,AA,NN,AA,AA,AA,AA,AA,AA,AA,AA,AA,AA,AA,AA,AA,AA,AA,AA,AA,AA,AA,AA,AA,AA,AA,AA,AA,AA,AA,AA,AA,AA,AA,AA,AA,AA,GG,AA,AA,AA,AA,AA,AA,AA,AA,AA,AA,AA,AA,AA,AA,GG,GG,AA,AA,AA,AA,NN,AA,AA,AA,AA,AA,AA,AA,AA,AA,AA,AA,AA,AA,AA,AA,AA,AA,AA,AA,NN,AA,AA,AA,AA,NN,NN,AA,AA,AA,AA,AA,NN,AA,AA,AA,AA,NN,AA,AA,AA,GG,AA,AA,AA,AA,AA,AA,AA,AA,AA,AA,AA,AA,AA,AA,AA,AA,AA,AA,AA,AA,NN,AA,AA,AA,AA,AA,NN,NN,AA,AA,AA,AA,GG,AA,AA,AA,AA,AA,AA,NN,AA,AA,AA,AA,AA,AA,AA,AA,AA,AA,AA,GG,AA,AA,AA,AA,AA,AA,AA,AA,GG,GG,AA,AA,NN,AA,AA,AA,AA,AA,GG,AA,AA,AA,AA,AA,AA,AA,AA,AA,GG,AA,AA,AA,AA,AA,AA,AA,AA,AA,AA,AA,AA,AA,AA,AA,GG,AA,AA,AA,AA,AA,AA,AA,AA,AA,AA,AA,NN,AA,NN,AA,GG,AA,AA,AA,AA,AA,AA,AA,AA,AA,NN,AA,AA,AA,AA,AA,AA,AA,NN,AA,NN,AA,AA
IWA4651*,0.23,,TT,TT,TT,TT,TT,CC,TT,TT,CC,CC,CC,CC,CC,TT,TT,TT,CC,CC,CC,CC,TT,TT,TT,CC,TT,TT,TT,TT,TT,TT,TT,TT,CC,CC,TT,TT,TT,TT,CC,TT,TT,TT,TT,TT,CC,CC,TT,CC,TT,CC,TT,TT,TT,TT,TT,CC,CC,CC,CC,CC,TT,TT,TT,TT,TT,TT,TT,TT,TT,TT,TT,CC,CC,CC,TT,CC,CC,CC,CC,CC,CC,CC,TT,CC,CC,CC,TT,TT,CC,CC,CC,CC,CC,TT,TT,TT,CC,TT,TT,TT,TT,TT,TT,TT,TT,CC,TT,CC,CC,CC,CC,CC,CC,TT,TT,CC,CC,CC,CC,CC,TT,TT,TT,TT,TT,TT,TT,CC,CC,CC,CC,CC,CC,CC,TT,TT,TT,TT,TT,CC,TT,TT,TT,CC,TT,TT,CC,CC,CC,CC,TT,TT,TT,CC,TT,TT,TT,CC,CC,CC,CC,TT,CC,TT,TT,TT,TT,TT,TT,TT,TT,TT,CC,CC,CC,TT,TT,CC,CC,CC,CC,TT,CC,CC,CC,CC,CC,CC,TT,TT,TT,TT,TT,CC,CC,CC,CC,TT,TT,TT,TT,TT,TT,CC,CC,CC,CC,CC,CC,TT,TT,CC,CC,CC,CC,CC,CC,TT,CC,CC,CC,CC,CC,CC,CC,CC,CC,CC,CC,CC,TT,TT,TT,TT,TT,TT,TT,TT,TT,CC,CC,CC,CC,CC,CC,CC,TT,CC,CC,TT,CC,CC,CC,CC,CC,CC,CC,CC,CC,CC,TT,TT,CC,CC,CC,CC,CC,CC,CC,TT,CC,CC,CC,TT,CC,TT,CC,TT,CC,TT,CC,TT,TT,CC,TT,TT,CC,CC,CC,CC,CC,CC,CC,CC,CC,CC,TT,TT,CC,CC,CC,CC,CC,CC,CC,CC,CC,CC,CC,CC,CC,TT,CC,CC,CC,CC,CC,CC,TT,TT,TT,CC,CC,CC,CC,TT,CC,TT,TT,CC,CC,CC,CC,CC,CC,TT,CC,CC,CC,CC,CC,CC,CC,CC,CC,TT,CC,CC,CC,TT,CC,CC,TT,CC,TT,CC,TT,CC,CC,CC,CC,TT,TT,TT,CC,TT,TT,CC,CC,CC,CC,CC,CC,CC,TT,CC,TT,TT,CC,CC,CC,CC,CC,CC,CC,CC,CC,CC,CC,CC,CC,CC,CC,CC,CC,TT,CC,CC,TT,TT,TT,TT,CC,CC,CC,CC,CC,CC,CC,CC,CC,TT,CC,TT,TT,CC,TT,CC,TT,CC,CC,TT,CC,CC,CC,CC,CC,TT,TT,TT,CC,TT,CC,CC,CC,CC,CC,CC,TT,CC,CC,TT,CC,TT,TT,TT,TT,CC,CC,CC,CC,CC,TT,CC,CC,CC,TT,CC,CC,CC,TT,TT,CC,TT,CC,CC,CC,TT,CC,CC,CC,CC,CC,TT,CC,CC,CC,CC,TT,CC,TT,TT,TT,CC,CC,TT,CC,CC,CC,CC,CC,CC,CC,CC,CC,CC,CC,CC,CC,CC,CC,CC,CC,CC,TT,CC,CC,CC,CC,CC,CC,TT,CC,CC,CC,CC,CC,CC,CC,CC,CC,CC,TT,CC,CC,CC,CC,CC,TT,TT,TT,TT,TT,TT,CC,CC,CC,CC,CC,CC,CC,TT,CC,CC,CC,CC,CC,CC,CC,TT,CC,CC,CC,CC,CC,CC,CC,CC,TT,TT,CC,CC,CC,CC,CC,CC,CC,CC,CC,CC,CC,CC,CC,CC,CC,CC,CC,TT,CC,TT,CC,CC,CC,CC,TT,TT,CC,CC,CC,CC,CC,CC,CC,CC,CC,CC,CC,TT,CC,CC,CC,CC,CC,CC,TT,TT,CC,CC,CC,TT,CC,CC,CC,CC,CC,CC,CC,CC,CC,CC,CC,CC,CC,CC,TT,CC,CC,CC,CC,TT,CC,CC,CC,CC,CC,CC,TT,CC,CC,CC,CC,TT,CC,CC,CC,CC,CC,CC,CC,CC,CC,CC,CC,CC,CC,CC,CC,CC,CC,CC,CC,CC,CC,CC,CC,CC,CC,CC,CC,TT,TT,TT,TT,TT,TT,CC,CC,CC,CC,TT,CC,CC,CC,CC,CC,CC,CC,CC,CC,CC,CC,TT,TT,TT,TT,CC,CC,CC,CC,CC,CC,CC,CC,CC,CC,CC,CC,CC,CC,CC,CC,CC,CC,CC,CC,CC,CC,CC,CC,CC,CC,CC,CC,CC,CC,CC,CC,CC,CC,CC,CC,CC,CC,CC,CC,CC,CC,CC,CC,CC,CC,CC,CC,CC,CC,CC,TT,TT,CC,CC,CC,CC,TT,CC,CC,CC,CC,CC,CC,TT,CC,CC,CC,CC,CC,CC,CC,CC,CC,CC,CC,CC,CC,CC,CC,CC,CC,CC,TT,CC,CC,TT,CC,CC,CC,CC,CC,CC,CC,CC,CC,CC,CC,CC,CC,CC,CC,CC,CC,CC,CC,CC,CC,CC,CC,CC,CC,CC,CC,CC,CC,CC,CC,CC,CC,CC,CC,CC,CC,CC,CC,CC,CC,CC,CC,TT,TT,CC,CC,CC,TT,CC,CC,CC,CC,CC,CC,CC,CC,CC,CC,CC,CC,CC,CC,CC,CC,CC,CC,TT,CC,CC,CC,CC,CC,CC,CC,CC,TT,CC,CC,CC,CC,CC,CC,TT,CC,CC,CC,CC,TT,CC,CC,CC,CC,TT,CC,CC,CC,CC,CC,CC,CC,CC,CC,CC,TT,CC,CC,CC,CC,CC,TT,CC,CC,CC,CC,CC,CC,TT,CC,CC,CC,CC,CC,CC,CC,CC,CC,CC,CC,CC,CC,CC,CC,CC,CC,CC,CC,CC,CC,CC,CC,CC,TT,CC,CC,CC,CC,CC,TT,CC,CC,CC,CC,CC,CC,TT,NN,CC,CC,CC,CC,CC,CC,CC,CC,CC,CC,CC,CC,CC,CC,CC,CC,CC,CC,CC,TT,CC,CC,CC,CC,CC,CC,TT,CC,CC,CC,CC,TT,CC,CC,CC,CC,CC,CC,CC,TT,CC,CC,CC,CC,CC,CC,CC,CC,CC,CC,CC,CC,CC,CC,CC,CC,CC,CC,CC,CC,CC,CC,CC,CC,CC,CC,CC,CC,CC,CC,CC,CC,CC,CC,CC,CC,CC,CC,CC,CC,CC,CC,CC,CC,CC,CC,CC,CC,CC,CC,CC,CC,CC,CC,CC,CC,CC,CC,CC,CC,CC,TT,TT,CC,CC,CC,CC,CC,CC,CC,CC,CC,CC,CC,CC,CC,CC,CC,CC,CC,CC,CC,CC,CC,CC,CC,CC,CC,CC,TT,CC,CC,CC,CC,CC,TT,CC,CC,CC,CC,CC,CC,CC,CC,CC,CC,CC,CC,CC,CC,CC,CC,CC,TT,TT,CC,CC,CC,CC,CC,CC,CC,CC,CC,CC,CC,CC,CC,CC,TT,CC,CC,CC,CC,CC,CC,CC,CC,CC,CC,CC,CC,CC,CC,CC,CC,CC,CC,CC,TT,CC,CC,CC,CC,TT,CC,CC,CC,TT,CC,CC,CC,CC,CC,CC,CC,CC,CC,CC,CC,CC,CC,CC,CC,TT,TT,TT,CC,CC,CC,CC,CC,CC,CC,CC,CC,CC,CC,CC,CC,CC,CC,CC,CC,CC,CC
IWA3422*,0.74,,CC,CC,CC,CC,TT,CC,CC,TT,CC,CC,CC,CC,CC,CC,CC,CC,CC,CC,CC,CC,CC,CC,CC,CC,CC,CC,CC,CC,CC,CC,CC,CC,CC,CC,CC,TT,CC,CC,CC,TT,CC,CC,TT,TT,CC,CC,CC,CC,TT,CC,CC,CC,CC,TT,CC,CC,CC,CC,CC,CC,CC,CC,CC,CC,CC,CC,CC,CC,CC,CC,CC,CC,CC,CC,CC,TT,TT,CC,CC,CC,CC,CC,CC,CC,TT,CC,TT,CC,CC,CC,CC,CC,CC,CC,CC,CC,CC,CC,CC,CC,CC,CC,CC,CC,CC,CC,CC,CC,CC,CC,CC,CC,CC,TT,CC,CC,CC,CC,CC,CC,CC,CC,CC,CC,CC,TT,CC,CC,CC,CC,TT,TT,TT,TT,CC,CC,CC,CC,CC,CC,TT,CC,CC,CC,TT,TT,CC,CC,CC,CC,CC,CC,CC,TT,CC,TT,CC,TT,CC,CC,CC,CC,TT,CC,CC,CC,CC,CC,CC,CC,CC,TT,TT,CC,CC,CC,CC,CC,TT,CC,CC,TT,CC,CC,CC,TT,CC,CC,CC,CC,CC,CC,TT,CC,TT,TT,TT,CC,CC,CC,TT,CC,CC,CC,TT,TT,CC,CC,CC,CC,TT,CC,TT,CC,CC,TT,TT,CC,TT,CC,CC,CC,CC,CC,TT,CC,CC,CC,CC,CC,CC,CC,CC,CC,CC,TT,TT,TT,TT,CC,CC,TT,TT,CC,TT,CC,TT,CC,CC,CC,CC,TT,TT,TT,TT,TT,TT,CC,CC,CC,CC,TT,CC,CC,CC,CC,CC,TT,CC,TT,CC,CC,CC,CC,CC,CC,CC,CC,CC,TT,CC,TT,CC,CC,TT,TT,CC,CC,CC,CC,CC,CC,CC,CC,CC,TT,CC,NN,NN,CC,TT,TT,CC,CC,CC,TT,TT,TT,CC,CC,CC,TT,TT,CC,TT,TT,CC,CC,CC,CC,CC,CC,CC,CC,CC,CC,CC,TT,CC,CC,CC,CC,TT,CC,CC,CC,TT,CC,CC,TT,CC,TT,CC,CC,CC,TT,CC,CC,CC,CC,CC,CC,CC,TT,CC,TT,TT,CC,CC,CC,CC,TT,CC,TT,CC,TT,TT,CC,CC,CC,CC,CC,CC,CC,TT,CC,CC,CC,TT,TT,CC,CC,TT,CC,CC,CC,CC,CC,CC,CC,CC,CC,CC,CC,CC,TT,CC,CC,CC,TT,TT,TT,CC,CC,CC,TT,CC,CC,TT,CC,TT,CC,CC,TT,TT,CC,TT,TT,CC,CC,TT,TT,CC,CC,CC,CC,TT,TT,TT,TT,CC,CC,CC,CC,CC,CC,CC,TT,TT,CC,CC,TT,CC,TT,TT,CC,CC,CC,CC,TT,TT,TT,CC,CC,CC,CC,CC,CC,CC,CC,CC,CC,CC,TT,TT,CC,CC,CC,CC,CC,CC,CC,CC,TT,TT,CC,CC,CC,CC,CC,TT,TT,CC,CC,CC,CC,CC,CC,TT,CC,CC,CC,TT,TT,CC,CC,CC,CC,CC,CC,CC,CC,CC,CC,TT,CC,CC,TT,CC,CC,TT,CC,CC,CC,CC,CC,CC,CC,TT,CC,TT,TT,TT,CC,CC,CC,CC,CC,CC,TT,CC,CC,CC,TT,CC,CC,CC,CC,TT,TT,CC,CC,CC,TT,TT,CC,TT,CC,CC,CC,CC,CC,TT,CC,CC,TT,CC,CC,TT,TT,CC,CC,CC,CC,TT,TT,TT,TT,TT,TT,TT,CC,TT,TT,TT,TT,CC,TT,CC,CC,CC,CC,CC,TT,TT,TT,CC,CC,CC,CC,CC,CC,CC,CC,CC,CC,TT,CC,CC,CC,CC,CC,CC,CC,TT,TT,CC,CC,CC,CC,CC,CC,CC,CC,CC,CC,CC,TT,CC,CC,CC,TT,CC,CC,TT,CC,CC,CC,TT,CC,TT,CC,CC,CC,TT,TT,TT,TT,CC,CC,CC,CC,CC,CC,CC,CC,CC,CC,CC,CC,CC,CC,CC,CC,CC,CC,CC,CC,CC,TT,CC,CC,CC,NN,CC,CC,CC,CC,CC,CC,CC,CC,CC,CC,CC,TT,CC,CC,CC,CC,CC,TT,TT,TT,TT,TT,TT,TT,TT,CC,CC,TT,TT,TT,TT,CC,CC,CC,CC,CC,CC,CC,CC,CC,CC,CC,CC,TT,TT,TT,CC,CC,CC,TT,CC,CC,CC,CC,CC,CC,CC,CC,CC,CC,CC,CC,CC,CC,CC,CC,CC,CC,CC,CC,CC,CC,CC,CC,CC,CC,CC,CC,CC,CC,CC,CC,CC,CC,CC,TT,TT,TT,CC,CC,TT,CC,CC,TT,TT,TT,CC,CC,CC,CC,CC,CC,CC,CC,CC,CC,CC,CC,TT,CC,CC,TT,TT,TT,TT,TT,TT,TT,CC,CC,TT,CC,TT,CC,CC,CC,CC,CC,CC,CC,CC,CC,TT,TT,TT,TT,CC,CC,TT,CC,CC,CC,TT,CC,TT,TT,TT,CC,CC,CC,TT,CC,CC,CC,CC,CC,CC,CC,CC,CC,CC,CC,CC,CC,TT,TT,TT,CC,CC,CC,CC,CC,CC,CC,TT,TT,CC,CC,CC,TT,TT,TT,TT,TT,TT,TT,TT,CC,CC,CC,CC,CC,CC,TT,CC,CC,CC,CC,CC,CC,CC,CC,CC,CC,CC,TT,CC,TT,CC,TT,TT,TT,CC,CC,TT,CC,TT,TT,CC,CC,CC,TT,CC,CC,CC,CC,CC,CC,TT,TT,TT,CC,TT,TT,CC,CC,CC,CC,TT,CC,CC,CC,CC,CC,CC,TT,CC,CC,CC,CC,CC,CC,CC,CC,TT,CC,CC,CC,CC,CC,CC,CC,CC,CC,TT,CC,CC,NN,CC,CC,CC,CC,CC,TT,NN,CC,CC,CC,CC,TT,CC,TT,CC,CC,CC,CC,CC,CC,TT,CC,TT,TT,TT,TT,CC,TT,TT,TT,CC,CC,CC,CC,CC,CC,TT,CC,CC,CC,TT,CC,TT,CC,CC,TT,CC,TT,CC,CC,CC,CC,CC,CC,CC,CC,CC,CC,CC,CC,CC,CC,CC,CC,TT,TT,CC,TT,CC,CC,CC,CC,TT,CC,CC,TT,CC,CC,CC,CC,CC,CC,CC,CC,CC,CC,TT,CC,CC,CC,CC,CC,CC,CC,TT,CC,TT,CC,CC,CC,CC,CC,CC,CC,NN,CC,CC,TT,TT,CC,CC,CC,CC,TT,TT,TT,CC,TT,CC,TT,TT,CC,TT,TT,TT,TT,TT,CC,CC,TT,TT,TT,CC,CC,CC,CC,TT,CC,CC,CC,CC,CC,CC,CC,CC,CC,CC,CC,CC,CC,CC,CC,CC,CC,CC,CC,TT,CC,CC,CC,TT,TT,CC,TT,TT,CC,TT,TT,CC,CC,CC,CC,CC,CC,CC,CC,CC,CC,TT,CC,TT,CC,CC,CC,CC,CC,TT,TT,CC,CC,CC,CC,CC,CC,CC,CC,CC,CC,CC,CC,CC,CC,CC,CC,CC,TT,TT,CC,TT,CC,CC,CC,CC,CC,CC,CC,CC,TT,CC,CC,CC,CC,TT,TT,TT,TT,CC,CC,CC,CC,CC,CC,CC,CC,CC,CC,CC,CC,CC,CC,CC,CC,TT
IWA4083‡,0.64,,AA,AA,AA,AA,GG,GG,GG,GG,AA,AA,AA,AA,AA,AA,AA,AA,GG,AA,AA,AA,AA,AA,AA,AA,AA,AA,AA,AA,AA,AA,GG,AA,AA,AA,GG,GG,AA,AA,AA,GG,GG,GG,AA,AA,AA,AA,GG,AA,GG,AA,AA,GG,AA,GG,AA,AA,AA,AA,AA,AA,AA,AA,AA,AA,AA,GG,GG,GG,AA,AA,AA,AA,GG,GG,GG,AA,AA,AA,AA,AA,GG,GG,AA,GG,AA,GG,GG,AA,GG,GG,GG,GG,AA,AA,AA,AA,GG,AA,AA,AA,AA,AA,GG,AA,AA,AA,AA,AA,GG,AA,AA,AA,AA,GG,GG,AA,AA,AA,AA,GG,GG,AA,AA,AA,AA,GG,GG,GG,GG,GG,AA,AA,AA,AA,AA,GG,AA,AA,AA,AA,GG,AA,AA,AA,GG,AA,GG,AA,AA,AA,AA,AA,GG,AA,AA,GG,AA,AA,AA,AA,AA,AA,AA,AA,AA,AA,AA,AA,GG,AA,GG,GG,AA,GG,AA,AA,AA,AA,AA,GG,AA,GG,AA,GG,GG,AA,AA,GG,AA,AA,GG,GG,GG,GG,AA,AA,AA,AA,AA,GG,GG,GG,AA,AA,AA,AA,AA,AA,AA,AA,AA,GG,AA,GG,GG,AA,AA,AA,AA,GG,GG,GG,GG,GG,AA,AA,AA,AA,AA,AA,AA,AA,GG,AA,AA,GG,GG,GG,GG,AA,GG,AA,AA,GG,AA,AA,GG,AA,AA,AA,AA,AA,AA,AA,AA,AA,AA,AA,GG,AA,AA,GG,AA,AA,AA,AA,GG,AA,AA,GG,AA,AA,GG,AA,GG,GG,AA,AA,GG,GG,AA,GG,GG,GG,GG,GG,GG,GG,GG,AA,AA,GG,AA,AA,AA,AA,GG,GG,NN,GG,AA,AA,GG,GG,GG,AA,AA,AA,AA,AA,GG,GG,GG,GG,AA,AA,AA,AA,AA,AA,AA,AA,AA,AA,AA,AA,AA,GG,GG,GG,GG,GG,AA,AA,GG,AA,AA,AA,AA,AA,AA,AA,AA,AA,GG,GG,GG,AA,AA,GG,NN,AA,AA,AA,GG,AA,GG,AA,GG,GG,GG,GG,AA,GG,GG,GG,GG,AA,GG,GG,AA,AA,AA,GG,AA,AA,AA,AA,AA,AA,GG,AA,AA,AA,AA,AA,AA,AA,GG,AA,GG,AA,AA,GG,AA,GG,AA,AA,AA,GG,GG,GG,AA,AA,AA,AA,AA,AA,AA,GG,AA,AA,AA,GG,GG,AA,AA,GG,GG,AA,AA,AA,GG,GG,AA,AA,AA,GG,GG,GG,AA,GG,AA,AA,AA,GG,AA,AA,GG,GG,GG,GG,GG,GG,GG,AA,AA,GG,GG,AA,AA,AA,AA,AA,GG,GG,AA,AA,AA,GG,GG,AA,GG,GG,AA,AA,AA,GG,AA,GG,AA,AA,AA,GG,AA,GG,AA,AA,GG,GG,GG,GG,AA,GG,GG,AA,GG,GG,GG,AA,AA,AA,AA,AA,AA,AA,GG,GG,GG,GG,AA,AA,GG,GG,GG,AA,AA,AA,AA,GG,GG,AA,AA,GG,GG,GG,AA,AA,AA,GG,AA,GG,GG,GG,GG,GG,AA,GG,AA,GG,AA,GG,AA,GG,AA,AA,AA,GG,AA,AA,GG,GG,AA,AA,GG,AA,AA,GG,GG,AA,GG,AA,AA,AA,GG,AA,AA,GG,GG,GG,AA,AA,AA,AA,AA,AA,AA,AA,AA,AA,AA,AA,AA,AA,AA,AA,AA,GG,AA,AA,AA,GG,GG,AA,GG,GG,GG,AA,AA,GG,GG,AA,AA,GG,GG,GG,AA,GG,GG,AA,AA,AA,AA,AA,GG,GG,AA,GG,AA,AA,AA,GG,AA,AA,AA,AA,AA,AA,AA,AA,GG,AA,AA,GG,GG,GG,GG,GG,AA,GG,AA,GG,GG,AA,AA,GG,AA,AA,GG,AA,GG,GG,AA,AA,AA,AA,AA,AA,AA,AA,AA,AA,GG,AA,AA,GG,GG,AA,AA,AA,AA,AA,GG,AA,GG,GG,GG,AA,AA,GG,AA,AA,AA,GG,GG,GG,NN,AA,AA,AA,AA,AA,AA,AA,AA,AA,AA,AA,AA,GG,AA,GG,GG,AA,GG,GG,AA,AA,GG,GG,GG,GG,AA,GG,GG,AA,GG,AA,GG,GG,GG,GG,AA,AA,AA,AA,AA,AA,AA,AA,AA,AA,AA,AA,AA,GG,AA,AA,AA,AA,AA,AA,AA,AA,AA,AA,AA,AA,AA,AA,AA,AA,AA,AA,AA,GG,AA,GG,GG,AA,AA,AA,AA,GG,AA,AA,AA,AA,AA,GG,AA,AA,AA,AA,AA,AA,AA,GG,AA,GG,AA,GG,GG,GG,AA,AA,AA,AA,AA,GG,GG,GG,GG,AA,AA,AA,AA,AA,AA,AA,AA,AA,AA,AA,AA,GG,AA,AA,AA,AA,AA,GG,AA,GG,AA,GG,AA,AA,AA,AA,AA,GG,AA,GG,AA,NN,AA,AA,AA,AA,AA,AA,AA,GG,AA,AA,GG,AA,AA,AA,GG,GG,AA,AA,AA,AA,GG,GG,AA,AA,AA,AA,GG,AA,AA,AA,GG,GG,GG,GG,GG,GG,GG,AA,AA,AA,AA,AA,AA,GG,AA,AA,AA,AA,AA,GG,AA,AA,AA,AA,GG,GG,GG,GG,AA,GG,AA,GG,NN,AA,GG,GG,GG,AA,AA,AA,GG,AA,GG,AA,GG,GG,GG,AA,AA,GG,GG,GG,AA,GG,GG,AA,GG,AA,AA,AA,AA,AA,GG,AA,AA,AA,AA,AA,AA,AA,AA,AA,AA,AA,AA,AA,AA,GG,GG,AA,GG,GG,AA,AA,GG,NN,GG,GG,GG,AA,AA,GG,GG,AA,AA,AA,GG,AA,GG,AA,AA,AA,AA,AA,AA,AA,AA,AA,AA,AA,AA,AA,GG,AA,AA,AA,AA,AA,AA,GG,AA,GG,AA,AA,GG,GG,AA,GG,AA,GG,GG,GG,AA,AA,GG,AA,GG,GG,GG,GG,GG,GG,AA,AA,AA,AA,GG,GG,AA,AA,AA,AA,GG,AA,GG,AA,AA,GG,AA,AA,GG,AA,AA,AA,AA,GG,AA,AA,GG,GG,NN,GG,AA,AA,AA,GG,AA,AA,AA,AA,AA,AA,AA,GG,GG,GG,AA,GG,GG,AA,AA,GG,AA,GG,GG,GG,AA,AA,AA,AA,AA,AA,AA,AA,AA,AA,AA,NN,AA,AA,AA,AA,AA,AA,AA,AA,AA,AA,GG,AA,AA,GG,GG,AA,AA,GG,AA,GG,AA,AA,GG,AA,AA,AA,AA,AA,GG,GG,AA,AA,AA,GG,AA,GG,GG,AA,GG,GG,GG,AA,GG,GG,AA,AA,GG,GG,GG,AA,AA,AA,AA,AA,AA,GG,GG,AA,AA,GG,AA,AA,NN,AA,GG,AA,GG,GG,GG,GG,GG,AA,AA,AA,AA,AA,AA,AA,AA,AA,AA,GG,GG,GG,AA,GG,AA,AA,AA,AA,AA,GG,AA,AA,GG,AA,GG,GG,GG,GG,GG,GG,AA,AA,GG,AA,AA,GG,NN,AA,GG,GG,GG,AA,GG,AA,GG,GG,GG,GG,AA
IWA5739†,0.91,,TT,TT,TT,TT,TT,TT,TT,TT,CC,CC,CC,CC,CC,TT,TT,TT,TT,TT,CC,TT,TT,TT,TT,TT,TT,TT,TT,TT,TT,TT,TT,TT,TT,CC,TT,TT,TT,TT,TT,TT,TT,TT,TT,TT,TT,TT,CC,TT,TT,TT,TT,TT,TT,TT,TT,TT,TT,TT,TT,TT,TT,TT,TT,TT,TT,TT,TT,TT,TT,TT,TT,TT,TT,TT,CC,TT,TT,TT,TT,TT,TT,TT,TT,CC,TT,TT,TT,TT,TT,TT,TT,TT,TT,TT,TT,TT,TT,TT,TT,TT,TT,TT,TT,TT,TT,TT,TT,TT,TT,TT,TT,TT,TT,TT,TT,TT,TT,TT,TT,TT,TT,TT,TT,TT,TT,TT,TT,TT,TT,TT,TT,TT,TT,TT,TT,TT,TT,TT,TT,TT,TT,TT,TT,TT,TT,TT,TT,TT,TT,TT,TT,TT,TT,TT,TT,TT,TT,TT,TT,TT,TT,TT,TT,TT,TT,TT,TT,TT,TT,CC,TT,TT,TT,TT,TT,TT,CC,TT,TT,TT,TT,TT,TT,TT,CC,TT,TT,TT,TT,CC,TT,TT,TT,TT,TT,TT,TT,TT,TT,TT,TT,TT,TT,TT,TT,CC,TT,TT,TT,TT,TT,CC,CC,TT,TT,CC,TT,CC,TT,TT,TT,CC,TT,TT,TT,TT,TT,TT,TT,TT,TT,TT,TT,TT,TT,TT,TT,TT,CC,TT,TT,TT,TT,TT,TT,TT,TT,TT,TT,TT,TT,TT,TT,TT,TT,TT,TT,TT,TT,CC,TT,TT,CC,TT,TT,TT,TT,TT,TT,TT,TT,TT,TT,TT,TT,TT,TT,TT,TT,TT,TT,TT,TT,TT,TT,TT,TT,TT,TT,TT,TT,TT,TT,TT,TT,TT,TT,TT,TT,TT,TT,TT,TT,TT,CC,TT,TT,TT,TT,TT,TT,TT,TT,TT,TT,TT,TT,TT,TT,TT,TT,TT,TT,TT,TT,CC,TT,CC,TT,TT,TT,TT,TT,TT,CC,TT,TT,TT,CC,TT,TT,TT,TT,TT,TT,TT,CC,CC,TT,TT,TT,TT,TT,TT,TT,TT,TT,TT,TT,TT,TT,TT,TT,TT,TT,TT,TT,TT,TT,TT,TT,TT,TT,TT,TT,TT,TT,TT,TT,TT,TT,TT,TT,CC,TT,TT,TT,TT,TT,TT,TT,TT,TT,TT,TT,CC,TT,TT,TT,TT,TT,TT,TT,TT,TT,TT,TT,TT,CC,TT,TT,TT,TT,TT,TT,TT,TT,TT,TT,TT,TT,TT,TT,TT,TT,TT,TT,TT,TT,TT,TT,TT,TT,TT,TT,TT,TT,TT,TT,CC,TT,TT,TT,TT,CC,TT,TT,TT,TT,TT,TT,TT,TT,TT,TT,TT,TT,TT,TT,CC,TT,CC,TT,TT,TT,TT,TT,TT,TT,TT,TT,TT,TT,CC,TT,TT,TT,TT,TT,TT,TT,TT,TT,TT,TT,TT,TT,TT,TT,TT,TT,TT,TT,CC,TT,CC,TT,TT,TT,CC,CC,TT,TT,TT,TT,TT,TT,TT,TT,TT,TT,TT,TT,TT,TT,TT,TT,CC,TT,TT,TT,CC,TT,TT,TT,TT,TT,TT,TT,CC,TT,TT,TT,TT,TT,TT,TT,TT,TT,TT,TT,TT,TT,TT,TT,TT,TT,TT,TT,TT,TT,TT,TT,TT,TT,TT,CC,TT,TT,TT,TT,TT,TT,NN,TT,TT,TT,TT,TT,TT,TT,TT,TT,TT,TT,TT,TT,CC,TT,TT,TT,TT,TT,TT,TT,TT,TT,TT,TT,TT,CC,TT,TT,TT,TT,TT,TT,TT,TT,TT,TT,TT,TT,TT,TT,TT,TT,CC,TT,TT,TT,TT,TT,TT,TT,TT,TT,TT,TT,TT,TT,TT,TT,CC,CC,TT,TT,TT,TT,TT,TT,TT,TT,TT,TT,TT,TT,CC,TT,TT,TT,TT,TT,TT,TT,TT,TT,TT,TT,TT,TT,TT,TT,TT,TT,TT,TT,TT,TT,TT,TT,TT,TT,TT,TT,TT,TT,TT,TT,TT,TT,TT,CC,TT,TT,TT,TT,TT,TT,TT,CC,TT,TT,TT,TT,TT,TT,TT,CC,TT,TT,TT,TT,TT,TT,CC,TT,TT,TT,TT,TT,TT,TT,TT,TT,TT,TT,TT,TT,TT,TT,TT,TT,TT,TT,TT,TT,TT,TT,TT,TT,TT,TT,TT,TT,CC,TT,TT,TT,TT,TT,TT,TT,TT,TT,TT,TT,TT,TT,TT,TT,TT,TT,TT,TT,TT,TT,TT,TT,TT,TT,TT,TT,TT,CC,TT,TT,TT,CC,TT,TT,TT,TT,TT,TT,TT,TT,TT,TT,TT,TT,TT,TT,TT,TT,TT,TT,TT,TT,TT,TT,TT,TT,TT,TT,TT,TT,TT,TT,TT,TT,TT,CC,TT,TT,TT,TT,TT,TT,TT,TT,CC,CC,TT,TT,CC,CC,TT,TT,TT,TT,TT,TT,TT,TT,TT,TT,TT,TT,TT,TT,TT,TT,TT,TT,TT,TT,CC,TT,TT,TT,TT,CC,TT,TT,TT,TT,TT,TT,TT,TT,TT,TT,TT,TT,TT,TT,TT,TT,TT,TT,TT,TT,TT,TT,TT,TT,TT,TT,TT,TT,TT,TT,TT,TT,TT,CC,CC,CC,TT,TT,TT,TT,TT,TT,TT,TT,TT,TT,TT,TT,TT,TT,TT,TT,NN,CC,TT,TT,CC,TT,TT,TT,TT,TT,TT,TT,TT,TT,TT,TT,TT,TT,TT,TT,TT,TT,TT,TT,TT,TT,TT,TT,TT,TT,TT,TT,TT,TT,TT,TT,TT,TT,TT,TT,TT,TT,TT,TT,TT,TT,TT,TT,TT,TT,TT,TT,TT,TT,TT,TT,CC,TT,TT,CC,TT,TT,TT,TT,TT,CC,CC,TT,TT,TT,TT,TT,TT,TT,TT,TT,TT,TT,TT,TT,TT,TT,TT,TT,TT,CC,CC,TT,TT,TT,TT,TT,TT,TT,TT,TT,TT,TT,TT,TT,TT,TT,TT,TT,TT,CC,TT,TT,TT,TT,TT,TT,TT,CC,TT,TT,TT,TT,TT,TT,TT,TT,TT,CC,TT,TT,TT,TT,TT,TT,TT,TT,TT,TT,CC,TT,TT,TT,TT,TT,CC,CC,TT,TT,TT,CC,CC,CC,TT,TT,TT,TT,TT,CC,TT,TT,TT,TT,TT,TT,TT,TT,TT,TT,CC,TT,CC,CC,TT,CC,CC,CC,CC,CC,TT,TT,TT,TT,TT,TT,TT,TT,CC,TT,TT,TT,TT,TT,TT,TT,TT,TT,CC,TT,TT,TT,TT,TT,TT,TT,TT,TT,TT,TT,TT,TT,TT,TT,TT,TT,TT,TT,TT,CC,TT,TT,TT,TT,TT,CC,TT,TT,TT,TT,TT,TT,CC,CC,TT,TT,TT,TT,TT,TT,TT,TT,TT,TT,TT,TT,TT,TT,TT,TT,TT,CC,TT,TT,TT,TT,TT,CC,TT,TT,CC,TT,TT,TT,TT,TT,TT,TT,TT,TT,TT,TT,TT,CC,TT,CC,TT,TT,TT,TT,TT,TT,TT,TT,TT,TT,TT,TT,TT,CC,TT,TT,TT,TT,TT,TT
IWA4347‡,0.51,,CC,TT,CC,CC,CC,CC,CC,CC,TT,TT,TT,TT,TT,CC,CC,CC,CC,CC,TT,CC,CC,CC,CC,CC,CC,CC,CC,TT,CC,CC,CC,CC,CC,TT,CC,CC,CC,CC,CC,TT,CC,CC,CC,CC,CC,CC,CC,TT,TT,CC,CC,CC,CC,TT,TT,CC,CC,CC,CC,CC,CC,CC,CC,CC,CC,CC,CC,CC,CC,CC,CC,CC,CC,TT,CC,CC,CC,TT,TT,TT,TT,TT,CC,TT,CC,CC,TT,CC,TT,CC,CC,CC,CC,CC,CC,CC,CC,CC,CC,CC,CC,CC,CC,CC,CC,TT,CC,CC,TT,CC,CC,CC,CC,CC,CC,CC,CC,CC,TT,CC,CC,CC,CC,CC,CC,CC,CC,CC,CC,CC,CC,TT,TT,TT,TT,CC,CC,CC,CC,CC,TT,CC,CC,CC,CC,TT,CC,TT,CC,CC,CC,CC,CC,CC,CC,CC,TT,TT,CC,CC,CC,CC,CC,CC,CC,CC,CC,CC,CC,CC,CC,TT,CC,TT,CC,TT,CC,CC,TT,TT,TT,CC,TT,CC,CC,TT,TT,CC,CC,TT,CC,CC,CC,TT,CC,CC,CC,CC,CC,TT,CC,CC,CC,TT,CC,CC,TT,TT,CC,CC,CC,CC,CC,CC,TT,TT,TT,CC,CC,CC,TT,CC,CC,CC,CC,CC,TT,CC,CC,CC,TT,CC,TT,CC,TT,CC,CC,CC,TT,TT,CC,CC,CC,CC,CC,CC,CC,CC,CC,TT,CC,TT,TT,TT,TT,TT,TT,CC,TT,CC,CC,CC,TT,CC,TT,TT,TT,TT,TT,CC,CC,CC,CC,TT,CC,TT,TT,CC,CC,NN,TT,CC,TT,CC,TT,CC,TT,TT,TT,TT,TT,TT,CC,CC,CC,CC,CC,TT,TT,TT,TT,CC,CC,TT,CC,CC,CC,CC,CC,TT,TT,CC,TT,CC,CC,CC,TT,CC,TT,CC,TT,CC,CC,TT,CC,TT,TT,TT,TT,TT,TT,TT,CC,TT,CC,CC,CC,CC,TT,TT,TT,CC,CC,TT,TT,CC,CC,CC,CC,TT,TT,TT,CC,CC,TT,CC,TT,NN,TT,TT,CC,TT,TT,TT,CC,TT,CC,CC,CC,TT,TT,TT,TT,CC,CC,CC,CC,TT,NN,CC,TT,TT,CC,TT,CC,TT,CC,CC,TT,TT,CC,CC,CC,CC,TT,TT,CC,TT,CC,CC,CC,TT,TT,CC,TT,CC,CC,CC,CC,TT,CC,CC,TT,CC,TT,CC,TT,CC,CC,CC,CC,TT,CC,CC,CC,CC,TT,TT,TT,CC,CC,CC,CC,CC,TT,TT,CC,CC,TT,CC,TT,CC,CC,CC,TT,CC,CC,TT,TT,CC,CC,CC,CC,CC,TT,TT,TT,TT,CC,TT,TT,CC,TT,TT,CC,CC,TT,CC,CC,CC,CC,CC,CC,CC,CC,CC,CC,TT,TT,TT,TT,TT,CC,CC,CC,TT,CC,CC,TT,TT,CC,TT,TT,CC,CC,CC,CC,CC,CC,CC,TT,CC,CC,CC,CC,TT,TT,TT,CC,TT,TT,TT,CC,CC,CC,CC,CC,CC,TT,CC,CC,CC,CC,TT,CC,CC,CC,TT,CC,TT,TT,CC,TT,CC,TT,TT,TT,TT,CC,CC,TT,CC,CC,CC,CC,CC,CC,CC,TT,CC,CC,TT,CC,TT,CC,CC,CC,TT,CC,CC,CC,CC,TT,TT,CC,CC,CC,CC,CC,CC,CC,TT,CC,CC,CC,CC,NN,CC,CC,TT,TT,CC,CC,CC,TT,CC,CC,CC,CC,TT,CC,CC,CC,TT,TT,CC,TT,CC,CC,TT,CC,CC,TT,CC,TT,TT,TT,TT,TT,CC,TT,CC,TT,TT,TT,TT,TT,CC,TT,TT,CC,CC,CC,CC,TT,CC,CC,CC,TT,CC,CC,TT,CC,CC,CC,CC,CC,TT,CC,CC,CC,CC,CC,TT,CC,TT,TT,TT,TT,TT,CC,CC,CC,CC,CC,CC,CC,TT,CC,CC,CC,CC,TT,TT,CC,CC,CC,TT,CC,CC,CC,CC,TT,CC,CC,TT,TT,TT,TT,TT,TT,CC,TT,CC,CC,TT,CC,CC,TT,CC,TT,CC,TT,CC,TT,TT,TT,CC,TT,TT,TT,TT,CC,TT,CC,TT,CC,TT,TT,CC,CC,CC,TT,CC,TT,TT,TT,TT,TT,TT,TT,TT,TT,TT,TT,CC,TT,TT,TT,TT,TT,TT,TT,TT,TT,TT,TT,CC,TT,TT,TT,TT,TT,TT,TT,CC,CC,CC,CC,CC,CC,CC,CC,TT,TT,TT,CC,CC,CC,TT,CC,TT,TT,TT,CC,CC,CC,TT,TT,TT,CC,TT,TT,TT,CC,CC,TT,TT,CC,TT,TT,CC,CC,TT,TT,TT,TT,TT,TT,TT,TT,TT,TT,TT,TT,TT,TT,CC,TT,CC,CC,TT,CC,TT,CC,TT,CC,CC,CC,CC,TT,TT,CC,TT,TT,TT,TT,CC,TT,CC,TT,TT,TT,TT,TT,TT,CC,CC,CC,TT,TT,CC,TT,TT,CC,TT,CC,CC,CC,TT,CC,CC,TT,CC,CC,TT,TT,CC,CC,TT,CC,CC,CC,TT,CC,CC,TT,CC,TT,TT,TT,TT,TT,CC,TT,CC,CC,CC,CC,CC,CC,CC,CC,TT,CC,CC,CC,CC,CC,TT,TT,TT,TT,CC,CC,CC,TT,TT,CC,TT,CC,CC,TT,TT,CC,CC,TT,TT,CC,CC,CC,TT,TT,TT,TT,TT,TT,TT,TT,TT,TT,TT,TT,TT,TT,TT,TT,TT,CC,TT,TT,TT,TT,CC,CC,CC,CC,TT,TT,CC,CC,NN,TT,TT,TT,CC,CC,TT,TT,TT,TT,TT,TT,TT,CC,TT,TT,TT,TT,TT,TT,TT,CC,TT,CC,CC,CC,CC,CC,CC,TT,TT,CC,CC,CC,CC,CC,CC,TT,TT,TT,TT,TT,TT,CC,CC,CC,CC,CC,TT,CC,TT,TT,CC,TT,TT,TT,TT,TT,TT,TT,TT,CC,CC,CC,TT,TT,CC,CC,TT,TT,TT,CC,CC,TT,TT,TT,TT,TT,TT,TT,TT,CC,TT,TT,TT,TT,TT,TT,TT,TT,TT,TT,TT,CC,TT,TT,TT,CC,TT,TT,CC,TT,CC,CC,TT,TT,CC,TT,TT,CC,TT,TT,TT,CC,TT,TT,TT,CC,TT,TT,TT,CC,TT,TT,TT,TT,CC,CC,TT,TT,CC,CC,CC,CC,CC,CC,CC,TT,TT,CC,TT,CC,TT,CC,TT,TT,CC,TT,TT,TT,TT,TT,TT,TT,TT,TT,TT,TT,TT,CC,TT,TT,TT,TT,TT,TT,CC,CC,TT,TT,TT,CC,CC,CC,TT,TT,TT,TT,TT,TT,TT,TT,TT,TT,CC,CC,CC,TT,TT,TT,TT,TT,TT,CC,TT,TT,TT,TT,TT,CC,TT,TT,TT,TT,TT,TT,TT,TT,TT,TT,CC,CC,CC,TT,TT,TT,TT,TT,TT,TT,TT,TT,TT,TT,TT,TT,CC,CC,TT,TT,CC,CC,TT,TT,CC,TT,TT,TT,TT,TT,TT,TT,TT,TT
IWA7566†,0.81,,GG,GG,GG,GG,TT,GG,GG,GG,GG,GG,GG,GG,GG,GG,GG,GG,GG,GG,GG,GG,GG,GG,GG,TT,GG,GG,GG,GG,GG,GG,GG,GG,GG,GG,GG,GG,GG,GG,GG,GG,GG,GG,GG,GG,TT,TT,GG,GG,TT,GG,GG,GG,GG,GG,TT,TT,TT,TT,TT,TT,GG,GG,GG,GG,GG,GG,GG,GG,GG,GG,GG,GG,NN,GG,GG,GG,TT,GG,TT,TT,GG,GG,GG,GG,GG,GG,GG,GG,GG,TT,GG,GG,GG,GG,GG,GG,GG,GG,GG,GG,GG,GG,GG,GG,GG,GG,GG,GG,TT,GG,GG,GG,TT,GG,GG,GG,TT,TT,GG,GG,TT,GG,GG,GG,GG,GG,GG,TT,GG,TT,GG,TT,TT,TT,GG,GG,GG,GG,GG,TT,GG,GG,GG,GG,GG,GG,GG,GG,GG,GG,GG,GG,GG,GG,GG,GG,GG,GG,GG,TT,TT,GG,GG,GG,GG,GG,GG,GG,GG,GG,GG,GG,GG,TT,GG,GG,GG,GG,TT,TT,TT,GG,GG,GG,TT,TT,TT,GG,GG,GG,GG,GG,GG,GG,GG,GG,GG,GG,GG,TT,GG,GG,GG,GG,TT,GG,GG,GG,GG,GG,GG,GG,GG,GG,TT,GG,GG,GG,GG,GG,TT,GG,GG,GG,GG,TT,GG,GG,GG,GG,GG,GG,GG,GG,GG,GG,GG,TT,GG,GG,GG,GG,GG,GG,GG,GG,GG,GG,GG,GG,GG,TT,TT,TT,TT,TT,TT,TT,GG,GG,GG,GG,GG,GG,TT,TT,GG,GG,GG,GG,TT,GG,GG,GG,GG,GG,GG,GG,GG,GG,GG,GG,GG,GG,GG,GG,TT,GG,GG,GG,GG,GG,GG,GG,GG,GG,TT,GG,TT,TT,TT,TT,GG,GG,GG,GG,TT,GG,GG,GG,TT,GG,GG,GG,GG,GG,TT,GG,GG,GG,GG,TT,GG,TT,GG,GG,GG,GG,TT,GG,GG,GG,GG,GG,GG,GG,GG,GG,GG,TT,GG,GG,GG,TT,GG,GG,GG,GG,GG,GG,GG,GG,TT,TT,GG,GG,TT,GG,TT,GG,GG,GG,GG,GG,GG,GG,GG,GG,GG,GG,TT,GG,GG,TT,TT,GG,GG,GG,GG,TT,GG,GG,TT,GG,GG,TT,GG,GG,GG,GG,TT,GG,GG,GG,TT,GG,GG,GG,GG,GG,GG,GG,GG,GG,GG,TT,GG,GG,GG,GG,GG,GG,GG,GG,GG,GG,GG,GG,GG,GG,GG,GG,GG,GG,TT,GG,GG,GG,GG,GG,GG,GG,GG,GG,TT,TT,GG,GG,GG,GG,GG,TT,GG,GG,GG,GG,GG,GG,TT,GG,GG,GG,GG,GG,GG,GG,GG,GG,GG,TT,GG,GG,GG,GG,GG,GG,GG,GG,GG,GG,GG,GG,GG,GG,TT,TT,GG,TT,GG,GG,GG,TT,GG,GG,TT,GG,GG,TT,TT,GG,GG,GG,GG,GG,GG,GG,GG,GG,GG,GG,TT,GG,TT,GG,GG,GG,GG,GG,GG,TT,TT,GG,GG,GG,GG,TT,TT,GG,TT,TT,GG,GG,GG,TT,TT,GG,GG,GG,GG,GG,GG,GG,GG,TT,GG,GG,GG,GG,GG,TT,TT,GG,GG,GG,GG,GG,TT,TT,GG,TT,GG,TT,GG,GG,TT,TT,GG,GG,GG,GG,GG,GG,GG,TT,GG,GG,GG,GG,GG,GG,GG,GG,GG,GG,GG,GG,NN,GG,GG,GG,GG,TT,TT,GG,GG,GG,GG,GG,GG,TT,TT,GG,TT,TT,TT,GG,TT,TT,GG,GG,GG,GG,GG,GG,GG,GG,GG,GG,GG,GG,GG,GG,GG,GG,GG,TT,GG,GG,TT,GG,GG,TT,GG,TT,GG,TT,TT,TT,GG,GG,GG,TT,TT,GG,GG,GG,TT,GG,GG,GG,TT,GG,GG,GG,GG,GG,GG,GG,GG,GG,TT,GG,GG,GG,GG,GG,GG,GG,GG,TT,GG,GG,TT,NN,TT,TT,GG,GG,GG,GG,GG,GG,GG,GG,GG,TT,GG,GG,GG,GG,GG,TT,GG,GG,GG,GG,GG,GG,GG,GG,GG,GG,GG,GG,TT,GG,GG,GG,GG,GG,GG,GG,GG,GG,TT,TT,GG,TT,TT,GG,GG,TT,TT,GG,GG,GG,GG,GG,GG,GG,GG,GG,GG,GG,GG,TT,GG,GG,GG,GG,GG,GG,GG,GG,GG,GG,GG,GG,GG,GG,GG,GG,GG,GG,GG,TT,GG,GG,GG,GG,GG,GG,TT,TT,GG,GG,GG,TT,TT,GG,GG,GG,GG,GG,TT,GG,GG,GG,GG,GG,TT,TT,TT,GG,GG,GG,TT,GG,GG,TT,TT,GG,GG,GG,GG,GG,GG,GG,GG,GG,GG,GG,GG,GG,GG,GG,TT,GG,GG,GG,GG,GG,TT,GG,GG,GG,NN,GG,TT,TT,TT,TT,GG,GG,GG,GG,GG,GG,GG,GG,GG,GG,GG,GG,GG,GG,GG,GG,GG,TT,TT,TT,GG,GG,GG,GG,GG,TT,GG,GG,TT,TT,GG,GG,GG,GG,TT,GG,GG,TT,GG,GG,GG,GG,GG,GG,GG,GG,GG,GG,GG,GG,GG,GG,GG,GG,GG,GG,GG,GG,GG,GG,GG,GG,GG,GG,TT,GG,TT,GG,GG,GG,GG,GG,GG,TT,TT,GG,GG,GG,TT,TT,TT,TT,TT,GG,TT,TT,GG,GG,GG,TT,GG,GG,GG,GG,GG,GG,GG,GG,GG,GG,GG,GG,GG,GG,GG,GG,GG,GG,GG,GG,GG,GG,TT,TT,GG,GG,GG,GG,GG,TT,TT,GG,GG,GG,GG,TT,GG,GG,GG,GG,GG,GG,GG,GG,GG,GG,GG,GG,GG,GG,GG,GG,GG,TT,GG,TT,TT,GG,TT,TT,TT,TT,TT,GG,TT,GG,GG,GG,GG,TT,GG,TT,GG,GG,TT,GG,GG,GG,GG,GG,GG,GG,GG,GG,GG,GG,TT,GG,GG,GG,GG,TT,TT,GG,GG,GG,GG,TT,GG,GG,GG,TT,GG,GG,GG,GG,GG,GG,GG,GG,GG,GG,GG,GG,GG,GG,GG,GG,GG,GG,GG,GG,GG,GG,GG,GG,GG,GG,GG,TT,GG,GG,GG,GG,GG,NN,GG,GG,GG,GG,GG,GG,GG,GG,GG,GG,GG,GG,GG,GG,GG,GG,GG,GG,GG,GG,GG,GG,GG,GG,GG,GG,TT,TT,TT,GG,NN,TT,GG,GG,GG,TT,GG,GG,GG,GG,GG,GG,GG,GG,GG,GG,GG,GG,GG,GG,TT,GG,GG,TT,TT,TT,GG,GG,GG,GG,GG,TT,GG,GG,GG,GG,GG,GG,GG,GG,GG,GG,GG,GG,GG,GG,GG,GG,GG,GG,GG,GG,GG,GG,GG,GG,GG,GG,GG,GG,GG,GG,GG,GG,GG,GG,GG,GG,GG,GG,TT,GG,TT,GG,GG,GG,GG,TT,GG,GG,GG,GG,GG,GG,GG,GG,TT,TT,TT,GG,GG,GG,GG,GG,TT,GG,GG,GG,GG,GG,GG,GG,GG,GG,GG,GG,TT
IWA408*,0.30,,AA,GG,AA,AA,GG,AA,AA,AA,GG,GG,GG,GG,GG,AA,AA,AA,AA,AA,GG,AA,AA,GG,AA,GG,AA,AA,AA,AA,AA,AA,AA,AA,GG,GG,AA,GG,AA,AA,AA,AA,GG,AA,GG,GG,GG,GG,AA,GG,AA,GG,AA,GG,AA,AA,GG,NN,NN,NN,NN,GG,AA,AA,AA,GG,AA,AA,AA,AA,AA,AA,GG,GG,AA,AA,AA,GG,GG,GG,GG,GG,AA,AA,GG,AA,GG,GG,AA,AA,GG,GG,GG,GG,GG,AA,AA,AA,GG,AA,AA,AA,AA,AA,AA,AA,AA,GG,GG,GG,GG,GG,GG,GG,AA,AA,GG,AA,GG,GG,AA,GG,GG,AA,AA,AA,AA,AA,GG,GG,GG,GG,AA,GG,GG,GG,AA,GG,AA,AA,AA,GG,AA,GG,AA,NN,AA,GG,AA,GG,GG,GG,AA,AA,GG,AA,AA,AA,GG,GG,GG,GG,GG,AA,GG,GG,AA,AA,AA,AA,AA,AA,AA,AA,GG,GG,GG,NN,GG,GG,GG,AA,GG,AA,GG,GG,GG,GG,AA,GG,AA,AA,AA,AA,AA,GG,GG,GG,GG,GG,AA,GG,AA,AA,AA,GG,GG,GG,AA,GG,AA,AA,GG,AA,AA,AA,GG,GG,GG,GG,AA,GG,AA,AA,AA,GG,GG,GG,GG,GG,GG,GG,AA,AA,AA,AA,AA,GG,AA,AA,GG,AA,AA,GG,NN,GG,GG,AA,AA,GG,GG,GG,GG,GG,GG,GG,GG,GG,GG,GG,AA,GG,GG,GG,GG,GG,GG,GG,GG,GG,GG,AA,GG,AA,GG,AA,AA,GG,GG,GG,AA,AA,AA,AA,AA,GG,AA,AA,NN,GG,AA,AA,GG,AA,GG,GG,GG,GG,GG,AA,GG,GG,GG,GG,GG,GG,GG,GG,GG,GG,GG,GG,GG,AA,AA,GG,GG,GG,GG,AA,AA,GG,GG,GG,GG,AA,GG,AA,GG,AA,AA,AA,AA,GG,GG,AA,GG,GG,AA,GG,GG,GG,GG,GG,GG,GG,AA,AA,GG,GG,GG,AA,GG,GG,GG,GG,GG,GG,GG,AA,AA,GG,GG,AA,AA,AA,AA,GG,AA,AA,GG,GG,AA,GG,AA,GG,GG,AA,AA,GG,GG,GG,AA,GG,GG,GG,GG,AA,GG,GG,GG,GG,GG,GG,AA,AA,GG,AA,AA,GG,AA,AA,AA,GG,GG,GG,GG,GG,AA,GG,GG,GG,GG,AA,AA,AA,AA,AA,AA,AA,GG,GG,GG,GG,GG,GG,AA,GG,GG,AA,AA,AA,GG,GG,GG,GG,GG,GG,GG,AA,AA,GG,AA,GG,AA,GG,AA,AA,AA,GG,AA,GG,GG,GG,GG,AA,GG,GG,GG,GG,GG,GG,AA,GG,GG,NN,GG,AA,AA,GG,GG,GG,GG,GG,GG,AA,GG,GG,GG,GG,GG,GG,AA,AA,GG,GG,GG,GG,GG,GG,NN,AA,GG,GG,GG,AA,AA,GG,AA,GG,GG,GG,GG,GG,GG,GG,AA,GG,GG,AA,AA,AA,AA,AA,GG,GG,GG,GG,GG,GG,GG,NN,GG,AA,GG,GG,GG,GG,GG,GG,GG,AA,AA,AA,AA,AA,AA,AA,GG,AA,GG,NN,GG,NN,AA,GG,GG,GG,GG,GG,AA,AA,GG,GG,GG,GG,GG,GG,GG,AA,AA,AA,GG,GG,AA,GG,GG,GG,GG,GG,GG,GG,GG,GG,GG,GG,GG,GG,AA,GG,GG,AA,GG,GG,GG,GG,NN,AA,GG,GG,GG,AA,GG,GG,GG,AA,GG,GG,GG,GG,GG,GG,GG,AA,AA,AA,AA,AA,GG,GG,GG,GG,GG,GG,AA,GG,AA,GG,GG,GG,AA,AA,GG,GG,GG,GG,AA,GG,GG,GG,GG,AA,GG,GG,GG,NN,GG,AA,AA,AA,GG,GG,GG,GG,GG,AA,GG,GG,GG,AA,GG,GG,GG,GG,GG,AA,GG,GG,GG,GG,AA,GG,GG,GG,GG,GG,GG,GG,GG,GG,AA,AA,AA,GG,AA,AA,GG,GG,GG,GG,GG,AA,GG,GG,GG,GG,GG,GG,AA,GG,AA,GG,GG,AA,AA,AA,AA,AA,GG,GG,GG,GG,GG,GG,GG,GG,GG,GG,GG,AA,GG,AA,GG,GG,GG,GG,GG,GG,GG,GG,GG,AA,AA,GG,GG,AA,GG,GG,GG,GG,GG,GG,GG,GG,GG,GG,GG,GG,GG,GG,GG,GG,GG,AA,GG,GG,GG,GG,AA,GG,AA,GG,GG,GG,AA,AA,AA,GG,AA,GG,GG,AA,AA,GG,GG,GG,GG,GG,GG,GG,GG,GG,AA,GG,AA,GG,GG,GG,GG,GG,GG,AA,AA,GG,GG,AA,GG,GG,GG,GG,GG,GG,GG,GG,GG,GG,GG,GG,GG,GG,GG,GG,AA,GG,GG,GG,GG,GG,GG,GG,GG,GG,GG,GG,GG,GG,AA,AA,GG,GG,GG,GG,AA,GG,AA,GG,GG,AA,AA,GG,GG,GG,GG,GG,NN,GG,GG,AA,AA,GG,GG,GG,GG,GG,GG,NN,NN,GG,AA,GG,GG,GG,AA,GG,GG,GG,GG,GG,GG,GG,GG,GG,AA,AA,GG,GG,GG,AA,GG,GG,GG,GG,GG,GG,GG,GG,GG,GG,GG,GG,AA,GG,AA,AA,GG,AA,AA,GG,GG,GG,GG,GG,AA,GG,AA,GG,AA,GG,AA,GG,GG,AA,GG,GG,GG,AA,AA,AA,GG,GG,GG,GG,GG,GG,GG,GG,GG,GG,GG,GG,GG,GG,GG,GG,GG,GG,GG,GG,GG,GG,GG,AA,GG,AA,GG,GG,GG,GG,GG,GG,GG,GG,GG,GG,GG,GG,GG,GG,AA,GG,GG,GG,GG,GG,AA,AA,GG,GG,GG,GG,GG,GG,GG,GG,GG,GG,GG,GG,GG,GG,GG,GG,GG,GG,GG,GG,GG,GG,GG,AA,GG,AA,GG,GG,GG,GG,GG,GG,GG,GG,GG,GG,GG,GG,AA,GG,GG,GG,GG,NN,GG,GG,GG,GG,GG,GG,GG,AA,AA,GG,GG,GG,GG,AA,GG,GG,GG,GG,GG,AA,AA,GG,GG,GG,GG,GG,GG,GG,GG,GG,GG,AA,GG,GG,GG,GG,GG,GG,GG,GG,GG,GG,GG,AA,GG,AA,GG,GG,GG,GG,GG,GG,GG,GG,GG,AA,GG,GG,GG,GG,GG,GG,AA,GG,GG,GG,GG,GG,GG,GG,GG,GG,GG,GG,GG,GG,GG,GG,GG,NN,GG,GG,GG,GG,GG,GG,NN,GG,GG,GG,NN,GG,GG,GG,GG,GG,GG,GG,GG,AA,GG,GG,GG,GG,GG,GG,AA,GG,GG,GG,GG,AA,GG,GG,GG,GG,GG,GG,GG,GG,GG,GG,GG,GG,GG,GG,GG,GG,GG,GG,GG,GG,GG,AA,AA,GG,GG,GG,GG,GG,GG,GG,GG,GG,GG,GG,GG,GG,GG,GG,GG,GG,GG,AA,GG,GG,GG,AA,GG,GG,GG,GG,GG,GG,GG,GG,GG,GG,GG,GG,GG,GG,AA,NN,GG,GG,NN
IWA5381*,0.92,,AA,AA,AA,AA,AA,AA,AA,AA,AA,AA,AA,AA,AA,AA,AA,AA,AA,AA,AA,AA,AA,AA,AA,AA,AA,AA,AA,AA,AA,AA,AA,AA,AA,AA,AA,AA,AA,AA,AA,AA,AA,AA,AA,AA,AA,AA,AA,AA,AA,AA,AA,AA,AA,AA,AA,AA,AA,AA,AA,AA,AA,AA,AA,AA,AA,AA,AA,AA,AA,AA,AA,AA,AA,AA,AA,AA,AA,AA,AA,AA,AA,AA,AA,AA,AA,AA,AA,AA,AA,AA,AA,AA,AA,AA,AA,AA,AA,AA,AA,AA,AA,AA,AA,AA,AA,AA,AA,AA,AA,AA,AA,AA,AA,AA,AA,AA,AA,AA,AA,AA,AA,AA,AA,AA,AA,AA,AA,AA,AA,AA,AA,AA,AA,AA,AA,AA,AA,AA,AA,AA,AA,AA,AA,AA,AA,AA,AA,AA,AA,AA,AA,AA,AA,AA,AA,AA,GG,AA,AA,AA,AA,AA,AA,AA,AA,AA,AA,AA,AA,AA,AA,AA,AA,AA,AA,AA,AA,AA,AA,AA,AA,AA,AA,AA,AA,AA,AA,AA,AA,AA,AA,GG,AA,AA,AA,AA,AA,AA,AA,AA,AA,AA,AA,AA,AA,AA,AA,AA,AA,AA,AA,AA,AA,AA,AA,AA,AA,AA,AA,AA,AA,AA,AA,AA,AA,AA,AA,AA,AA,AA,AA,AA,AA,AA,AA,AA,AA,AA,AA,AA,AA,AA,AA,AA,AA,AA,AA,AA,AA,AA,AA,AA,AA,AA,AA,AA,AA,AA,AA,AA,AA,AA,AA,AA,AA,AA,AA,AA,AA,AA,AA,AA,AA,AA,AA,AA,AA,AA,AA,AA,AA,AA,AA,AA,AA,AA,AA,AA,AA,AA,AA,AA,AA,AA,AA,AA,AA,AA,AA,AA,AA,AA,AA,AA,AA,AA,AA,AA,AA,AA,AA,AA,AA,AA,AA,AA,AA,AA,AA,AA,AA,AA,AA,AA,AA,AA,AA,AA,AA,AA,AA,AA,AA,AA,AA,AA,AA,AA,AA,AA,AA,AA,AA,AA,AA,AA,AA,AA,AA,AA,AA,AA,AA,AA,AA,AA,AA,AA,AA,AA,AA,AA,AA,AA,AA,AA,AA,AA,AA,AA,AA,AA,AA,AA,AA,AA,AA,AA,AA,AA,AA,AA,AA,AA,AA,AA,AA,AA,AA,AA,AA,AA,AA,AA,AA,AA,AA,AA,AA,AA,AA,AA,AA,AA,AA,AA,AA,AA,AA,AA,AA,AA,AA,AA,AA,GG,AA,AA,AA,AA,AA,AA,AA,AA,AA,AA,AA,AA,AA,GG,AA,AA,AA,AA,AA,AA,AA,AA,AA,AA,AA,AA,AA,GG,AA,AA,AA,AA,AA,AA,AA,AA,AA,AA,AA,AA,AA,AA,AA,AA,AA,AA,AA,AA,AA,AA,AA,AA,AA,AA,AA,AA,AA,AA,AA,AA,AA,AA,AA,AA,AA,AA,AA,AA,AA,AA,GG,AA,AA,AA,AA,AA,AA,AA,AA,AA,AA,AA,AA,AA,AA,AA,AA,AA,AA,AA,AA,AA,AA,AA,AA,AA,AA,AA,AA,AA,AA,AA,AA,AA,AA,AA,AA,AA,AA,AA,AA,AA,AA,AA,AA,AA,GG,AA,AA,AA,AA,AA,AA,AA,AA,AA,AA,AA,AA,AA,AA,AA,AA,AA,AA,AA,AA,AA,AA,AA,AA,AA,AA,AA,AA,AA,AA,AA,AA,AA,AA,AA,AA,AA,AA,AA,AA,AA,AA,AA,AA,AA,AA,AA,AA,AA,AA,AA,AA,AA,AA,AA,AA,AA,AA,AA,AA,AA,AA,AA,AA,AA,AA,AA,AA,AA,AA,AA,AA,GG,AA,AA,AA,GG,AA,AA,AA,AA,AA,AA,AA,AA,AA,AA,AA,AA,AA,AA,AA,AA,AA,AA,AA,AA,AA,AA,AA,AA,AA,AA,AA,AA,AA,AA,AA,AA,AA,GG,AA,AA,AA,AA,AA,AA,AA,AA,AA,AA,AA,AA,AA,AA,AA,AA,AA,AA,AA,AA,AA,AA,AA,AA,AA,AA,AA,AA,AA,GG,AA,AA,GG,AA,AA,AA,AA,AA,AA,AA,AA,AA,AA,AA,GG,AA,AA,GG,AA,AA,AA,AA,AA,AA,AA,AA,AA,AA,AA,AA,AA,AA,AA,AA,AA,AA,AA,AA,GG,AA,AA,AA,AA,AA,AA,AA,GG,AA,AA,AA,AA,AA,AA,AA,AA,AA,AA,AA,AA,AA,AA,AA,AA,AA,AA,AA,AA,GG,AA,AA,AA,GG,AA,AA,AA,AA,AA,AA,AA,AA,GG,AA,AA,AA,AA,AA,AA,AA,AA,AA,AA,AA,AA,AA,AA,AA,AA,AA,AA,AA,AA,GG,AA,AA,AA,AA,AA,AA,AA,AA,AA,AA,GG,AA,AA,AA,AA,AA,AA,AA,AA,AA,AA,AA,AA,AA,AA,AA,GG,AA,AA,AA,AA,AA,AA,AA,AA,GG,AA,GG,AA,AA,AA,AA,AA,AA,AA,AA,GG,AA,GG,GG,GG,AA,AA,AA,AA,AA,AA,AA,AA,AA,AA,AA,AA,AA,AA,AA,AA,AA,AA,AA,AA,AA,AA,AA,AA,AA,AA,AA,AA,AA,AA,AA,AA,AA,AA,AA,AA,AA,AA,GG,AA,AA,AA,AA,AA,AA,AA,GG,AA,AA,AA,AA,AA,GG,AA,AA,AA,AA,AA,AA,AA,AA,AA,AA,AA,AA,GG,AA,AA,AA,AA,AA,AA,GG,AA,AA,AA,AA,AA,AA,AA,AA,AA,AA,AA,AA,AA,AA,AA,AA,AA,AA,AA,AA,AA,AA,AA,AA,AA,AA,AA,AA,AA,AA,AA,AA,GG,AA,AA,AA,AA,AA,AA,GG,AA,AA,AA,AA,AA,AA,AA,AA,AA,GG,AA,AA,AA,AA,AA,AA,AA,AA,AA,AA,AA,AA,AA,AA,AA,AA,AA,AA,AA,AA,AA,AA,AA,GG,AA,AA,AA,AA,GG,GG,AA,GG,GG,GG,AA,GG,GG,GG,AA,AA,AA,GG,AA,AA,AA,AA,AA,AA,AA,AA,AA,AA,AA,GG,AA,AA,AA,AA,AA,AA,AA,AA,AA,AA,AA,GG,AA,AA,AA,AA,AA,AA,AA,AA,GG,GG,AA,GG,AA,AA,AA,AA,AA,AA,GG,AA,NN,AA,AA,AA,AA,AA,AA,AA,AA,AA,AA,AA,GG,AA,AA,AA,AA,NN,AA,AA,AA,AA,AA,AA,AA,AA,GG,AA,AA,AA,AA,AA,AA,AA,AA,AA,AA,GG,AA,AA,AA,AA,AA,AA,AA,GG,AA,GG,AA,AA,AA,AA,GG,AA,AA,AA,AA,AA,AA,AA,GG,AA,GG,AA,AA,AA,AA,AA,AA,AA,AA,GG,GG,GG,AA,AA,AA,GG,AA,AA,AA,AA,GG,AA,AA,AA,AA,AA,AA,GG,GG,GG,GG,NN,AA,GG,GG,GG,GG,GG,AA,NN,AA,GG,AA,AA,AA,AA,AA,GG,GG,AA,AA,GG,AA,AA,GG,AA,GG,GG,AA,AA,AA,GG,AA,GG,AA,GG,AA,AA,GG,GG,GG,GG,AA,GG,GG,GG,AA
IWA2122*,0.30,,CC,CC,CC,CC,CC,TT,CC,CC,TT,TT,TT,TT,TT,CC,CC,CC,CC,CC,TT,CC,CC,CC,CC,TT,CC,CC,CC,TT,CC,CC,CC,CC,CC,TT,CC,CC,CC,CC,CC,CC,TT,CC,CC,CC,TT,TT,CC,CC,CC,TT,CC,TT,CC,CC,CC,TT,TT,TT,TT,TT,CC,CC,CC,CC,CC,CC,CC,CC,CC,CC,CC,TT,TT,TT,CC,TT,TT,TT,TT,CC,TT,TT,CC,CC,TT,CC,CC,CC,CC,TT,TT,TT,CC,CC,CC,CC,CC,CC,CC,TT,CC,CC,CC,CC,CC,TT,CC,TT,TT,TT,TT,TT,CC,CC,CC,CC,TT,TT,CC,CC,CC,TT,CC,CC,CC,CC,TT,TT,TT,TT,CC,TT,TT,TT,CC,CC,TT,CC,CC,CC,CC,CC,TT,CC,CC,TT,CC,TT,CC,TT,CC,CC,CC,TT,CC,CC,TT,CC,TT,TT,TT,CC,TT,CC,CC,CC,CC,CC,CC,TT,CC,CC,TT,TT,TT,CC,CC,TT,CC,TT,CC,CC,CC,CC,TT,TT,TT,TT,CC,CC,CC,TT,CC,TT,TT,TT,TT,TT,CC,TT,CC,CC,CC,TT,TT,TT,CC,TT,CC,CC,CC,CC,TT,CC,TT,TT,TT,TT,TT,TT,TT,CC,CC,TT,TT,TT,TT,TT,TT,TT,CC,CC,CC,CC,CC,CC,TT,CC,TT,TT,TT,TT,CC,TT,TT,CC,CC,CC,TT,TT,TT,TT,TT,TT,TT,TT,TT,CC,TT,TT,CC,CC,TT,TT,TT,TT,TT,TT,CC,CC,TT,CC,TT,TT,TT,CC,TT,TT,CC,CC,CC,CC,CC,CC,CC,TT,TT,CC,TT,TT,TT,TT,CC,TT,TT,CC,CC,TT,TT,TT,TT,TT,TT,TT,TT,TT,TT,TT,TT,CC,CC,CC,TT,TT,CC,CC,TT,TT,CC,TT,TT,CC,CC,TT,CC,CC,CC,CC,TT,TT,TT,CC,TT,CC,TT,CC,TT,TT,TT,TT,TT,CC,TT,CC,CC,CC,TT,TT,TT,CC,TT,CC,TT,TT,TT,CC,CC,CC,TT,TT,TT,CC,NN,CC,CC,CC,CC,CC,TT,CC,CC,TT,CC,TT,TT,CC,CC,TT,CC,TT,CC,TT,TT,TT,TT,TT,CC,TT,TT,TT,TT,TT,CC,TT,TT,CC,CC,CC,CC,CC,CC,CC,TT,CC,TT,TT,CC,CC,TT,TT,TT,CC,CC,TT,CC,TT,TT,CC,TT,TT,TT,TT,TT,TT,CC,CC,TT,TT,CC,TT,CC,CC,TT,TT,TT,TT,TT,TT,CC,TT,TT,TT,CC,TT,CC,TT,CC,TT,TT,TT,TT,TT,CC,TT,TT,TT,TT,CC,TT,TT,TT,TT,TT,CC,TT,CC,TT,CC,TT,TT,TT,TT,TT,CC,TT,TT,TT,TT,TT,TT,CC,CC,CC,TT,CC,TT,TT,TT,TT,TT,TT,TT,TT,CC,TT,CC,TT,TT,TT,TT,TT,TT,TT,TT,CC,CC,TT,TT,TT,TT,CC,CC,TT,TT,TT,TT,TT,TT,TT,CC,TT,TT,CC,CC,TT,TT,TT,TT,TT,CC,CC,CC,CC,TT,TT,TT,TT,TT,TT,TT,TT,CC,TT,TT,CC,TT,TT,TT,TT,TT,TT,CC,TT,TT,TT,TT,TT,CC,TT,TT,TT,TT,TT,TT,TT,TT,TT,TT,TT,TT,TT,TT,TT,TT,TT,TT,CC,CC,CC,TT,CC,TT,TT,CC,CC,CC,TT,TT,TT,TT,TT,TT,TT,CC,TT,TT,TT,TT,TT,CC,TT,CC,CC,CC,CC,TT,TT,TT,TT,CC,TT,TT,TT,TT,TT,CC,CC,TT,TT,TT,TT,TT,TT,TT,CC,TT,TT,TT,CC,CC,TT,TT,TT,CC,TT,CC,CC,CC,CC,TT,TT,TT,TT,TT,TT,TT,TT,TT,TT,TT,CC,TT,TT,TT,CC,TT,TT,TT,CC,TT,CC,CC,CC,TT,TT,TT,TT,TT,TT,TT,CC,TT,TT,TT,TT,CC,TT,TT,TT,TT,TT,TT,TT,TT,TT,TT,CC,TT,TT,TT,TT,TT,CC,CC,CC,TT,TT,CC,TT,TT,TT,TT,TT,CC,TT,TT,TT,TT,CC,CC,TT,CC,CC,CC,TT,TT,TT,TT,TT,TT,TT,TT,TT,TT,TT,CC,TT,TT,TT,TT,TT,TT,TT,TT,TT,TT,TT,TT,TT,TT,TT,TT,TT,TT,TT,TT,CC,CC,TT,TT,TT,TT,CC,TT,TT,TT,CC,TT,TT,CC,TT,TT,TT,TT,TT,CC,TT,TT,TT,TT,TT,TT,CC,TT,TT,TT,TT,TT,TT,CC,CC,CC,TT,TT,TT,TT,TT,TT,TT,TT,TT,TT,TT,TT,TT,TT,TT,TT,TT,TT,CC,TT,TT,TT,TT,CC,TT,TT,TT,TT,CC,TT,TT,TT,TT,TT,TT,TT,TT,TT,TT,TT,TT,TT,TT,CC,TT,TT,CC,TT,CC,TT,TT,TT,CC,TT,TT,TT,TT,TT,TT,TT,TT,CC,CC,TT,CC,CC,CC,CC,TT,CC,TT,TT,TT,TT,TT,TT,NN,TT,TT,TT,TT,TT,TT,TT,TT,TT,TT,TT,TT,TT,TT,TT,TT,NN,CC,CC,TT,TT,CC,CC,CC,TT,TT,TT,TT,TT,TT,TT,TT,TT,TT,TT,TT,TT,CC,CC,TT,CC,CC,TT,CC,TT,TT,TT,TT,TT,TT,TT,TT,TT,TT,TT,TT,TT,TT,TT,TT,TT,TT,TT,TT,CC,TT,TT,TT,TT,TT,TT,TT,CC,TT,TT,TT,TT,TT,CC,NN,TT,TT,TT,TT,TT,TT,TT,TT,TT,TT,TT,TT,TT,TT,TT,TT,TT,TT,TT,CC,TT,TT,CC,TT,TT,TT,TT,TT,CC,TT,TT,TT,TT,CC,CC,TT,CC,TT,TT,CC,TT,TT,TT,TT,TT,TT,TT,TT,TT,TT,TT,TT,TT,TT,TT,TT,TT,TT,TT,CC,TT,TT,TT,TT,TT,TT,TT,TT,TT,TT,TT,TT,TT,TT,TT,TT,TT,TT,TT,TT,TT,TT,TT,TT,TT,TT,TT,TT,TT,CC,TT,TT,TT,TT,TT,TT,TT,TT,TT,TT,TT,TT,TT,TT,TT,TT,TT,TT,TT,TT,TT,TT,TT,TT,TT,TT,TT,TT,TT,TT,TT,TT,TT,TT,TT,TT,TT,TT,TT,TT,TT,TT,TT,CC,CC,TT,TT,TT,TT,TT,TT,TT,TT,TT,TT,TT,TT,TT,TT,TT,TT,TT,TT,TT,TT,TT,TT,TT,TT,TT,TT,TT,TT,TT,TT,TT,TT,TT,TT,TT,TT,TT,TT,TT,TT,TT,CC,TT,TT,CC,TT,TT,CC,TT,TT,TT,TT,TT,TT,TT,TT,TT,TT,TT,TT,TT,TT,TT,TT,TT,TT,TT,TT,TT,TT,TT,CC,TT,TT,TT,TT,TT,TT,TT,TT,TT,TT,TT,TT,CC,TT,TT,CC,CC,TT,TT,TT,TT,TT,TT,TT,TT,TT,TT,TT,TT
IWA7801‡,0.59,,CC,CC,CC,CC,CC,TT,CC,CC,CC,CC,CC,CC,CC,CC,CC,CC,CC,TT,CC,CC,CC,CC,CC,CC,CC,CC,CC,CC,CC,TT,CC,CC,TT,CC,CC,CC,TT,CC,TT,CC,CC,CC,CC,CC,CC,CC,CC,TT,CC,TT,TT,CC,CC,CC,CC,TT,TT,TT,TT,CC,CC,TT,CC,CC,TT,CC,CC,CC,TT,CC,TT,CC,CC,CC,CC,CC,CC,CC,CC,CC,CC,CC,CC,CC,CC,CC,CC,CC,CC,CC,CC,CC,TT,TT,CC,TT,CC,TT,CC,CC,CC,CC,CC,CC,CC,CC,TT,TT,CC,CC,CC,CC,CC,CC,CC,CC,CC,CC,CC,CC,TT,CC,CC,CC,TT,CC,CC,CC,CC,CC,TT,CC,CC,CC,CC,CC,CC,CC,CC,CC,CC,CC,CC,CC,CC,TT,CC,TT,TT,TT,TT,TT,CC,TT,CC,CC,CC,CC,TT,TT,TT,CC,TT,CC,CC,CC,CC,CC,CC,CC,CC,CC,CC,CC,CC,CC,CC,CC,TT,CC,CC,CC,CC,TT,TT,TT,CC,CC,CC,CC,TT,CC,TT,CC,CC,CC,CC,TT,CC,CC,CC,CC,CC,TT,TT,TT,CC,CC,CC,CC,CC,CC,CC,TT,TT,CC,TT,CC,TT,CC,CC,CC,TT,CC,TT,TT,CC,CC,CC,TT,CC,CC,CC,TT,CC,CC,CC,CC,CC,CC,CC,TT,TT,TT,CC,TT,CC,CC,CC,TT,TT,CC,CC,CC,CC,CC,CC,TT,CC,TT,CC,CC,TT,TT,CC,CC,CC,CC,CC,CC,TT,TT,CC,CC,TT,CC,CC,CC,TT,TT,CC,TT,CC,CC,TT,CC,CC,CC,CC,CC,CC,CC,TT,CC,CC,CC,CC,CC,CC,TT,CC,CC,CC,TT,CC,CC,TT,CC,CC,CC,CC,CC,CC,CC,CC,CC,TT,TT,TT,TT,CC,TT,CC,CC,CC,CC,NN,CC,CC,CC,CC,TT,CC,CC,TT,CC,CC,TT,CC,CC,CC,CC,TT,TT,TT,CC,CC,CC,TT,CC,CC,CC,TT,TT,TT,CC,CC,CC,TT,TT,CC,CC,CC,TT,CC,CC,CC,TT,TT,TT,CC,CC,TT,TT,TT,CC,CC,TT,TT,TT,TT,CC,CC,TT,CC,CC,TT,TT,CC,CC,TT,CC,TT,CC,TT,CC,CC,CC,CC,CC,CC,CC,TT,TT,CC,TT,TT,CC,TT,CC,CC,CC,CC,TT,TT,CC,CC,CC,CC,TT,TT,TT,CC,TT,CC,CC,CC,TT,CC,CC,CC,CC,TT,CC,CC,CC,CC,TT,CC,CC,TT,CC,CC,TT,CC,CC,TT,CC,TT,CC,CC,CC,CC,TT,CC,TT,CC,CC,CC,TT,TT,CC,TT,CC,TT,TT,TT,TT,TT,TT,TT,TT,CC,CC,CC,TT,TT,CC,CC,CC,CC,CC,TT,CC,CC,TT,TT,TT,TT,CC,CC,CC,CC,TT,TT,CC,CC,TT,CC,CC,CC,CC,TT,CC,TT,TT,TT,TT,TT,CC,TT,CC,TT,TT,CC,TT,TT,TT,TT,CC,CC,TT,CC,CC,TT,TT,TT,CC,CC,CC,CC,CC,CC,CC,CC,CC,CC,CC,CC,TT,CC,CC,CC,TT,TT,TT,TT,CC,TT,TT,TT,TT,CC,TT,TT,CC,TT,TT,CC,TT,TT,CC,CC,TT,CC,CC,CC,CC,CC,CC,CC,CC,CC,CC,CC,CC,TT,CC,CC,CC,TT,TT,TT,CC,CC,TT,TT,TT,TT,TT,CC,TT,TT,TT,TT,CC,CC,TT,TT,TT,TT,TT,TT,TT,TT,CC,CC,CC,CC,TT,CC,CC,CC,CC,CC,TT,TT,CC,CC,TT,CC,TT,TT,TT,CC,TT,TT,TT,CC,TT,CC,TT,TT,TT,TT,CC,CC,CC,TT,TT,CC,CC,CC,CC,TT,CC,CC,CC,CC,CC,TT,CC,TT,CC,TT,TT,CC,TT,TT,TT,TT,TT,TT,CC,TT,TT,CC,TT,TT,CC,CC,TT,TT,CC,CC,TT,CC,CC,CC,CC,CC,CC,CC,CC,CC,CC,TT,CC,TT,CC,TT,TT,CC,TT,TT,CC,CC,TT,CC,CC,CC,CC,TT,TT,CC,TT,TT,CC,TT,CC,CC,CC,TT,CC,TT,CC,CC,TT,CC,CC,CC,CC,TT,CC,CC,TT,CC,CC,CC,CC,CC,CC,CC,CC,CC,CC,CC,TT,CC,CC,CC,CC,CC,CC,CC,TT,TT,TT,TT,CC,TT,TT,TT,TT,TT,CC,TT,TT,TT,TT,CC,CC,CC,CC,TT,CC,TT,CC,CC,TT,TT,TT,TT,TT,TT,CC,CC,CC,CC,CC,CC,TT,TT,CC,TT,CC,TT,CC,NN,CC,TT,TT,CC,CC,CC,CC,TT,CC,TT,TT,CC,CC,TT,TT,CC,CC,CC,CC,TT,CC,CC,TT,TT,TT,CC,CC,CC,CC,CC,CC,CC,CC,CC,CC,CC,CC,CC,CC,CC,CC,CC,TT,TT,TT,CC,CC,TT,CC,CC,TT,CC,CC,CC,TT,TT,TT,CC,CC,CC,TT,CC,TT,CC,CC,CC,CC,TT,CC,TT,TT,TT,CC,CC,CC,CC,CC,CC,CC,CC,CC,TT,TT,TT,TT,CC,TT,TT,TT,NN,TT,TT,TT,TT,CC,CC,TT,CC,CC,TT,TT,CC,TT,TT,CC,CC,TT,CC,TT,CC,CC,TT,TT,TT,TT,TT,TT,CC,TT,TT,CC,TT,CC,TT,CC,CC,CC,CC,CC,TT,CC,CC,CC,CC,CC,TT,TT,CC,TT,CC,CC,TT,CC,TT,TT,TT,TT,TT,CC,TT,TT,CC,CC,CC,CC,CC,TT,CC,CC,CC,CC,CC,CC,CC,NN,CC,CC,CC,CC,CC,TT,TT,CC,TT,TT,TT,CC,TT,TT,TT,TT,TT,TT,CC,TT,TT,TT,TT,TT,TT,TT,CC,TT,CC,CC,CC,TT,TT,TT,CC,CC,CC,TT,TT,TT,TT,CC,TT,TT,TT,CC,CC,TT,CC,TT,TT,TT,TT,CC,CC,CC,CC,TT,CC,CC,CC,TT,CC,CC,TT,CC,CC,TT,CC,CC,CC,CC,CC,TT,TT,TT,TT,TT,TT,TT,CC,TT,TT,CC,TT,TT,CC,TT,TT,CC,CC,CC,CC,CC,TT,CC,CC,CC,CC,TT,CC,CC,CC,CC,CC,CC,CC,CC,TT,CC,TT,TT,TT,TT,TT,CC,CC,TT,TT,TT,TT,CC,CC,CC,CC,CC,CC,CC,TT,TT,CC,CC,CC,CC,TT,TT,TT,TT,TT,TT,TT,TT,CC,CC,TT,TT,TT,TT,CC,TT,CC,CC,CC,TT,TT,TT,CC,CC,CC,CC,CC,TT,TT,TT,CC,TT,TT,CC,TT,CC,CC,CC,CC,CC,TT,NN,TT,TT,TT,TT,CC,TT,TT,TT,TT,CC,TT,TT,TT,TT,TT,TT,CC,CC,CC,CC,CC,TT,CC,TT,TT,TT,TT,TT,TT,CC,TT,TT,CC,CC,CC,CC,TT,CC,TT,CC,TT,CC,CC,CC,TT
IWA8154*,0.86,,GG,GG,GG,GG,GG,GG,GG,TT,GG,GG,GG,GG,GG,GG,GG,GG,GG,GG,GG,GG,GG,GG,GG,GG,GG,GG,GG,GG,GG,GG,GG,GG,GG,GG,GG,GG,TT,GG,GG,GG,GG,GG,GG,GG,GG,GG,GG,GG,GG,GG,GG,GG,GG,GG,GG,GG,GG,GG,GG,GG,GG,GG,GG,GG,GG,GG,GG,GG,GG,GG,GG,GG,TT,GG,GG,GG,GG,GG,GG,GG,GG,GG,GG,GG,GG,GG,GG,GG,GG,GG,GG,GG,GG,GG,GG,GG,GG,GG,GG,GG,GG,GG,GG,GG,GG,GG,GG,GG,GG,GG,GG,GG,TT,TT,GG,GG,GG,GG,GG,GG,GG,GG,GG,GG,GG,TT,GG,GG,GG,GG,GG,GG,GG,GG,GG,GG,GG,GG,GG,GG,GG,GG,GG,TT,TT,GG,GG,GG,GG,GG,GG,GG,GG,GG,GG,GG,GG,GG,GG,GG,GG,GG,GG,GG,GG,GG,GG,GG,GG,GG,GG,GG,GG,TT,GG,GG,GG,GG,GG,GG,GG,GG,GG,GG,GG,GG,GG,GG,TT,GG,GG,TT,TT,GG,GG,GG,GG,TT,TT,GG,GG,GG,GG,GG,GG,GG,GG,GG,GG,TT,GG,TT,GG,GG,GG,GG,GG,GG,GG,GG,GG,TT,GG,GG,GG,GG,GG,TT,TT,GG,GG,GG,GG,GG,GG,GG,TT,GG,GG,GG,GG,TT,TT,GG,GG,GG,GG,GG,GG,GG,GG,GG,GG,GG,GG,GG,GG,TT,GG,GG,GG,GG,GG,GG,GG,GG,GG,GG,GG,GG,TT,GG,GG,GG,GG,GG,TT,GG,GG,GG,GG,GG,GG,GG,GG,TT,GG,GG,GG,GG,GG,GG,GG,TT,TT,GG,GG,TT,GG,GG,GG,GG,GG,GG,GG,GG,GG,GG,GG,GG,GG,TT,GG,GG,GG,GG,GG,GG,GG,GG,GG,GG,GG,GG,GG,GG,GG,GG,GG,GG,GG,GG,GG,GG,GG,GG,GG,GG,GG,GG,TT,GG,GG,GG,GG,TT,GG,GG,GG,GG,GG,GG,GG,GG,GG,GG,GG,GG,GG,GG,GG,GG,GG,GG,TT,GG,TT,GG,GG,GG,GG,GG,GG,GG,GG,GG,GG,GG,GG,GG,TT,GG,GG,GG,GG,GG,GG,GG,GG,GG,GG,GG,GG,GG,GG,GG,GG,GG,TT,TT,GG,GG,GG,GG,GG,GG,GG,GG,GG,GG,GG,GG,GG,GG,GG,GG,GG,GG,GG,GG,GG,GG,GG,GG,GG,TT,GG,TT,TT,TT,TT,GG,GG,GG,GG,GG,GG,GG,GG,GG,TT,GG,GG,TT,GG,TT,GG,GG,GG,GG,GG,GG,GG,GG,GG,GG,TT,GG,GG,GG,GG,GG,GG,GG,GG,TT,GG,TT,GG,GG,GG,GG,GG,GG,GG,GG,GG,GG,TT,GG,GG,GG,GG,GG,TT,GG,GG,GG,GG,GG,GG,GG,GG,GG,GG,GG,GG,GG,GG,GG,GG,GG,GG,GG,GG,GG,GG,TT,GG,GG,GG,GG,TT,GG,GG,GG,GG,GG,GG,TT,GG,GG,GG,GG,GG,TT,GG,GG,GG,GG,GG,GG,TT,GG,GG,TT,GG,GG,GG,GG,GG,GG,GG,TT,GG,GG,GG,GG,TT,GG,GG,GG,GG,TT,GG,GG,GG,GG,GG,GG,GG,GG,GG,GG,GG,GG,GG,GG,GG,GG,GG,GG,GG,GG,GG,GG,GG,GG,GG,GG,GG,GG,GG,GG,GG,GG,GG,GG,GG,GG,GG,GG,GG,GG,TT,TT,GG,GG,TT,GG,GG,GG,GG,GG,GG,GG,GG,GG,GG,GG,GG,GG,GG,GG,GG,TT,GG,GG,GG,GG,GG,GG,GG,TT,GG,GG,GG,GG,GG,GG,GG,GG,GG,GG,GG,GG,GG,GG,TT,GG,GG,TT,GG,GG,GG,GG,GG,GG,GG,GG,GG,GG,TT,TT,TT,GG,GG,GG,GG,GG,TT,TT,GG,GG,GG,GG,TT,GG,GG,GG,GG,GG,GG,TT,GG,GG,GG,GG,GG,GG,GG,GG,GG,GG,GG,GG,TT,GG,TT,GG,GG,TT,TT,GG,GG,TT,GG,TT,GG,GG,GG,GG,GG,GG,TT,GG,GG,GG,GG,GG,GG,GG,GG,GG,GG,GG,GG,GG,GG,GG,GG,GG,GG,GG,GG,GG,GG,GG,GG,GG,GG,GG,GG,GG,GG,GG,GG,GG,GG,GG,GG,GG,GG,GG,GG,GG,TT,GG,GG,GG,GG,GG,GG,GG,TT,GG,GG,GG,GG,GG,GG,GG,GG,GG,GG,TT,GG,GG,TT,TT,TT,GG,GG,GG,GG,GG,GG,GG,GG,GG,GG,TT,GG,GG,GG,GG,GG,GG,GG,GG,GG,GG,GG,GG,GG,GG,GG,GG,GG,GG,GG,TT,GG,TT,GG,GG,TT,GG,GG,GG,GG,GG,TT,TT,GG,GG,GG,GG,GG,GG,GG,GG,GG,GG,GG,GG,GG,GG,TT,GG,GG,GG,GG,GG,NN,GG,GG,GG,GG,GG,GG,GG,GG,TT,TT,GG,GG,GG,GG,GG,GG,NN,GG,GG,GG,GG,GG,GG,GG,GG,GG,GG,GG,GG,GG,GG,GG,GG,GG,GG,TT,GG,GG,GG,GG,GG,TT,GG,GG,GG,GG,GG,GG,GG,GG,TT,TT,GG,TT,GG,TT,GG,TT,GG,TT,GG,GG,GG,TT,TT,TT,GG,GG,TT,TT,TT,GG,GG,GG,GG,GG,GG,GG,GG,GG,GG,GG,GG,GG,GG,GG,GG,GG,GG,TT,GG,GG,GG,GG,GG,TT,GG,GG,TT,TT,GG,TT,GG,GG,GG,GG,GG,GG,GG,GG,GG,GG,GG,GG,GG,GG,GG,GG,TT,GG,GG,GG,GG,TT,TT,GG,TT,GG,TT,TT,GG,TT,TT,GG,GG,TT,GG,GG,GG,GG,NN,TT,TT,GG,GG,GG,GG,GG,GG,GG,GG,GG,GG,GG,GG,GG,GG,GG,GG,TT,GG,GG,GG,TT,GG,TT,GG,GG,GG,TT,GG,GG,GG,GG,GG,GG,GG,GG,GG,GG,TT,GG,GG,GG,GG,GG,GG,GG,GG,GG,GG,GG,GG,GG,GG,TT,GG,GG,GG,TT,TT,GG,GG,TT,TT,TT,GG,GG,GG,GG,GG,GG,GG,GG,GG,GG,GG,GG,GG,GG,GG,GG,GG,GG,GG,GG,GG,GG,GG,GG,GG,GG,TT,TT,GG,TT,GG,GG,GG,GG,GG,GG,GG,GG,GG,GG,GG,GG,GG,GG,GG,GG,GG,TT,TT,TT,GG,TT,TT,TT,GG,TT,GG,TT,TT,TT,TT,TT,GG,GG,GG,GG,GG,GG,GG,GG,GG,GG,GG,GG,TT,GG,GG,TT,GG,GG,GG,GG,GG,GG,GG,GG,GG,GG,GG,GG,GG,GG,GG,GG,GG,TT,TT,GG,TT,GG,GG,GG,GG,GG,GG,GG,GG,GG,GG,GG,GG,GG,GG,TT,GG,GG,GG,GG,GG,GG,TT,NN,GG,GG,NN,GG,GG,TT,GG,GG,GG,GG,GG,GG
IWA114*,0.54,,GG,GG,GG,GG,GG,GG,GG,GG,AA,AA,AA,AA,AA,GG,GG,GG,GG,GG,AA,GG,GG,GG,GG,GG,GG,GG,GG,GG,GG,GG,AA,GG,GG,AA,GG,GG,GG,GG,GG,GG,GG,GG,GG,GG,GG,GG,GG,AA,GG,GG,GG,GG,GG,GG,GG,GG,GG,GG,GG,GG,GG,GG,GG,GG,GG,GG,AA,GG,GG,GG,GG,GG,GG,GG,GG,GG,GG,AA,GG,AA,AA,AA,GG,GG,GG,GG,GG,GG,GG,GG,GG,GG,GG,GG,GG,GG,GG,GG,GG,GG,AA,AA,AA,GG,GG,GG,GG,AA,GG,GG,GG,GG,GG,GG,GG,GG,GG,GG,GG,GG,AA,GG,GG,GG,GG,GG,GG,GG,GG,GG,GG,GG,GG,GG,GG,GG,GG,GG,GG,AA,GG,AA,GG,GG,GG,GG,GG,AA,GG,GG,GG,GG,GG,AA,GG,GG,GG,GG,GG,GG,GG,GG,GG,GG,GG,GG,GG,GG,GG,GG,GG,GG,GG,AA,GG,AA,GG,AA,AA,AA,AA,GG,AA,GG,GG,GG,GG,GG,GG,GG,GG,AA,GG,GG,GG,GG,GG,GG,GG,GG,GG,GG,GG,GG,GG,GG,GG,GG,GG,GG,GG,GG,GG,GG,GG,GG,AA,GG,AA,GG,AA,GG,GG,GG,GG,GG,AA,GG,GG,GG,GG,GG,GG,GG,GG,GG,GG,GG,GG,AA,AA,GG,GG,GG,AA,GG,GG,GG,AA,GG,GG,GG,GG,GG,GG,GG,GG,GG,GG,AA,AA,GG,GG,AA,AA,GG,GG,AA,AA,GG,AA,GG,GG,GG,GG,GG,GG,GG,GG,AA,GG,GG,GG,GG,GG,GG,GG,GG,GG,AA,AA,GG,GG,GG,GG,AA,GG,GG,GG,GG,GG,GG,GG,GG,GG,AA,GG,AA,AA,AA,AA,AA,GG,GG,GG,GG,GG,GG,GG,GG,NN,AA,AA,GG,GG,GG,GG,GG,GG,GG,GG,GG,GG,AA,GG,AA,GG,AA,AA,GG,AA,GG,GG,AA,GG,GG,GG,AA,AA,GG,AA,AA,AA,GG,GG,AA,GG,GG,GG,GG,GG,GG,GG,GG,GG,GG,GG,GG,GG,GG,GG,GG,AA,GG,GG,GG,GG,GG,GG,AA,GG,GG,GG,GG,GG,AA,AA,GG,GG,GG,GG,GG,GG,GG,GG,GG,GG,GG,GG,GG,GG,GG,GG,GG,AA,GG,AA,GG,GG,AA,GG,GG,GG,GG,GG,AA,AA,AA,GG,GG,GG,GG,GG,GG,GG,GG,GG,GG,GG,GG,GG,AA,AA,AA,GG,GG,AA,GG,GG,GG,AA,AA,AA,GG,GG,GG,GG,GG,GG,GG,AA,AA,AA,GG,GG,GG,GG,AA,AA,GG,AA,AA,GG,GG,AA,GG,AA,GG,AA,AA,AA,AA,AA,GG,GG,AA,GG,GG,AA,AA,GG,GG,GG,GG,GG,GG,AA,GG,GG,AA,AA,AA,GG,AA,GG,GG,GG,AA,AA,AA,GG,GG,GG,GG,GG,AA,AA,GG,AA,AA,GG,GG,AA,AA,GG,GG,AA,AA,GG,GG,AA,AA,GG,GG,AA,AA,GG,GG,GG,GG,GG,GG,AA,GG,AA,AA,AA,GG,GG,GG,GG,AA,GG,AA,GG,GG,GG,GG,AA,AA,AA,GG,GG,GG,AA,GG,GG,GG,GG,GG,AA,AA,AA,GG,GG,GG,GG,GG,GG,GG,GG,GG,GG,GG,GG,GG,GG,GG,AA,GG,AA,AA,AA,AA,GG,GG,GG,AA,AA,AA,GG,AA,AA,GG,GG,GG,GG,AA,GG,AA,AA,AA,AA,AA,GG,AA,AA,AA,AA,AA,AA,GG,AA,AA,AA,GG,GG,GG,AA,GG,GG,GG,AA,GG,GG,GG,GG,GG,GG,GG,GG,AA,GG,AA,AA,GG,GG,GG,AA,GG,GG,AA,AA,AA,AA,AA,AA,AA,AA,AA,GG,AA,GG,AA,GG,AA,GG,AA,AA,GG,GG,GG,GG,GG,GG,GG,GG,AA,AA,AA,GG,GG,AA,AA,GG,GG,AA,AA,AA,AA,AA,AA,AA,GG,AA,AA,GG,GG,AA,AA,GG,GG,GG,AA,GG,AA,AA,GG,GG,GG,GG,GG,AA,AA,GG,AA,AA,AA,GG,GG,GG,AA,GG,AA,NN,AA,AA,AA,AA,AA,AA,AA,AA,AA,AA,AA,AA,AA,AA,AA,AA,AA,AA,AA,AA,AA,AA,AA,AA,AA,AA,AA,AA,AA,AA,GG,GG,GG,AA,GG,GG,GG,GG,AA,AA,GG,GG,GG,GG,GG,AA,AA,AA,AA,AA,GG,AA,AA,GG,AA,GG,GG,GG,GG,AA,GG,GG,GG,GG,GG,GG,GG,AA,AA,AA,AA,AA,AA,AA,AA,AA,AA,AA,AA,AA,AA,GG,AA,AA,GG,AA,GG,GG,AA,AA,AA,GG,AA,AA,GG,AA,GG,GG,AA,AA,AA,AA,AA,AA,AA,AA,AA,AA,AA,AA,GG,AA,AA,GG,GG,GG,GG,AA,GG,GG,AA,GG,GG,AA,AA,GG,GG,AA,AA,AA,GG,GG,GG,GG,GG,GG,AA,AA,AA,AA,AA,AA,AA,AA,AA,GG,AA,AA,AA,AA,AA,AA,AA,AA,GG,AA,AA,AA,AA,AA,GG,GG,GG,GG,AA,GG,GG,AA,AA,AA,AA,AA,AA,AA,AA,NN,AA,AA,AA,AA,GG,GG,GG,GG,AA,AA,GG,GG,GG,GG,GG,AA,AA,GG,AA,AA,AA,AA,AA,AA,AA,AA,AA,AA,AA,AA,AA,AA,AA,AA,GG,GG,GG,AA,AA,AA,GG,GG,GG,AA,AA,GG,GG,GG,GG,AA,AA,AA,AA,AA,AA,AA,AA,AA,AA,AA,AA,AA,AA,AA,GG,GG,AA,GG,GG,GG,AA,GG,GG,GG,GG,GG,GG,AA,AA,GG,GG,GG,GG,AA,AA,GG,AA,GG,AA,AA,AA,AA,AA,AA,AA,AA,AA,AA,AA,AA,AA,GG,AA,AA,AA,AA,AA,AA,AA,AA,AA,AA,GG,GG,AA,GG,AA,AA,AA,AA,AA,AA,AA,AA,AA,AA,AA,AA,AA,AA,AA,AA,AA,AA,AA,AA,AA,GG,GG,AA,GG,AA,AA,AA,GG,AA,AA,AA,AA,GG,AA,AA,AA,AA,AA,AA,AA,AA,AA,AA,AA,AA,AA,AA,AA,AA,AA,AA,AA,AA,GG,AA,AA,GG,GG,GG,AA,AA,GG,GG,GG,GG,GG,GG,AA,AA,AA,AA,AA,AA,AA,GG,GG,AA,AA,AA,AA,AA,AA,GG,AA,AA,AA,AA,AA,AA,AA,GG,AA,GG,GG,AA,AA,AA,AA,AA,AA,AA,AA,AA,AA,AA,AA,AA,GG,AA,GG,GG,AA,AA,AA,AA,AA,AA,AA,AA,AA,AA,AA,AA,AA,AA,GG,AA,AA,AA,GG,AA,AA,AA,AA,AA,AA,AA,AA,AA,AA,AA,AA,AA,GG,AA,GG,GG,GG,AA,AA,AA,AA,GG,AA,NN,AA,AA,NN,GG,AA,AA,AA,AA,AA,AA,AA,AA
IWA5529*,0.89,,CC,CC,CC,CC,CC,CC,CC,CC,CC,CC,CC,CC,CC,CC,CC,CC,CC,CC,CC,CC,CC,TT,CC,CC,CC,CC,CC,CC,CC,CC,CC,CC,CC,CC,CC,CC,CC,CC,CC,CC,CC,CC,CC,CC,CC,CC,CC,CC,CC,CC,CC,CC,CC,CC,CC,CC,CC,CC,CC,CC,CC,CC,CC,CC,CC,CC,CC,CC,CC,TT,CC,CC,CC,CC,CC,CC,CC,CC,CC,TT,TT,TT,TT,CC,CC,CC,CC,CC,CC,CC,CC,CC,CC,CC,CC,CC,CC,CC,CC,CC,CC,CC,CC,CC,CC,CC,CC,CC,CC,CC,CC,CC,CC,CC,CC,CC,CC,CC,CC,CC,CC,CC,CC,CC,CC,CC,CC,CC,CC,CC,CC,CC,CC,CC,CC,CC,CC,CC,CC,CC,CC,CC,CC,CC,CC,CC,CC,CC,CC,CC,CC,CC,CC,CC,CC,CC,CC,CC,CC,CC,CC,CC,CC,CC,TT,CC,CC,TT,CC,CC,CC,CC,CC,CC,CC,CC,CC,TT,TT,TT,TT,CC,TT,CC,CC,CC,CC,CC,CC,CC,CC,CC,CC,CC,CC,CC,CC,CC,CC,CC,CC,CC,CC,CC,CC,CC,CC,CC,CC,CC,CC,CC,CC,CC,CC,CC,CC,CC,CC,CC,TT,CC,CC,CC,CC,CC,TT,CC,CC,CC,CC,CC,CC,CC,CC,CC,CC,CC,CC,CC,CC,CC,CC,CC,CC,CC,CC,CC,CC,CC,CC,CC,CC,CC,CC,CC,CC,CC,CC,CC,CC,CC,CC,CC,CC,TT,CC,TT,TT,CC,CC,CC,CC,CC,CC,CC,CC,CC,CC,CC,CC,CC,CC,CC,CC,CC,CC,CC,CC,CC,TT,CC,TT,CC,CC,CC,CC,CC,CC,CC,CC,CC,CC,CC,CC,CC,CC,CC,CC,TT,CC,CC,CC,CC,CC,CC,CC,CC,CC,CC,CC,CC,CC,CC,CC,CC,CC,CC,CC,CC,TT,CC,CC,TT,CC,CC,CC,CC,CC,CC,CC,CC,CC,CC,CC,CC,CC,CC,CC,CC,TT,TT,CC,CC,CC,CC,CC,CC,CC,CC,CC,CC,CC,CC,CC,CC,CC,CC,CC,CC,CC,CC,CC,CC,CC,CC,CC,CC,CC,CC,CC,CC,CC,CC,CC,CC,CC,CC,CC,CC,CC,CC,CC,CC,CC,CC,CC,CC,CC,CC,CC,CC,CC,CC,CC,CC,CC,CC,CC,CC,CC,CC,CC,CC,CC,CC,CC,CC,CC,CC,CC,CC,CC,CC,CC,CC,CC,CC,CC,CC,CC,CC,TT,TT,CC,CC,CC,CC,CC,CC,CC,CC,CC,CC,CC,CC,CC,CC,CC,CC,CC,CC,CC,CC,CC,CC,CC,TT,CC,CC,CC,CC,CC,CC,CC,CC,CC,CC,CC,CC,TT,TT,TT,CC,CC,CC,CC,CC,CC,CC,CC,CC,CC,CC,CC,CC,CC,CC,CC,CC,CC,CC,CC,TT,CC,CC,CC,CC,CC,CC,CC,CC,CC,CC,CC,TT,CC,CC,CC,CC,CC,CC,CC,CC,CC,CC,CC,CC,CC,CC,CC,CC,CC,CC,CC,CC,CC,CC,CC,CC,CC,CC,CC,TT,CC,CC,CC,CC,CC,CC,CC,CC,CC,CC,CC,CC,CC,CC,CC,CC,CC,CC,CC,CC,CC,CC,TT,CC,CC,CC,CC,CC,CC,CC,CC,CC,CC,CC,CC,CC,CC,CC,CC,CC,CC,CC,CC,CC,CC,CC,CC,CC,CC,CC,CC,CC,CC,CC,CC,CC,CC,TT,CC,CC,CC,CC,CC,CC,CC,CC,CC,CC,CC,CC,CC,CC,CC,CC,CC,CC,TT,CC,TT,CC,CC,CC,CC,CC,CC,CC,CC,CC,TT,CC,CC,CC,CC,CC,CC,CC,CC,CC,CC,CC,CC,CC,CC,CC,CC,CC,CC,CC,CC,CC,CC,CC,CC,CC,CC,TT,CC,CC,CC,CC,CC,CC,CC,TT,CC,CC,CC,CC,CC,CC,CC,CC,CC,CC,CC,CC,CC,CC,CC,CC,CC,CC,CC,CC,CC,TT,CC,CC,CC,CC,CC,CC,CC,CC,TT,CC,CC,CC,CC,CC,CC,CC,CC,CC,CC,CC,CC,CC,TT,CC,CC,CC,CC,CC,CC,CC,CC,CC,CC,CC,CC,CC,CC,TT,CC,CC,CC,CC,CC,TT,TT,CC,TT,TT,TT,TT,TT,TT,TT,TT,CC,TT,TT,CC,TT,TT,TT,CC,TT,TT,TT,CC,CC,TT,CC,CC,CC,CC,CC,CC,TT,CC,CC,CC,CC,CC,TT,CC,CC,CC,CC,CC,CC,CC,CC,CC,CC,CC,CC,CC,CC,CC,CC,CC,CC,CC,CC,CC,CC,CC,CC,CC,TT,TT,TT,TT,TT,TT,CC,TT,TT,CC,CC,CC,CC,CC,CC,CC,CC,CC,CC,CC,CC,CC,CC,CC,CC,CC,CC,CC,CC,CC,CC,TT,CC,TT,TT,TT,TT,CC,CC,CC,CC,CC,CC,CC,CC,CC,CC,CC,CC,CC,CC,CC,CC,CC,CC,CC,CC,CC,CC,CC,CC,CC,CC,CC,CC,CC,TT,CC,CC,CC,CC,CC,CC,CC,TT,CC,TT,CC,CC,CC,CC,CC,CC,CC,CC,CC,CC,CC,CC,CC,CC,CC,CC,CC,CC,CC,CC,TT,CC,CC,CC,CC,CC,CC,CC,CC,CC,CC,CC,CC,CC,CC,CC,CC,CC,CC,CC,CC,CC,CC,CC,CC,CC,CC,TT,TT,CC,CC,CC,CC,CC,CC,CC,CC,TT,CC,CC,CC,CC,CC,CC,CC,TT,TT,CC,CC,CC,TT,CC,TT,CC,CC,CC,CC,CC,CC,CC,CC,TT,CC,TT,TT,TT,CC,CC,CC,CC,TT,CC,CC,TT,CC,CC,CC,CC,CC,CC,CC,CC,CC,TT,CC,TT,CC,CC,CC,CC,CC,CC,CC,CC,CC,CC,CC,CC,CC,CC,CC,CC,CC,CC,CC,CC,TT,CC,CC,CC,TT,CC,CC,TT,CC,CC,CC,CC,CC,CC,CC,CC,TT,TT,CC,CC,CC,CC,CC,CC,CC,CC,CC,TT,CC,TT,CC,CC,CC,CC,TT,CC,TT,CC,CC,CC,CC,CC,CC,TT,TT,CC,CC,CC,CC,CC,TT,CC,CC,CC,TT,TT,CC,CC,CC,CC,CC,CC,CC,CC,CC,CC,CC,CC,CC,CC,CC,CC,CC,CC,CC,CC,CC,CC,CC,CC,CC,CC,TT,CC,CC,CC,CC,CC,CC,CC,CC,CC,CC,CC,CC,TT,CC,CC,CC,CC,CC,CC,TT,CC,CC,CC,CC,TT,TT,CC,CC,CC,CC,TT,CC,CC,TT,CC,CC,TT,CC,TT,CC,CC,CC,CC,CC,CC,CC,CC,TT,CC,CC,CC,CC,CC,CC,CC,CC,CC,CC,CC,CC,CC,CC,CC,CC,CC,CC,CC,CC,TT,CC,CC,CC,TT,CC,CC,CC,CC,CC,CC,CC,CC,CC,TT,CC,TT,TT,TT,CC,TT,CC,NN,CC,CC,CC,CC,CC,CC,CC,CC,TT,CC,CC,NN
IWA5329*,0.95,,TT,TT,TT,TT,TT,TT,TT,TT,TT,TT,TT,TT,TT,TT,TT,TT,TT,TT,TT,TT,TT,TT,TT,TT,TT,TT,TT,TT,TT,TT,TT,TT,TT,TT,TT,TT,TT,TT,TT,TT,TT,TT,TT,TT,TT,TT,TT,TT,TT,TT,TT,TT,TT,TT,TT,TT,TT,TT,TT,TT,TT,TT,TT,TT,TT,TT,TT,TT,TT,TT,TT,TT,TT,TT,TT,TT,TT,TT,TT,TT,TT,TT,TT,TT,TT,TT,TT,TT,TT,TT,TT,TT,TT,TT,TT,TT,TT,TT,TT,TT,TT,TT,TT,TT,TT,TT,TT,TT,TT,TT,TT,TT,TT,TT,TT,TT,TT,TT,TT,TT,TT,TT,TT,TT,TT,TT,TT,TT,TT,TT,TT,TT,TT,TT,TT,TT,TT,TT,TT,TT,TT,TT,TT,TT,TT,TT,CC,TT,TT,TT,TT,TT,TT,TT,TT,TT,TT,TT,TT,TT,TT,TT,TT,TT,TT,TT,TT,TT,TT,TT,TT,TT,TT,TT,TT,TT,TT,TT,TT,TT,TT,TT,TT,TT,TT,TT,TT,TT,TT,TT,TT,TT,TT,TT,TT,TT,TT,TT,TT,TT,TT,TT,TT,TT,TT,TT,TT,TT,TT,TT,TT,TT,TT,TT,TT,TT,TT,TT,TT,TT,TT,TT,TT,TT,TT,TT,TT,TT,TT,TT,TT,TT,TT,TT,TT,TT,TT,TT,TT,TT,TT,TT,TT,TT,TT,TT,TT,TT,TT,TT,TT,TT,TT,TT,TT,TT,TT,TT,TT,TT,TT,TT,TT,TT,TT,TT,TT,TT,TT,TT,TT,TT,TT,TT,TT,TT,TT,TT,TT,TT,TT,TT,TT,TT,TT,TT,TT,TT,TT,TT,TT,TT,TT,TT,TT,TT,TT,TT,TT,TT,TT,TT,TT,TT,TT,TT,TT,TT,TT,TT,TT,TT,TT,TT,TT,TT,TT,TT,TT,TT,TT,TT,TT,TT,TT,TT,TT,TT,TT,TT,TT,TT,TT,TT,TT,TT,TT,TT,TT,TT,TT,TT,TT,TT,TT,TT,TT,TT,TT,TT,TT,TT,TT,TT,TT,TT,TT,TT,TT,TT,TT,TT,TT,TT,TT,TT,TT,TT,TT,TT,TT,TT,TT,TT,TT,TT,TT,TT,TT,TT,TT,TT,TT,TT,TT,TT,TT,TT,TT,TT,TT,TT,TT,TT,TT,TT,TT,TT,TT,TT,TT,TT,TT,TT,TT,TT,TT,TT,TT,TT,TT,TT,TT,TT,TT,TT,TT,TT,TT,TT,TT,TT,TT,TT,TT,TT,TT,TT,TT,TT,TT,TT,TT,TT,TT,TT,TT,TT,TT,TT,TT,TT,TT,TT,TT,TT,TT,TT,TT,TT,TT,TT,TT,TT,CC,TT,TT,TT,TT,TT,TT,TT,TT,TT,TT,TT,TT,TT,TT,CC,TT,TT,TT,TT,TT,TT,TT,TT,TT,TT,TT,TT,TT,TT,TT,TT,TT,TT,TT,TT,TT,TT,TT,TT,TT,TT,TT,CC,TT,TT,TT,CC,TT,TT,TT,TT,TT,TT,CC,TT,TT,TT,TT,TT,TT,TT,TT,TT,TT,TT,TT,TT,TT,TT,TT,TT,TT,TT,TT,TT,TT,TT,TT,TT,TT,TT,TT,TT,TT,TT,TT,TT,TT,TT,TT,TT,TT,TT,TT,TT,TT,TT,TT,TT,TT,TT,TT,TT,TT,TT,CC,TT,TT,TT,TT,TT,TT,TT,TT,TT,TT,TT,TT,TT,TT,TT,TT,TT,TT,TT,CC,TT,TT,TT,TT,TT,TT,CC,CC,TT,TT,TT,TT,TT,TT,TT,TT,TT,TT,TT,CC,TT,TT,TT,TT,TT,TT,TT,TT,TT,TT,TT,TT,TT,TT,TT,TT,TT,TT,CC,TT,TT,TT,TT,TT,TT,TT,TT,TT,TT,TT,TT,TT,TT,TT,TT,TT,TT,TT,TT,TT,TT,TT,TT,CC,TT,TT,TT,TT,TT,TT,TT,TT,TT,TT,CC,TT,TT,CC,CC,TT,TT,TT,TT,TT,TT,TT,TT,TT,TT,TT,TT,TT,TT,TT,TT,TT,TT,TT,CC,TT,TT,TT,TT,TT,TT,TT,TT,CC,TT,CC,TT,TT,TT,TT,TT,TT,TT,TT,TT,TT,TT,CC,TT,TT,CC,TT,TT,TT,TT,TT,TT,TT,TT,TT,TT,TT,CC,TT,TT,TT,TT,TT,TT,TT,TT,TT,TT,TT,TT,TT,TT,TT,TT,TT,TT,TT,TT,TT,TT,TT,TT,TT,TT,TT,TT,TT,TT,TT,TT,TT,TT,TT,TT,CC,TT,TT,TT,TT,TT,TT,TT,TT,TT,TT,TT,TT,TT,TT,TT,TT,TT,TT,TT,CC,TT,TT,TT,TT,TT,TT,TT,CC,TT,TT,TT,TT,TT,TT,TT,TT,TT,TT,TT,TT,TT,TT,TT,TT,TT,TT,TT,TT,TT,TT,TT,TT,TT,CC,TT,TT,TT,TT,TT,TT,TT,TT,TT,TT,TT,TT,TT,TT,TT,TT,TT,TT,TT,TT,TT,TT,TT,CC,CC,TT,TT,TT,TT,TT,TT,TT,TT,TT,TT,TT,TT,TT,TT,TT,TT,TT,TT,TT,TT,TT,CC,TT,CC,TT,TT,TT,TT,TT,CC,CC,TT,TT,TT,TT,TT,TT,CC,CC,TT,TT,TT,TT,TT,TT,TT,TT,TT,CC,TT,TT,TT,TT,TT,TT,TT,TT,TT,TT,TT,TT,TT,TT,TT,TT,TT,TT,TT,TT,TT,TT,TT,TT,TT,TT,CC,TT,TT,TT,TT,TT,TT,TT,TT,TT,CC,TT,TT,TT,TT,TT,TT,TT,TT,TT,TT,TT,TT,TT,TT,TT,TT,TT,TT,TT,TT,TT,CC,TT,TT,NN,TT,TT,TT,TT,TT,TT,TT,CC,CC,TT,TT,TT,TT,TT,TT,TT,TT,TT,TT,TT,TT,TT,TT,TT,CC,TT,TT,TT,TT,TT,TT,TT,TT,TT,CC,CC,TT,TT,TT,TT,TT,TT,TT,TT,TT,TT,TT,TT,TT,TT,TT,CC,TT,TT,TT,TT,CC,TT,TT,TT,TT,TT,TT,TT,TT,TT,TT,TT,TT,TT,TT,TT,CC,TT,TT,TT,TT,TT,TT,TT,CC,TT,TT,TT,TT,TT,TT,TT,TT,TT,TT,TT,TT,TT,TT,TT,TT,TT,TT,TT,TT,TT,TT,TT,TT,TT,TT,TT,TT,TT,TT,TT,TT,TT,TT,CC,TT,TT,TT,TT,TT,TT,TT,TT,TT,TT,TT,TT,TT,TT,TT,CC,TT,TT,TT,TT,TT,TT,TT,TT,TT,TT,TT,TT,TT,TT,TT,TT,TT,TT,TT,TT,TT,TT,TT,TT,TT,TT,TT,TT,TT,TT,TT,TT,TT,TT,CC,TT,TT,TT,TT,TT,TT,TT,TT,TT,TT,CC,TT,TT,TT,TT,TT,TT,TT,CC,TT,TT,TT,TT,TT,TT,TT,CC,TT,CC,CC,CC,CC,TT,TT,TT,CC,TT,TT,TT,TT,CC,TT,TT,TT,TT,TT,TT,TT,TT,TT,TT,TT,CC,TT,TT,CC,TT,CC,TT,TT,CC,CC,TT
IWA2363‡,0.34,,CC,CC,CC,TT,CC,TT,CC,CC,CC,CC,CC,CC,CC,TT,TT,TT,CC,TT,CC,CC,CC,CC,CC,TT,CC,TT,CC,TT,CC,TT,TT,TT,CC,CC,CC,CC,CC,TT,CC,CC,CC,TT,TT,TT,CC,CC,CC,TT,TT,TT,CC,CC,TT,TT,TT,TT,TT,TT,TT,CC,TT,CC,CC,TT,TT,CC,CC,CC,CC,CC,TT,TT,TT,CC,CC,CC,TT,CC,CC,CC,CC,CC,CC,TT,TT,CC,TT,CC,TT,CC,CC,CC,CC,CC,CC,CC,CC,CC,CC,CC,CC,CC,TT,CC,CC,TT,TT,CC,TT,CC,CC,CC,TT,CC,TT,TT,CC,CC,TT,TT,TT,TT,TT,TT,CC,TT,TT,CC,CC,CC,TT,TT,TT,TT,CC,CC,TT,CC,CC,TT,TT,TT,TT,CC,TT,CC,CC,CC,CC,TT,CC,CC,CC,TT,TT,TT,CC,TT,CC,CC,CC,CC,TT,CC,CC,CC,CC,CC,CC,CC,CC,CC,TT,TT,TT,TT,TT,CC,CC,CC,CC,CC,TT,CC,CC,TT,CC,CC,TT,CC,CC,TT,TT,CC,TT,TT,TT,TT,CC,TT,TT,CC,CC,TT,CC,TT,CC,CC,TT,CC,CC,TT,CC,TT,TT,TT,TT,CC,CC,CC,CC,CC,TT,CC,TT,CC,CC,TT,TT,CC,CC,CC,TT,TT,CC,TT,TT,CC,TT,CC,CC,TT,TT,CC,TT,TT,CC,CC,CC,CC,CC,TT,TT,TT,TT,TT,TT,TT,CC,TT,CC,TT,CC,CC,CC,TT,CC,CC,TT,CC,TT,CC,CC,TT,CC,TT,TT,TT,TT,TT,CC,TT,CC,TT,CC,TT,CC,CC,CC,CC,CC,CC,CC,TT,TT,TT,CC,CC,TT,TT,TT,TT,CC,TT,TT,TT,TT,TT,CC,TT,CC,TT,TT,TT,CC,CC,TT,TT,TT,TT,TT,TT,TT,TT,TT,TT,CC,TT,CC,CC,CC,CC,TT,CC,TT,TT,CC,CC,CC,TT,TT,CC,CC,CC,TT,TT,TT,CC,CC,CC,CC,CC,TT,TT,TT,TT,CC,TT,TT,CC,TT,TT,CC,CC,TT,TT,CC,CC,TT,CC,CC,TT,CC,TT,CC,CC,CC,CC,TT,TT,CC,TT,CC,TT,TT,CC,CC,TT,CC,TT,TT,TT,TT,TT,CC,TT,CC,CC,CC,CC,CC,TT,CC,TT,CC,TT,CC,CC,TT,CC,TT,CC,CC,TT,CC,CC,TT,TT,TT,TT,TT,CC,CC,CC,CC,CC,TT,TT,TT,TT,CC,CC,CC,CC,TT,CC,CC,CC,TT,TT,TT,TT,TT,CC,TT,CC,CC,CC,TT,TT,TT,TT,CC,CC,CC,TT,CC,CC,CC,CC,CC,CC,CC,TT,TT,TT,TT,TT,CC,CC,CC,CC,CC,TT,TT,CC,CC,CC,CC,CC,TT,TT,CC,TT,CC,CC,CC,CC,CC,CC,CC,CC,TT,TT,CC,TT,TT,CC,CC,CC,CC,CC,CC,CC,CC,CC,CC,CC,CC,CC,CC,TT,CC,TT,TT,TT,CC,TT,TT,TT,TT,CC,TT,TT,TT,CC,CC,TT,CC,TT,CC,TT,CC,CC,CC,CC,CC,CC,CC,CC,CC,CC,TT,TT,CC,TT,TT,CC,TT,CC,CC,CC,CC,CC,TT,TT,CC,CC,TT,CC,CC,CC,CC,NN,TT,TT,TT,TT,TT,TT,TT,TT,TT,TT,TT,TT,CC,CC,CC,CC,CC,TT,CC,TT,TT,TT,TT,CC,CC,CC,TT,CC,CC,CC,TT,TT,TT,TT,CC,CC,CC,CC,CC,CC,TT,CC,CC,CC,CC,CC,CC,TT,CC,CC,CC,CC,CC,TT,CC,CC,CC,CC,CC,CC,TT,CC,CC,CC,CC,CC,TT,CC,CC,CC,CC,CC,CC,CC,TT,CC,TT,CC,CC,CC,CC,CC,CC,CC,CC,CC,TT,TT,TT,CC,TT,CC,CC,CC,CC,CC,CC,CC,TT,CC,TT,TT,TT,TT,CC,TT,CC,CC,TT,CC,TT,CC,CC,CC,CC,CC,CC,CC,TT,TT,TT,CC,TT,TT,TT,CC,CC,CC,TT,CC,TT,CC,CC,CC,CC,CC,CC,CC,CC,CC,TT,CC,CC,CC,CC,CC,TT,CC,CC,CC,CC,CC,CC,CC,CC,CC,CC,CC,CC,CC,CC,TT,CC,CC,CC,CC,CC,CC,CC,CC,CC,CC,CC,CC,CC,CC,CC,CC,CC,CC,CC,TT,CC,TT,CC,TT,TT,TT,CC,CC,TT,TT,TT,CC,CC,TT,CC,CC,CC,CC,CC,CC,CC,CC,TT,TT,CC,TT,CC,TT,CC,TT,TT,TT,TT,CC,CC,TT,CC,CC,CC,CC,CC,CC,CC,CC,CC,CC,CC,CC,CC,CC,CC,TT,TT,TT,CC,TT,CC,TT,CC,CC,TT,TT,CC,TT,CC,TT,CC,CC,CC,CC,CC,CC,CC,CC,CC,CC,CC,CC,CC,CC,CC,CC,CC,TT,CC,NN,CC,CC,CC,CC,CC,TT,CC,CC,CC,CC,CC,CC,CC,TT,CC,CC,CC,CC,CC,TT,CC,CC,CC,CC,CC,CC,NN,CC,CC,CC,CC,CC,CC,CC,CC,CC,CC,TT,CC,CC,CC,CC,CC,TT,TT,CC,CC,CC,CC,CC,CC,CC,CC,TT,CC,CC,CC,CC,CC,CC,CC,CC,TT,TT,CC,CC,CC,CC,TT,TT,CC,CC,CC,CC,CC,CC,TT,CC,CC,CC,CC,CC,CC,CC,CC,CC,CC,CC,CC,CC,CC,TT,TT,TT,CC,CC,CC,CC,CC,TT,TT,TT,TT,CC,CC,CC,NN,CC,CC,CC,CC,CC,CC,CC,CC,CC,CC,CC,CC,CC,TT,CC,TT,TT,CC,TT,TT,CC,CC,TT,TT,TT,TT,TT,TT,CC,CC,CC,TT,TT,CC,CC,TT,TT,CC,CC,CC,CC,CC,CC,CC,CC,CC,CC,CC,CC,CC,CC,CC,CC,CC,CC,CC,CC,CC,CC,CC,CC,TT,CC,CC,TT,TT,CC,CC,CC,CC,CC,CC,CC,CC,CC,CC,TT,CC,CC,CC,CC,CC,CC,CC,CC,CC,CC,CC,CC,CC,TT,TT,TT,CC,CC,CC,TT,CC,CC,TT,CC,CC,TT,CC,CC,CC,CC,CC,CC,CC,CC,CC,CC,CC,CC,CC,CC,CC,CC,CC,CC,CC,CC,CC,TT,TT,TT,TT,CC,CC,CC,CC,TT,CC,CC,TT,CC,CC,CC,CC,CC,CC,CC,TT,CC,CC,CC,CC,CC,CC,TT,TT,CC,TT,TT,CC,CC,CC,CC,CC,CC,CC,CC,TT,CC,CC,CC,CC,CC,CC,CC,CC,CC,CC,CC,CC,CC,CC,CC,CC,CC,CC,TT,CC,CC,CC,CC,CC,CC,CC,CC,CC,CC,CC,CC,CC,CC,CC,CC,CC,CC,CC,CC,CC,CC,CC,TT,CC,CC,CC,CC,CC,CC,CC,TT,TT,TT,CC,CC,CC,CC,CC,CC,TT,CC,CC,TT,CC,CC,CC,CC,CC,CC,CC,CC,CC
IWA5668*,0.45,,TT,TT,TT,TT,TT,TT,TT,TT,CC,CC,CC,CC,CC,TT,TT,TT,TT,TT,CC,TT,TT,TT,TT,TT,TT,TT,TT,TT,TT,TT,TT,TT,TT,CC,TT,TT,TT,TT,TT,TT,TT,TT,TT,TT,TT,TT,TT,CC,TT,TT,TT,TT,TT,CC,TT,TT,TT,TT,TT,TT,TT,TT,TT,TT,TT,TT,TT,TT,TT,TT,TT,TT,TT,TT,TT,TT,TT,CC,CC,CC,CC,CC,TT,TT,TT,TT,TT,TT,TT,TT,TT,TT,TT,TT,TT,TT,TT,TT,TT,TT,TT,TT,TT,TT,TT,TT,TT,CC,TT,TT,TT,TT,TT,TT,TT,TT,TT,TT,TT,TT,TT,TT,TT,TT,TT,CC,TT,TT,TT,TT,CC,CC,CC,CC,TT,TT,TT,TT,TT,TT,TT,TT,TT,TT,CC,TT,TT,CC,TT,CC,TT,TT,TT,TT,TT,TT,CC,TT,CC,TT,TT,CC,CC,TT,TT,TT,TT,TT,TT,TT,TT,TT,TT,TT,TT,TT,CC,CC,CC,CC,CC,TT,CC,TT,TT,TT,TT,TT,TT,TT,TT,TT,TT,TT,TT,TT,TT,TT,CC,TT,TT,TT,TT,TT,TT,TT,TT,TT,TT,TT,TT,TT,TT,TT,TT,CC,TT,TT,TT,TT,CC,TT,TT,CC,TT,TT,CC,TT,TT,TT,TT,TT,TT,TT,TT,TT,CC,CC,TT,CC,CC,TT,TT,TT,TT,TT,TT,TT,CC,TT,TT,TT,TT,TT,TT,TT,TT,CC,TT,CC,TT,TT,TT,CC,CC,CC,CC,CC,CC,TT,CC,TT,TT,TT,TT,TT,TT,TT,TT,TT,TT,TT,TT,TT,TT,TT,TT,CC,CC,CC,CC,CC,TT,TT,TT,TT,TT,CC,CC,TT,TT,TT,TT,TT,TT,TT,TT,TT,CC,CC,CC,TT,TT,TT,TT,TT,TT,TT,TT,TT,CC,TT,CC,TT,CC,TT,TT,TT,TT,CC,CC,CC,TT,TT,TT,TT,TT,TT,CC,TT,TT,CC,TT,TT,TT,CC,TT,CC,CC,CC,CC,CC,TT,TT,TT,TT,TT,CC,TT,TT,TT,TT,TT,TT,TT,TT,TT,TT,CC,CC,TT,TT,TT,TT,TT,TT,TT,TT,TT,TT,CC,TT,TT,TT,TT,CC,CC,TT,TT,TT,TT,TT,TT,TT,TT,TT,TT,TT,TT,TT,TT,TT,TT,TT,CC,CC,TT,TT,TT,TT,CC,CC,TT,TT,TT,CC,CC,CC,CC,CC,CC,CC,TT,TT,CC,CC,CC,CC,TT,CC,TT,CC,CC,CC,TT,CC,CC,CC,TT,TT,CC,CC,TT,TT,TT,TT,TT,TT,TT,CC,TT,TT,CC,TT,TT,TT,CC,CC,CC,TT,CC,TT,CC,TT,TT,CC,TT,CC,CC,TT,CC,CC,CC,TT,TT,TT,TT,TT,TT,TT,TT,TT,TT,TT,TT,TT,TT,TT,CC,CC,CC,CC,CC,CC,TT,TT,TT,CC,CC,TT,TT,CC,TT,CC,TT,CC,CC,TT,CC,CC,CC,TT,TT,TT,TT,TT,TT,TT,TT,TT,CC,CC,TT,TT,TT,TT,TT,TT,TT,TT,TT,TT,CC,TT,CC,TT,CC,CC,TT,TT,TT,TT,TT,CC,TT,CC,TT,CC,CC,CC,TT,TT,CC,TT,TT,TT,TT,TT,TT,CC,CC,CC,CC,TT,CC,CC,CC,CC,CC,CC,CC,CC,CC,CC,CC,CC,CC,TT,CC,TT,CC,CC,TT,CC,TT,TT,CC,CC,CC,CC,TT,CC,TT,TT,CC,CC,TT,TT,CC,CC,CC,CC,TT,CC,TT,CC,CC,CC,CC,TT,CC,CC,CC,CC,CC,TT,TT,CC,TT,CC,CC,TT,TT,CC,TT,TT,TT,TT,CC,TT,CC,TT,TT,CC,TT,TT,TT,TT,CC,TT,CC,CC,CC,CC,CC,CC,CC,CC,CC,CC,CC,CC,CC,TT,CC,CC,TT,CC,TT,TT,CC,CC,TT,CC,TT,TT,CC,TT,TT,TT,TT,TT,TT,CC,TT,CC,CC,CC,CC,CC,CC,CC,CC,CC,CC,CC,CC,CC,TT,CC,TT,CC,TT,CC,TT,CC,CC,TT,CC,CC,CC,CC,CC,TT,CC,CC,CC,TT,TT,TT,CC,TT,TT,CC,CC,CC,CC,CC,CC,CC,CC,CC,CC,CC,CC,TT,CC,CC,CC,CC,CC,CC,CC,CC,CC,CC,CC,CC,CC,CC,CC,CC,CC,CC,CC,CC,TT,CC,CC,CC,CC,CC,CC,CC,TT,TT,TT,CC,CC,TT,CC,CC,CC,CC,CC,TT,CC,CC,TT,CC,TT,TT,CC,TT,CC,CC,CC,CC,CC,TT,TT,CC,CC,CC,CC,CC,CC,CC,CC,CC,CC,CC,CC,CC,CC,CC,TT,CC,CC,CC,TT,CC,CC,CC,CC,CC,CC,CC,CC,CC,TT,CC,CC,TT,CC,CC,CC,CC,CC,CC,CC,CC,CC,CC,CC,TT,CC,CC,TT,CC,CC,CC,CC,CC,TT,CC,TT,TT,CC,CC,CC,CC,CC,CC,CC,TT,TT,TT,TT,TT,TT,CC,CC,CC,CC,CC,CC,CC,CC,CC,CC,CC,CC,CC,CC,CC,CC,CC,CC,CC,CC,CC,CC,CC,CC,CC,CC,TT,CC,CC,CC,CC,CC,CC,CC,CC,TT,CC,TT,CC,TT,TT,CC,CC,CC,CC,TT,TT,TT,CC,CC,TT,TT,CC,CC,CC,CC,CC,CC,CC,CC,CC,CC,CC,CC,CC,CC,CC,CC,CC,CC,CC,CC,CC,CC,CC,TT,CC,CC,CC,CC,TT,CC,CC,CC,TT,TT,CC,NN,CC,CC,CC,CC,CC,CC,CC,CC,CC,CC,CC,CC,CC,TT,TT,CC,CC,CC,CC,CC,CC,CC,CC,CC,CC,CC,TT,CC,CC,CC,CC,CC,CC,TT,TT,CC,CC,CC,TT,CC,CC,CC,CC,CC,CC,CC,CC,CC,CC,CC,CC,CC,CC,TT,CC,CC,CC,CC,CC,CC,CC,CC,CC,CC,CC,CC,CC,CC,CC,CC,CC,CC,CC,CC,CC,CC,CC,CC,CC,CC,CC,CC,CC,CC,CC,CC,CC,CC,CC,CC,TT,CC,CC,CC,CC,TT,TT,CC,CC,CC,TT,CC,CC,CC,CC,CC,CC,CC,CC,CC,CC,CC,CC,CC,CC,CC,CC,CC,CC,CC,CC,CC,TT,TT,CC,CC,CC,CC,CC,CC,CC,CC,CC,TT,TT,CC,CC,CC,CC,CC,CC,CC,CC,CC,CC,CC,CC,CC,CC,TT,CC,CC,CC,CC,CC,CC,CC,TT,TT,CC,CC,TT,TT,CC,CC,CC,CC,CC,CC,CC,CC,CC,CC,CC,CC,CC,CC,CC,TT,TT,CC,CC,CC,CC,CC,CC,CC,CC,CC,CC,CC,CC,CC,CC,CC,CC,CC,CC,CC,CC,CC,CC,CC,CC,CC,CC,CC,CC,CC,CC,CC,CC,CC,CC,CC,CC,CC,CC,CC,CC,CC,CC,CC,CC,CC,CC,CC,CC,CC,CC,CC,TT,CC,CC,CC,CC
IWA454†,0.07,,TT,TT,TT,TT,TT,TT,CC,TT,TT,TT,TT,TT,TT,TT,TT,TT,TT,TT,TT,TT,TT,TT,TT,TT,TT,TT,TT,TT,TT,TT,TT,TT,TT,TT,TT,TT,TT,TT,TT,TT,TT,TT,TT,TT,TT,TT,CC,TT,TT,TT,TT,TT,TT,TT,TT,TT,TT,TT,TT,TT,TT,TT,TT,TT,TT,TT,TT,TT,TT,TT,TT,TT,TT,TT,CC,TT,TT,TT,TT,TT,TT,TT,TT,TT,TT,TT,TT,TT,TT,TT,TT,TT,TT,TT,TT,TT,TT,TT,TT,TT,TT,TT,TT,TT,TT,TT,TT,TT,TT,TT,TT,TT,TT,TT,TT,TT,TT,TT,TT,TT,TT,TT,TT,TT,TT,TT,TT,TT,TT,TT,TT,TT,TT,TT,TT,TT,TT,TT,TT,TT,TT,TT,TT,TT,TT,TT,TT,CC,TT,TT,TT,TT,TT,TT,TT,TT,TT,TT,TT,TT,TT,TT,TT,TT,TT,TT,TT,TT,TT,TT,TT,TT,TT,TT,TT,TT,TT,TT,TT,TT,TT,TT,TT,TT,TT,TT,TT,TT,TT,TT,TT,TT,TT,TT,TT,TT,TT,TT,TT,TT,TT,TT,TT,TT,TT,TT,TT,TT,TT,TT,TT,TT,TT,TT,TT,TT,TT,TT,TT,TT,TT,TT,TT,TT,TT,TT,TT,TT,TT,TT,TT,TT,TT,TT,TT,TT,TT,TT,TT,TT,TT,TT,TT,TT,TT,TT,TT,TT,TT,CC,TT,TT,TT,TT,TT,TT,TT,TT,TT,TT,TT,TT,TT,TT,TT,TT,TT,TT,TT,TT,TT,TT,TT,TT,TT,TT,TT,TT,TT,TT,TT,TT,TT,TT,TT,CC,TT,TT,TT,TT,CC,TT,TT,TT,TT,TT,TT,TT,TT,TT,TT,TT,TT,TT,TT,TT,TT,TT,TT,TT,TT,TT,TT,TT,TT,TT,TT,TT,TT,TT,TT,TT,TT,TT,TT,TT,TT,TT,TT,TT,CC,TT,TT,TT,TT,TT,TT,TT,TT,TT,TT,TT,TT,TT,TT,TT,TT,TT,TT,TT,TT,CC,TT,TT,TT,TT,TT,TT,TT,TT,TT,TT,TT,TT,TT,TT,TT,TT,TT,TT,TT,TT,TT,CC,TT,TT,TT,TT,TT,TT,TT,TT,TT,TT,TT,CC,TT,TT,TT,TT,TT,TT,TT,TT,TT,TT,TT,TT,TT,TT,TT,TT,TT,TT,TT,TT,TT,TT,TT,TT,TT,TT,TT,TT,TT,TT,TT,TT,TT,TT,TT,TT,TT,TT,TT,TT,TT,TT,TT,TT,TT,CC,TT,TT,TT,TT,TT,TT,TT,TT,TT,CC,TT,TT,TT,TT,TT,TT,TT,TT,TT,TT,CC,TT,TT,TT,CC,TT,TT,TT,CC,TT,TT,TT,TT,TT,TT,TT,TT,TT,TT,TT,TT,TT,TT,TT,TT,TT,TT,CC,TT,TT,TT,TT,TT,TT,CC,TT,TT,TT,TT,TT,TT,TT,TT,TT,TT,TT,TT,CC,TT,TT,TT,TT,TT,TT,TT,TT,TT,TT,TT,TT,CC,TT,TT,TT,TT,TT,TT,TT,TT,TT,TT,TT,TT,TT,TT,TT,TT,TT,TT,TT,TT,TT,TT,TT,TT,TT,TT,TT,TT,TT,TT,TT,TT,TT,TT,TT,TT,CC,CC,TT,TT,CC,TT,TT,TT,TT,TT,TT,TT,TT,TT,TT,TT,TT,TT,TT,TT,TT,TT,TT,TT,TT,TT,TT,TT,TT,TT,CC,CC,TT,TT,TT,TT,TT,TT,TT,TT,TT,TT,TT,CC,TT,TT,TT,TT,TT,CC,CC,TT,CC,CC,CC,TT,TT,TT,TT,TT,TT,TT,TT,TT,TT,TT,TT,TT,TT,CC,TT,TT,TT,TT,TT,TT,TT,TT,TT,TT,TT,TT,TT,TT,CC,TT,TT,TT,TT,TT,TT,TT,CC,TT,TT,TT,TT,TT,TT,TT,TT,TT,TT,TT,TT,TT,TT,TT,TT,TT,TT,CC,CC,TT,TT,TT,TT,TT,TT,CC,TT,TT,TT,TT,CC,TT,TT,TT,TT,TT,TT,TT,TT,TT,TT,TT,TT,CC,TT,CC,TT,TT,TT,TT,CC,TT,CC,TT,CC,CC,CC,CC,CC,TT,TT,TT,TT,TT,TT,TT,TT,TT,TT,TT,TT,TT,TT,TT,TT,TT,TT,TT,TT,TT,TT,TT,TT,TT,TT,TT,TT,TT,TT,TT,TT,TT,TT,TT,TT,TT,TT,TT,TT,TT,TT,TT,TT,TT,TT,CC,TT,TT,TT,CC,CC,CC,TT,TT,TT,TT,TT,TT,TT,TT,TT,TT,CC,TT,TT,TT,TT,CC,TT,TT,TT,TT,TT,TT,TT,TT,TT,TT,TT,TT,TT,TT,TT,TT,TT,TT,TT,TT,TT,TT,TT,TT,TT,TT,TT,TT,TT,TT,TT,TT,TT,TT,CC,TT,TT,TT,TT,TT,TT,TT,TT,TT,TT,TT,TT,TT,TT,TT,TT,TT,TT,TT,TT,NN,TT,TT,TT,TT,TT,TT,TT,CC,TT,TT,TT,TT,TT,CC,CC,TT,CC,CC,TT,TT,TT,TT,TT,TT,TT,TT,TT,TT,TT,TT,TT,TT,TT,TT,TT,TT,TT,TT,CC,TT,TT,TT,TT,CC,TT,TT,TT,TT,TT,TT,TT,TT,TT,TT,TT,CC,TT,TT,TT,TT,TT,TT,TT,TT,TT,TT,TT,TT,TT,TT,TT,TT,CC,TT,TT,TT,CC,CC,CC,TT,TT,TT,TT,TT,TT,TT,TT,TT,TT,TT,TT,TT,TT,TT,TT,TT,TT,TT,TT,TT,TT,TT,TT,TT,TT,TT,TT,TT,TT,TT,TT,TT,TT,TT,TT,TT,TT,TT,CC,TT,TT,TT,TT,TT,TT,CC,CC,TT,TT,TT,TT,TT,TT,TT,TT,TT,TT,TT,TT,TT,CC,TT,TT,TT,TT,TT,TT,CC,TT,CC,TT,CC,TT,TT,TT,TT,TT,TT,TT,TT,TT,TT,TT,TT,TT,TT,TT,TT,TT,TT,TT,TT,TT,TT,TT,TT,TT,TT,TT,TT,TT,TT,TT,TT,TT,TT,TT,TT,TT,TT,TT,TT,TT,TT,TT,TT,TT,TT,TT,TT,TT,TT,TT,TT,TT,TT,TT,CC,TT,TT,TT,TT,TT,TT,TT,TT,TT,TT,TT,TT,TT,TT,TT,TT,TT,TT,TT,TT,TT,TT,TT,TT,TT,TT,TT,TT,TT,TT,TT,TT,TT,TT,TT,TT,TT,TT,TT,TT,TT,TT,TT,TT,TT,TT,TT,TT,TT,TT,TT,TT,TT,TT,TT,TT,TT,TT,TT,TT,TT,TT,TT,TT,TT,TT,TT,TT,TT,TT,TT,TT,TT,TT,TT,TT,TT,TT,TT,TT,TT,TT,CC,TT,TT,TT,TT,TT,TT,TT,TT,TT,TT,CC,TT,TT,TT,TT,TT,TT,TT,TT,TT,CC,CC,TT,TT,TT,TT,TT,TT,TT,TT,TT,TT,TT,TT,TT,TT,TT,TT,TT,TT,TT,TT,TT,CC,TT,TT,TT,TT,CC,TT,TT,TT,TT,CC,TT,TT,CC
IWA2959‡,0.42,,GG,TT,GG,GG,GG,TT,GG,GG,GG,GG,GG,GG,GG,TT,TT,TT,TT,TT,GG,GG,GG,TT,TT,GG,TT,TT,GG,TT,TT,GG,TT,TT,TT,GG,TT,GG,GG,TT,GG,GG,TT,TT,TT,TT,TT,TT,GG,GG,GG,TT,GG,TT,TT,TT,GG,GG,GG,GG,GG,TT,GG,GG,TT,TT,GG,TT,TT,TT,GG,TT,TT,GG,GG,GG,GG,GG,GG,GG,GG,TT,GG,GG,TT,TT,GG,TT,TT,TT,GG,TT,TT,TT,TT,GG,GG,GG,TT,GG,TT,TT,GG,TT,TT,TT,TT,TT,GG,TT,TT,TT,TT,TT,GG,TT,TT,GG,TT,TT,GG,GG,TT,TT,TT,TT,TT,GG,GG,TT,TT,TT,TT,GG,GG,GG,TT,TT,TT,TT,TT,GG,GG,TT,TT,TT,GG,GG,TT,GG,TT,GG,TT,TT,TT,TT,TT,GG,TT,GG,TT,TT,TT,TT,GG,GG,GG,TT,TT,GG,TT,TT,TT,TT,GG,GG,TT,GG,GG,GG,GG,GG,GG,TT,GG,TT,GG,GG,TT,TT,TT,TT,TT,GG,GG,GG,GG,GG,GG,GG,TT,TT,GG,TT,TT,TT,TT,TT,TT,TT,TT,GG,TT,GG,TT,GG,TT,GG,TT,GG,GG,TT,GG,TT,TT,TT,GG,TT,GG,TT,TT,GG,TT,TT,GG,TT,TT,GG,GG,GG,TT,TT,GG,GG,TT,GG,GG,TT,TT,TT,GG,TT,TT,GG,GG,GG,GG,GG,GG,TT,TT,TT,TT,GG,TT,GG,TT,TT,TT,GG,TT,TT,TT,TT,GG,TT,TT,TT,TT,TT,GG,TT,TT,TT,TT,TT,GG,GG,TT,GG,TT,TT,GG,TT,TT,GG,GG,GG,TT,GG,GG,TT,GG,GG,GG,GG,TT,GG,TT,GG,GG,TT,TT,GG,GG,GG,GG,GG,TT,TT,TT,TT,GG,TT,GG,GG,TT,TT,TT,GG,TT,TT,TT,TT,GG,TT,TT,TT,GG,GG,GG,GG,GG,TT,TT,TT,GG,GG,TT,TT,GG,TT,GG,GG,TT,TT,TT,GG,GG,TT,GG,TT,GG,GG,TT,GG,GG,GG,GG,TT,TT,TT,GG,TT,TT,TT,TT,TT,TT,TT,TT,TT,GG,TT,TT,GG,GG,GG,TT,TT,GG,GG,GG,GG,TT,TT,TT,GG,TT,TT,TT,TT,TT,GG,TT,GG,TT,GG,TT,TT,TT,TT,GG,TT,TT,TT,TT,GG,GG,GG,GG,GG,TT,TT,GG,TT,TT,TT,TT,GG,GG,GG,GG,GG,TT,TT,TT,TT,GG,GG,GG,TT,GG,TT,GG,GG,GG,TT,GG,TT,GG,GG,GG,GG,TT,TT,GG,GG,GG,GG,TT,TT,GG,GG,TT,GG,TT,TT,TT,TT,GG,GG,TT,TT,TT,GG,GG,TT,TT,TT,TT,GG,GG,GG,TT,TT,TT,TT,TT,TT,TT,TT,TT,TT,GG,GG,TT,TT,GG,GG,GG,GG,GG,GG,TT,TT,TT,TT,GG,TT,GG,TT,TT,TT,TT,TT,TT,TT,TT,TT,TT,GG,GG,TT,GG,GG,GG,GG,TT,TT,TT,GG,TT,TT,GG,TT,GG,TT,GG,TT,TT,TT,TT,TT,TT,TT,TT,TT,GG,TT,GG,TT,GG,TT,GG,TT,GG,TT,GG,TT,GG,GG,TT,TT,TT,TT,GG,GG,GG,GG,GG,GG,GG,TT,GG,GG,GG,GG,TT,TT,TT,TT,GG,TT,TT,GG,GG,TT,TT,GG,GG,TT,TT,GG,GG,TT,TT,TT,TT,GG,GG,GG,TT,GG,GG,GG,GG,GG,GG,GG,TT,TT,TT,GG,GG,GG,TT,TT,GG,GG,GG,GG,TT,TT,GG,TT,GG,TT,TT,TT,TT,TT,GG,GG,TT,GG,TT,TT,TT,TT,TT,TT,TT,TT,TT,TT,GG,TT,TT,GG,TT,GG,GG,GG,TT,GG,TT,TT,TT,TT,TT,TT,GG,GG,GG,TT,TT,TT,TT,NN,GG,TT,TT,TT,GG,TT,TT,GG,GG,TT,TT,TT,TT,GG,GG,GG,GG,TT,GG,GG,TT,GG,GG,TT,GG,GG,GG,GG,TT,GG,GG,GG,GG,GG,GG,TT,TT,GG,GG,TT,GG,TT,GG,TT,TT,GG,TT,TT,TT,GG,TT,GG,TT,TT,TT,TT,GG,TT,GG,GG,GG,GG,GG,GG,GG,GG,TT,GG,GG,GG,GG,GG,GG,TT,GG,GG,GG,TT,GG,TT,GG,GG,GG,TT,TT,GG,TT,GG,TT,TT,TT,GG,GG,GG,GG,GG,TT,GG,GG,TT,TT,TT,TT,TT,TT,TT,GG,GG,TT,GG,GG,TT,TT,TT,GG,GG,TT,TT,GG,GG,GG,GG,TT,TT,TT,GG,GG,GG,TT,GG,GG,GG,GG,GG,TT,TT,GG,TT,TT,TT,GG,GG,TT,GG,TT,TT,GG,GG,TT,GG,TT,GG,GG,GG,GG,GG,TT,TT,TT,TT,TT,GG,TT,NN,GG,GG,TT,GG,TT,TT,TT,TT,GG,GG,TT,GG,GG,TT,TT,TT,TT,GG,TT,TT,TT,TT,GG,TT,GG,GG,TT,TT,TT,TT,GG,GG,TT,TT,TT,TT,TT,GG,TT,GG,GG,GG,GG,TT,TT,GG,TT,TT,TT,TT,GG,GG,GG,TT,GG,TT,TT,TT,TT,GG,TT,TT,TT,GG,TT,TT,TT,TT,TT,TT,TT,TT,TT,TT,TT,TT,TT,GG,GG,TT,GG,TT,TT,GG,TT,TT,GG,GG,TT,TT,TT,GG,TT,TT,GG,TT,TT,GG,GG,TT,GG,GG,TT,GG,TT,TT,NN,GG,TT,TT,TT,GG,GG,GG,TT,GG,GG,GG,TT,TT,GG,GG,GG,TT,TT,GG,GG,TT,TT,TT,TT,TT,TT,TT,TT,GG,GG,GG,TT,GG,TT,TT,TT,TT,TT,TT,TT,GG,TT,GG,GG,GG,GG,TT,TT,TT,TT,GG,TT,TT,TT,TT,TT,TT,GG,GG,TT,TT,TT,TT,NN,TT,TT,GG,TT,GG,TT,GG,TT,TT,GG,TT,TT,TT,GG,GG,GG,TT,TT,GG,TT,GG,GG,TT,TT,TT,GG,TT,GG,TT,TT,TT,GG,TT,GG,NN,TT,TT,TT,TT,GG,GG,TT,TT,TT,TT,GG,TT,TT,TT,TT,TT,TT,TT,TT,TT,TT,TT,GG,GG,TT,GG,TT,TT,TT,GG,TT,GG,TT,TT,TT,TT,TT,TT,TT,TT,TT,TT,TT,TT,TT,TT,GG,TT,TT,TT,GG,TT,TT,GG,TT,TT,TT,GG,TT,TT,GG,TT,TT,TT,TT,TT,TT,TT,TT,TT,TT,TT,TT,TT,TT,TT,GG,TT,TT,TT,TT,TT,GG,GG,TT,GG,TT,TT,TT,TT,TT,NN,TT,TT,TT,TT,GG,TT,GG,TT,TT,GG,GG,GG,GG,GG,GG,TT,TT,TT,TT,TT,TT,TT,TT,TT,TT,TT,GG,TT,TT,TT,TT,GG,TT,TT,TT,TT,TT,TT,TT,TT,TT,TT,TT,TT,GG
IWA5002*,0.18,,AA,AA,AA,AA,AA,GG,AA,AA,GG,GG,GG,GG,GG,AA,AA,AA,AA,GG,GG,AA,AA,AA,AA,AA,AA,AA,AA,AA,AA,AA,AA,AA,AA,NN,AA,AA,GG,AA,GG,AA,AA,AA,AA,AA,AA,AA,AA,AA,AA,GG,AA,AA,AA,AA,AA,AA,AA,AA,AA,AA,AA,AA,AA,AA,AA,AA,AA,AA,AA,AA,AA,AA,AA,AA,AA,AA,GG,GG,AA,GG,GG,GG,AA,GG,GG,AA,GG,AA,GG,AA,AA,AA,GG,AA,AA,AA,AA,AA,AA,AA,AA,AA,AA,AA,AA,AA,AA,GG,GG,AA,AA,AA,AA,AA,GG,AA,AA,AA,AA,AA,AA,AA,AA,AA,AA,AA,GG,AA,AA,AA,AA,AA,AA,AA,AA,AA,AA,AA,AA,AA,AA,AA,AA,GG,AA,AA,AA,GG,AA,AA,AA,AA,AA,NN,AA,AA,GG,GG,AA,GG,GG,AA,NN,AA,AA,AA,AA,AA,AA,AA,AA,GG,AA,GG,GG,GG,AA,GG,GG,GG,AA,AA,GG,AA,AA,GG,GG,AA,AA,AA,AA,NN,AA,AA,GG,GG,GG,GG,AA,GG,AA,AA,AA,AA,AA,GG,AA,AA,AA,AA,AA,AA,AA,AA,GG,AA,GG,AA,AA,AA,GG,AA,AA,AA,AA,GG,AA,AA,AA,AA,AA,AA,AA,AA,AA,AA,AA,AA,AA,AA,AA,AA,GG,AA,AA,AA,AA,AA,AA,AA,GG,GG,GG,GG,GG,GG,GG,AA,GG,GG,AA,AA,AA,GG,GG,AA,AA,GG,GG,AA,AA,AA,AA,AA,GG,AA,AA,AA,GG,AA,AA,AA,AA,AA,AA,AA,AA,AA,AA,GG,GG,NN,AA,AA,AA,AA,GG,AA,AA,GG,GG,GG,AA,AA,AA,AA,AA,AA,GG,AA,GG,AA,AA,AA,GG,GG,GG,AA,AA,AA,AA,GG,AA,AA,GG,AA,AA,AA,AA,NN,AA,AA,AA,AA,AA,AA,AA,GG,GG,GG,NN,AA,GG,GG,AA,AA,AA,GG,AA,GG,AA,NN,GG,GG,GG,AA,AA,AA,GG,AA,AA,AA,GG,AA,AA,AA,AA,AA,AA,AA,AA,AA,AA,AA,AA,GG,AA,AA,GG,AA,AA,AA,AA,GG,AA,GG,AA,AA,AA,GG,AA,AA,GG,GG,AA,AA,AA,AA,AA,AA,AA,AA,AA,AA,AA,AA,GG,AA,AA,AA,AA,AA,AA,AA,AA,AA,AA,AA,AA,GG,AA,AA,AA,AA,AA,AA,AA,AA,AA,AA,AA,AA,AA,AA,AA,GG,AA,AA,AA,AA,AA,GG,AA,AA,AA,AA,AA,AA,AA,AA,AA,AA,AA,AA,AA,NN,AA,AA,AA,GG,AA,GG,GG,AA,AA,AA,AA,AA,GG,GG,AA,AA,AA,AA,AA,AA,AA,AA,AA,AA,AA,AA,AA,AA,AA,GG,AA,GG,AA,AA,NN,AA,AA,AA,AA,AA,GG,GG,AA,AA,GG,AA,AA,AA,AA,AA,GG,AA,NN,AA,AA,AA,AA,GG,AA,GG,AA,AA,AA,AA,GG,GG,AA,AA,AA,AA,AA,AA,AA,AA,AA,AA,AA,AA,GG,GG,AA,GG,AA,AA,AA,AA,AA,AA,AA,GG,AA,AA,AA,GG,GG,AA,AA,AA,AA,AA,GG,AA,AA,AA,GG,AA,AA,GG,GG,AA,AA,AA,AA,AA,AA,AA,AA,AA,AA,AA,AA,AA,AA,AA,GG,AA,AA,AA,AA,AA,AA,GG,GG,AA,AA,AA,AA,AA,AA,GG,AA,AA,AA,NN,AA,AA,AA,AA,AA,AA,NN,AA,AA,GG,AA,AA,AA,AA,AA,AA,AA,AA,AA,AA,AA,AA,AA,AA,AA,AA,AA,AA,AA,AA,AA,AA,AA,AA,AA,AA,AA,AA,AA,AA,GG,AA,GG,AA,AA,AA,AA,AA,AA,AA,AA,AA,AA,AA,AA,GG,AA,AA,GG,AA,AA,AA,AA,AA,AA,AA,GG,AA,AA,AA,AA,AA,GG,AA,AA,GG,GG,AA,GG,GG,GG,AA,AA,AA,AA,AA,AA,AA,AA,AA,AA,AA,AA,AA,AA,AA,AA,GG,AA,AA,AA,AA,AA,AA,AA,GG,AA,AA,AA,AA,AA,AA,AA,AA,NN,AA,AA,AA,AA,AA,AA,AA,AA,AA,AA,AA,AA,AA,AA,AA,AA,AA,AA,AA,AA,AA,AA,AA,AA,AA,AA,AA,AA,AA,AA,GG,AA,AA,AA,AA,AA,AA,GG,AA,AA,AA,AA,AA,GG,AA,AA,GG,GG,GG,GG,AA,AA,GG,AA,AA,AA,AA,AA,AA,AA,AA,AA,AA,AA,AA,AA,AA,GG,AA,AA,AA,AA,AA,AA,AA,NN,NN,AA,AA,AA,GG,AA,AA,AA,AA,AA,AA,GG,AA,GG,AA,GG,AA,GG,AA,AA,AA,AA,AA,AA,AA,AA,AA,AA,AA,AA,AA,AA,NN,AA,AA,AA,AA,AA,AA,AA,AA,AA,AA,AA,AA,AA,AA,AA,AA,GG,GG,AA,AA,AA,AA,AA,AA,AA,AA,AA,AA,AA,AA,NN,AA,AA,AA,AA,GG,AA,AA,AA,AA,AA,AA,AA,AA,AA,AA,AA,AA,AA,AA,AA,AA,AA,AA,AA,AA,AA,AA,AA,AA,AA,AA,AA,AA,GG,GG,AA,GG,GG,GG,AA,AA,AA,AA,AA,AA,AA,AA,AA,AA,AA,AA,GG,AA,AA,GG,AA,AA,AA,AA,AA,AA,AA,AA,AA,AA,AA,NN,NN,AA,AA,AA,AA,AA,AA,AA,GG,AA,AA,AA,AA,AA,AA,AA,AA,AA,AA,AA,AA,AA,GG,AA,AA,AA,AA,AA,AA,AA,GG,GG,AA,AA,AA,AA,AA,AA,AA,AA,AA,AA,AA,AA,AA,AA,AA,AA,AA,AA,AA,AA,GG,AA,AA,AA,AA,AA,AA,AA,AA,AA,AA,GG,GG,AA,AA,AA,GG,AA,AA,AA,GG,AA,AA,AA,AA,GG,AA,AA,AA,GG,AA,AA,AA,AA,AA,AA,AA,AA,AA,AA,AA,GG,AA,NN,GG,AA,AA,AA,AA,AA,AA,AA,AA,AA,AA,GG,AA,AA,AA,AA,GG,AA,GG,AA,AA,AA,AA,AA,AA,AA,AA,AA,AA,AA,AA,AA,AA,AA,AA,NN,AA,AA,AA,AA,AA,AA,AA,AA,AA,NN,AA,AA,AA,AA,GG,AA,AA,GG,AA,AA,AA,NN,AA,AA,AA,AA,AA,AA,AA,AA,AA,AA,AA,AA,AA,AA,AA,AA,GG,AA,GG,AA,AA,AA,AA,AA,AA,AA,AA,GG,NN,AA,AA,AA,AA,AA,AA,AA,AA,AA,AA,AA,AA,AA,AA,AA,AA,AA,AA,NN,NN,AA,AA,AA,AA,AA,AA,AA,AA,AA,AA,AA,AA,NN,AA,AA,AA,AA,AA,AA,AA,AA,AA,AA,AA,AA,AA,GG,AA,AA,AA,AA,AA,AA,AA,AA,AA,GG,AA,AA,AA,AA,AA,AA,AA,AA,AA,GG,AA,AA,AA
IWA868‡,0.79,,CC,CC,CC,CC,CC,CC,CC,CC,CC,CC,CC,CC,CC,CC,CC,CC,CC,CC,CC,CC,CC,CC,CC,CC,CC,CC,CC,CC,CC,CC,CC,CC,CC,CC,CC,CC,CC,CC,CC,CC,CC,CC,CC,CC,CC,CC,CC,CC,CC,CC,CC,CC,CC,CC,CC,CC,CC,CC,CC,CC,CC,CC,CC,TT,CC,CC,CC,CC,CC,CC,TT,CC,CC,CC,CC,CC,CC,CC,CC,CC,TT,TT,CC,CC,CC,CC,TT,CC,CC,CC,CC,CC,NN,CC,CC,CC,CC,CC,CC,CC,CC,CC,CC,CC,CC,CC,TT,CC,CC,CC,CC,CC,CC,CC,CC,CC,CC,CC,CC,CC,CC,CC,CC,CC,CC,CC,CC,CC,CC,CC,CC,TT,TT,TT,CC,CC,CC,CC,CC,CC,CC,CC,CC,CC,CC,CC,CC,TT,CC,CC,CC,CC,CC,CC,CC,CC,CC,CC,CC,CC,CC,CC,CC,CC,CC,CC,CC,CC,CC,CC,CC,TT,CC,CC,CC,CC,CC,CC,CC,CC,CC,CC,CC,CC,CC,CC,CC,CC,CC,CC,CC,TT,CC,CC,CC,CC,CC,CC,CC,CC,CC,CC,CC,CC,CC,TT,CC,TT,CC,CC,CC,CC,CC,CC,CC,CC,CC,CC,CC,CC,TT,CC,CC,CC,CC,TT,CC,CC,CC,CC,CC,CC,CC,TT,CC,CC,CC,CC,CC,CC,CC,CC,CC,CC,CC,CC,TT,TT,CC,CC,CC,CC,CC,CC,CC,CC,CC,CC,CC,CC,CC,CC,CC,CC,TT,CC,CC,CC,CC,CC,CC,CC,CC,CC,TT,CC,CC,CC,CC,CC,CC,CC,CC,CC,CC,CC,CC,CC,CC,CC,CC,CC,CC,CC,CC,CC,CC,CC,CC,CC,CC,CC,CC,TT,CC,CC,CC,CC,TT,CC,CC,CC,TT,CC,CC,CC,TT,CC,CC,CC,CC,CC,TT,TT,TT,CC,CC,CC,CC,CC,CC,CC,CC,TT,CC,CC,CC,CC,TT,CC,CC,CC,TT,CC,CC,CC,CC,CC,TT,CC,CC,CC,CC,CC,CC,CC,CC,CC,CC,CC,CC,TT,CC,CC,CC,CC,CC,CC,CC,TT,CC,TT,TT,CC,CC,TT,CC,CC,CC,CC,CC,CC,CC,CC,CC,TT,CC,TT,CC,CC,CC,TT,CC,CC,CC,CC,CC,TT,CC,CC,CC,CC,CC,CC,CC,CC,CC,TT,CC,CC,CC,CC,CC,CC,TT,CC,CC,CC,TT,CC,CC,CC,CC,CC,CC,CC,CC,CC,CC,CC,CC,CC,CC,CC,CC,CC,CC,CC,CC,NN,TT,CC,CC,CC,CC,CC,TT,CC,CC,CC,CC,CC,TT,CC,CC,TT,CC,CC,CC,CC,CC,CC,CC,CC,CC,CC,CC,CC,CC,CC,CC,CC,CC,CC,CC,CC,TT,CC,CC,CC,CC,CC,CC,CC,CC,CC,CC,CC,CC,CC,CC,CC,CC,CC,CC,CC,TT,CC,CC,CC,CC,TT,CC,CC,CC,TT,CC,CC,CC,TT,CC,CC,CC,CC,CC,CC,CC,CC,CC,CC,CC,CC,CC,TT,CC,TT,CC,CC,CC,TT,CC,TT,CC,CC,CC,CC,CC,TT,CC,CC,CC,CC,CC,CC,CC,CC,CC,CC,TT,CC,CC,CC,CC,CC,CC,CC,TT,CC,CC,CC,CC,CC,CC,CC,CC,CC,CC,CC,CC,CC,CC,CC,CC,CC,CC,CC,CC,TT,TT,CC,TT,CC,CC,CC,CC,CC,CC,CC,CC,TT,CC,CC,CC,TT,CC,CC,CC,CC,CC,TT,CC,TT,CC,TT,TT,CC,CC,CC,CC,CC,CC,CC,TT,CC,TT,CC,CC,CC,NN,CC,TT,CC,CC,CC,CC,CC,CC,CC,CC,TT,CC,CC,CC,TT,CC,TT,TT,CC,CC,CC,CC,TT,CC,CC,CC,TT,TT,CC,TT,TT,TT,CC,CC,TT,CC,CC,CC,CC,CC,CC,CC,CC,TT,CC,CC,CC,CC,CC,CC,TT,CC,TT,CC,TT,CC,CC,CC,TT,CC,CC,CC,CC,CC,CC,CC,CC,TT,TT,CC,CC,CC,CC,CC,CC,CC,CC,TT,CC,CC,CC,CC,CC,NN,CC,CC,CC,CC,CC,CC,CC,CC,CC,CC,CC,CC,TT,CC,TT,CC,TT,CC,CC,CC,TT,CC,CC,CC,TT,CC,CC,CC,CC,CC,CC,TT,CC,CC,CC,CC,CC,CC,CC,CC,CC,CC,TT,TT,CC,CC,TT,CC,CC,TT,TT,CC,CC,CC,CC,CC,CC,TT,TT,TT,TT,TT,TT,CC,CC,CC,CC,CC,CC,CC,CC,TT,TT,CC,CC,CC,CC,CC,CC,TT,CC,TT,CC,CC,CC,CC,CC,TT,TT,TT,CC,CC,CC,CC,CC,CC,CC,CC,CC,CC,CC,CC,CC,CC,CC,CC,CC,TT,CC,CC,TT,TT,CC,CC,TT,CC,TT,TT,CC,TT,CC,CC,TT,CC,TT,CC,CC,TT,CC,CC,CC,TT,TT,CC,CC,CC,CC,CC,CC,CC,CC,CC,CC,CC,TT,TT,CC,TT,CC,CC,CC,TT,CC,CC,CC,CC,CC,TT,CC,CC,CC,CC,CC,TT,TT,TT,CC,CC,CC,CC,TT,CC,CC,CC,TT,CC,TT,CC,CC,TT,TT,TT,CC,CC,CC,CC,TT,CC,CC,CC,CC,CC,CC,CC,CC,NN,TT,CC,CC,CC,CC,CC,CC,TT,TT,CC,CC,TT,TT,TT,CC,CC,CC,CC,CC,CC,CC,TT,TT,CC,TT,TT,CC,TT,TT,TT,TT,CC,NN,CC,CC,CC,CC,CC,CC,CC,TT,TT,TT,TT,CC,CC,CC,TT,CC,TT,CC,TT,TT,CC,CC,CC,TT,CC,CC,CC,CC,CC,CC,CC,CC,CC,CC,CC,CC,CC,CC,CC,CC,CC,CC,CC,CC,CC,NN,TT,TT,CC,CC,CC,TT,CC,CC,CC,CC,CC,TT,TT,CC,CC,CC,CC,TT,CC,CC,CC,TT,CC,CC,NN,TT,CC,CC,TT,TT,TT,TT,CC,CC,TT,CC,TT,CC,CC,CC,CC,TT,TT,CC,CC,TT,TT,TT,CC,TT,TT,CC,CC,CC,CC,TT,CC,CC,CC,CC,CC,CC,TT,TT,TT,TT,TT,CC,CC,CC,CC,CC,TT,CC,CC,CC,CC,CC,CC,CC,CC,TT,CC,CC,CC,CC,CC,CC,CC,CC,CC,CC,CC,CC,CC,CC,CC,TT,TT,CC,TT,TT,TT,CC,CC,CC,TT,TT,CC,CC,CC,CC,CC,TT,CC,CC,CC,CC,TT,CC,CC,CC,TT,TT,CC,CC,CC,TT,CC,CC,TT,CC,CC,TT,CC,TT,CC,CC,CC,CC,TT,CC,TT,CC,CC,CC,CC,TT,TT,TT,CC,NN,CC,TT,TT,CC,TT,TT,CC,TT,CC,CC,CC,CC,CC,CC,TT,CC,TT,CC,CC,CC,TT,TT,CC,CC,CC,CC,CC,CC,TT,TT,CC,CC,CC,TT,TT,CC,TT,TT,CC,TT,TT,CC,TT,TT,NN
IWA4790†,0.62,,CC,CC,CC,CC,CC,CC,AA,CC,CC,CC,CC,CC,CC,CC,CC,CC,CC,CC,CC,CC,CC,CC,CC,CC,CC,CC,CC,CC,CC,CC,CC,CC,CC,CC,CC,CC,AA,CC,CC,CC,CC,CC,CC,CC,CC,CC,CC,AA,CC,CC,CC,CC,CC,CC,CC,CC,CC,CC,CC,CC,CC,CC,CC,AA,CC,CC,CC,CC,NN,CC,CC,CC,CC,CC,CC,CC,CC,CC,CC,CC,CC,CC,CC,CC,CC,CC,CC,CC,CC,CC,CC,CC,NN,CC,CC,CC,CC,CC,CC,CC,CC,CC,CC,CC,CC,CC,CC,CC,AA,CC,CC,CC,CC,CC,NN,CC,CC,CC,CC,CC,CC,CC,CC,CC,CC,CC,CC,CC,CC,CC,CC,AA,AA,AA,CC,CC,CC,CC,CC,CC,CC,CC,CC,CC,CC,CC,CC,CC,CC,AA,CC,CC,CC,CC,CC,CC,AA,CC,CC,CC,CC,CC,CC,CC,CC,CC,CC,CC,CC,CC,CC,CC,CC,CC,CC,CC,CC,AA,CC,CC,CC,CC,AA,CC,CC,CC,CC,CC,CC,CC,CC,CC,CC,CC,CC,CC,CC,AA,CC,CC,CC,CC,CC,CC,AA,AA,CC,CC,CC,CC,CC,AA,CC,CC,AA,CC,CC,CC,CC,CC,CC,CC,CC,CC,CC,AA,CC,CC,CC,CC,CC,CC,CC,CC,CC,CC,CC,CC,CC,CC,CC,CC,CC,CC,CC,CC,CC,CC,CC,CC,CC,CC,CC,CC,CC,CC,CC,CC,CC,CC,CC,CC,CC,CC,CC,CC,CC,CC,AA,CC,AA,CC,CC,CC,CC,CC,CC,CC,AA,CC,CC,CC,CC,CC,CC,CC,CC,CC,AA,CC,CC,CC,CC,CC,CC,CC,NN,CC,CC,AA,CC,CC,CC,CC,CC,CC,CC,CC,AA,AA,CC,CC,CC,CC,CC,CC,CC,CC,CC,CC,CC,CC,CC,CC,CC,CC,CC,CC,CC,CC,CC,CC,AA,AA,CC,AA,CC,AA,AA,CC,CC,CC,CC,CC,AA,CC,CC,AA,CC,CC,AA,CC,CC,CC,CC,AA,CC,AA,CC,CC,CC,CC,CC,CC,CC,CC,CC,CC,CC,CC,NN,AA,AA,CC,CC,CC,AA,CC,CC,CC,AA,CC,CC,CC,AA,CC,CC,AA,CC,CC,AA,CC,CC,CC,AA,CC,CC,CC,CC,CC,CC,CC,CC,CC,AA,CC,CC,AA,CC,CC,CC,CC,CC,CC,CC,AA,CC,NN,CC,AA,CC,CC,CC,CC,AA,CC,CC,CC,CC,AA,CC,CC,AA,AA,CC,AA,CC,CC,CC,NN,AA,AA,CC,CC,CC,AA,CC,AA,NN,CC,CC,CC,CC,CC,CC,CC,CC,AA,AA,CC,AA,CC,AA,CC,CC,CC,CC,NN,CC,AA,AA,AA,AA,AA,CC,AA,CC,CC,CC,AA,CC,CC,CC,CC,CC,CC,CC,AA,CC,AA,AA,CC,AA,CC,CC,AA,AA,AA,CC,CC,AA,CC,CC,AA,CC,CC,AA,AA,AA,CC,CC,CC,CC,CC,CC,CC,CC,CC,CC,CC,AA,AA,AA,CC,CC,CC,CC,CC,AA,CC,CC,CC,CC,CC,AA,AA,CC,CC,CC,CC,CC,CC,AA,AA,CC,AA,AA,CC,AA,CC,AA,CC,CC,CC,AA,CC,CC,AA,AA,NN,AA,AA,AA,CC,AA,AA,AA,AA,AA,AA,AA,AA,AA,AA,AA,AA,CC,CC,CC,CC,AA,CC,CC,CC,CC,NN,AA,AA,AA,CC,AA,AA,CC,CC,CC,CC,CC,AA,AA,AA,AA,AA,AA,AA,CC,CC,AA,CC,AA,AA,AA,AA,CC,CC,AA,AA,AA,AA,AA,AA,CC,AA,CC,CC,CC,CC,CC,CC,AA,CC,AA,CC,CC,CC,AA,CC,CC,CC,CC,AA,AA,AA,AA,AA,CC,AA,AA,AA,AA,AA,AA,CC,CC,CC,CC,AA,AA,CC,CC,CC,AA,AA,CC,CC,CC,CC,CC,CC,CC,AA,CC,AA,CC,AA,CC,CC,AA,AA,AA,CC,AA,AA,AA,AA,AA,CC,CC,AA,CC,AA,AA,CC,CC,AA,NN,CC,AA,CC,AA,AA,AA,AA,NN,AA,CC,AA,AA,AA,AA,CC,CC,CC,CC,CC,CC,AA,AA,AA,AA,AA,AA,CC,CC,CC,CC,AA,CC,AA,CC,CC,CC,CC,CC,CC,CC,CC,CC,AA,CC,CC,CC,AA,CC,CC,CC,CC,CC,AA,CC,AA,AA,AA,AA,AA,CC,CC,AA,CC,CC,NN,AA,AA,AA,AA,CC,AA,AA,AA,CC,CC,AA,CC,CC,CC,CC,AA,AA,CC,CC,CC,CC,CC,AA,AA,AA,AA,CC,CC,CC,CC,CC,CC,AA,CC,CC,AA,CC,AA,AA,AA,CC,CC,CC,CC,AA,CC,CC,CC,AA,AA,CC,CC,CC,AA,AA,AA,AA,AA,AA,AA,AA,AA,AA,AA,AA,AA,AA,AA,AA,AA,CC,AA,AA,AA,AA,AA,AA,CC,CC,CC,AA,AA,AA,CC,CC,CC,CC,CC,CC,AA,CC,CC,CC,CC,AA,CC,CC,AA,CC,CC,AA,AA,AA,AA,AA,AA,AA,AA,AA,AA,CC,AA,AA,AA,AA,CC,AA,CC,NN,CC,CC,CC,AA,AA,AA,CC,CC,AA,AA,AA,CC,AA,AA,AA,CC,CC,CC,AA,AA,AA,CC,AA,CC,AA,AA,AA,AA,AA,AA,AA,AA,AA,AA,AA,CC,CC,AA,AA,AA,CC,CC,AA,AA,CC,AA,CC,CC,AA,CC,AA,CC,CC,CC,CC,AA,AA,AA,AA,CC,CC,CC,AA,CC,AA,CC,CC,CC,AA,CC,AA,AA,AA,CC,CC,AA,AA,AA,AA,CC,CC,CC,CC,AA,AA,AA,CC,AA,AA,AA,CC,CC,AA,AA,CC,CC,CC,AA,AA,CC,AA,CC,CC,CC,CC,AA,CC,CC,CC,AA,AA,AA,CC,AA,CC,AA,AA,AA,AA,AA,CC,CC,AA,AA,AA,CC,AA,AA,CC,AA,AA,AA,AA,CC,CC,CC,AA,CC,AA,AA,AA,AA,AA,AA,CC,CC,AA,AA,CC,CC,AA,AA,CC,CC,AA,AA,CC,CC,AA,AA,CC,AA,CC,AA,AA,AA,AA,AA,AA,AA,AA,CC,AA,AA,AA,AA,AA,AA,AA,AA,AA,AA,AA,AA,CC,AA,CC,AA,CC,CC,CC,CC,AA,AA,AA,AA,AA,CC,AA,AA,CC,AA,CC,AA,AA,AA,AA,AA,AA,AA,CC,CC,CC,AA,AA,CC,AA,CC,CC,AA,CC,CC,CC,CC,AA,AA,CC,CC,AA,CC,AA,AA,AA,AA,CC,AA,CC,AA,AA,CC,AA,CC,AA,CC,AA,AA,AA,AA,AA,AA,CC,AA,AA,AA,AA,AA,AA,CC,CC,CC,CC,AA,AA,AA,AA,AA,CC,AA,AA,CC,CC,CC,AA,AA,CC,CC,CC,AA,AA,AA,AA,AA,AA,CC,AA,CC,CC,AA,CC,CC,CC,AA,CC,AA,AA,AA
IWA4856*,0.78,,TT,TT,TT,TT,TT,TT,TT,TT,TT,TT,TT,TT,TT,TT,TT,TT,TT,TT,TT,TT,TT,TT,TT,TT,TT,TT,TT,TT,TT,TT,TT,TT,TT,TT,TT,TT,TT,TT,TT,TT,CC,TT,TT,TT,TT,TT,TT,TT,TT,TT,TT,TT,TT,TT,TT,TT,TT,TT,TT,TT,TT,TT,TT,CC,TT,TT,TT,TT,TT,TT,TT,TT,TT,TT,TT,TT,TT,TT,TT,TT,TT,TT,TT,TT,TT,TT,TT,TT,TT,TT,TT,TT,TT,TT,TT,TT,TT,TT,TT,TT,TT,TT,TT,TT,TT,CC,TT,TT,TT,TT,TT,TT,TT,TT,TT,TT,TT,TT,TT,TT,TT,TT,CC,CC,TT,TT,TT,TT,TT,TT,TT,TT,TT,TT,TT,TT,TT,TT,TT,TT,TT,TT,TT,TT,TT,TT,TT,TT,TT,CC,TT,TT,TT,TT,CC,TT,TT,TT,TT,TT,TT,TT,TT,TT,TT,TT,TT,TT,TT,TT,TT,TT,TT,TT,TT,CC,TT,TT,TT,TT,TT,TT,TT,TT,TT,TT,TT,TT,CC,CC,TT,TT,TT,TT,TT,TT,CC,TT,TT,TT,TT,TT,TT,TT,TT,TT,TT,TT,TT,CC,TT,TT,TT,TT,TT,TT,TT,TT,TT,TT,TT,TT,TT,TT,TT,TT,TT,TT,TT,TT,TT,TT,CC,TT,TT,TT,TT,TT,TT,TT,TT,TT,TT,TT,TT,TT,TT,TT,TT,TT,TT,TT,TT,TT,TT,TT,TT,TT,TT,TT,TT,TT,TT,TT,CC,TT,TT,TT,TT,TT,TT,TT,TT,TT,TT,TT,TT,TT,TT,TT,TT,TT,TT,TT,TT,TT,TT,TT,CC,TT,CC,CC,TT,TT,TT,CC,TT,TT,TT,TT,TT,TT,TT,TT,TT,TT,TT,TT,TT,TT,TT,CC,TT,TT,TT,TT,TT,TT,TT,TT,TT,TT,TT,TT,TT,TT,TT,TT,TT,CC,CC,TT,CC,CC,TT,TT,CC,TT,TT,TT,TT,TT,TT,TT,TT,TT,TT,TT,CC,TT,TT,TT,TT,TT,TT,CC,TT,TT,TT,TT,CC,CC,TT,TT,TT,CC,CC,TT,CC,TT,TT,TT,CC,TT,TT,TT,TT,TT,TT,TT,TT,TT,CC,TT,TT,TT,TT,TT,TT,TT,TT,TT,TT,TT,TT,TT,TT,TT,CC,CC,CC,CC,TT,TT,TT,TT,TT,TT,TT,TT,TT,TT,TT,TT,TT,CC,CC,TT,TT,TT,TT,TT,TT,CC,TT,TT,TT,TT,TT,TT,TT,TT,TT,TT,TT,TT,TT,TT,TT,TT,TT,TT,TT,TT,TT,TT,TT,TT,TT,TT,TT,TT,TT,TT,TT,TT,TT,TT,TT,TT,TT,TT,TT,TT,TT,TT,TT,TT,TT,TT,TT,TT,TT,TT,TT,TT,TT,TT,TT,TT,TT,TT,TT,TT,CC,TT,TT,TT,TT,TT,TT,TT,CC,TT,TT,TT,TT,TT,TT,TT,TT,CC,TT,TT,TT,CC,TT,TT,TT,TT,TT,CC,CC,TT,TT,TT,TT,TT,TT,TT,CC,TT,TT,TT,TT,TT,TT,TT,CC,TT,TT,TT,TT,TT,CC,CC,TT,CC,TT,TT,TT,TT,TT,TT,TT,TT,TT,TT,CC,TT,TT,TT,TT,CC,TT,TT,TT,TT,TT,TT,TT,TT,TT,TT,TT,CC,CC,CC,CC,CC,CC,TT,CC,CC,CC,CC,TT,TT,TT,CC,TT,TT,TT,TT,TT,TT,CC,CC,CC,TT,CC,TT,TT,TT,TT,TT,TT,CC,TT,TT,TT,TT,CC,TT,TT,TT,TT,TT,TT,TT,TT,CC,TT,TT,TT,TT,TT,CC,TT,CC,CC,CC,TT,TT,TT,TT,TT,TT,CC,CC,CC,TT,TT,TT,TT,TT,TT,TT,TT,TT,TT,TT,TT,TT,TT,TT,TT,TT,TT,CC,CC,CC,CC,TT,TT,TT,TT,CC,TT,TT,TT,TT,TT,NN,TT,TT,TT,TT,TT,TT,CC,TT,CC,TT,TT,TT,CC,CC,CC,CC,TT,TT,CC,CC,CC,TT,NN,CC,CC,CC,TT,TT,TT,TT,TT,TT,TT,TT,TT,TT,TT,TT,TT,TT,TT,TT,TT,TT,TT,TT,TT,TT,TT,TT,TT,TT,TT,TT,TT,CC,TT,TT,TT,TT,TT,CC,TT,TT,TT,TT,TT,TT,TT,TT,TT,TT,TT,TT,TT,TT,TT,TT,TT,TT,TT,TT,CC,TT,TT,TT,CC,CC,CC,CC,CC,TT,TT,CC,CC,TT,TT,TT,TT,TT,TT,TT,TT,TT,CC,TT,TT,TT,TT,TT,TT,CC,CC,CC,TT,TT,TT,TT,CC,TT,CC,TT,CC,TT,TT,TT,TT,TT,TT,TT,TT,CC,TT,CC,CC,CC,TT,CC,CC,CC,TT,TT,TT,TT,TT,CC,TT,CC,TT,TT,TT,TT,CC,TT,TT,TT,CC,TT,TT,CC,TT,TT,TT,TT,TT,TT,CC,CC,TT,CC,TT,TT,TT,TT,TT,TT,TT,TT,TT,TT,TT,TT,TT,TT,TT,TT,TT,TT,TT,TT,CC,CC,CC,TT,TT,CC,CC,CC,CC,TT,CC,TT,TT,TT,TT,TT,TT,TT,CC,TT,TT,CC,TT,TT,TT,CC,CC,CC,CC,TT,TT,TT,TT,CC,CC,TT,TT,TT,TT,TT,CC,CC,TT,TT,TT,TT,TT,TT,TT,CC,CC,CC,TT,TT,CC,TT,CC,TT,TT,TT,TT,CC,TT,TT,TT,TT,CC,TT,TT,TT,CC,CC,TT,CC,CC,TT,TT,TT,CC,TT,CC,TT,TT,TT,TT,CC,TT,CC,TT,TT,TT,CC,CC,TT,TT,TT,TT,TT,TT,CC,CC,CC,CC,CC,TT,TT,TT,TT,CC,TT,TT,TT,TT,TT,TT,TT,TT,TT,TT,TT,TT,TT,TT,TT,CC,CC,CC,CC,CC,TT,TT,CC,CC,CC,TT,TT,TT,TT,TT,TT,TT,TT,CC,TT,TT,TT,TT,TT,TT,CC,TT,TT,CC,TT,TT,TT,CC,CC,TT,CC,TT,CC,CC,CC,TT,CC,CC,CC,CC,TT,TT,CC,CC,CC,TT,TT,TT,TT,CC,TT,CC,TT,NN,TT,CC,TT,TT,TT,TT,CC,TT,TT,TT,TT,TT,CC,CC,CC,CC,TT,CC,CC,CC,CC,CC,CC,CC,CC,CC,TT,CC,CC,CC,TT,TT,CC,TT,TT,TT,TT,TT,TT,CC,CC,TT,CC,TT,CC,CC,CC,CC,CC,CC,TT,CC,TT,TT,TT,TT,TT,CC,TT,TT,TT,TT,TT,TT,TT,TT,TT,CC,TT,CC,CC,CC,CC,TT,CC,CC,TT,CC,TT,TT,CC,CC,TT,TT,TT,TT,TT,TT,CC,CC,CC,CC,CC,TT,CC,CC,CC,TT,TT,TT,TT,CC,TT,TT,TT,TT,TT,CC,TT,CC,CC,NN,CC,TT,CC,CC,CC,TT,TT,CC,TT,TT,TT,CC,CC,TT,CC,TT,TT,CC,CC,CC,CC,TT,CC,CC,CC,NN
IWA5166*,0.17,,CC,CC,TT,CC,CC,CC,CC,CC,TT,TT,TT,TT,TT,CC,TT,TT,CC,CC,TT,CC,CC,CC,CC,TT,CC,TT,CC,CC,CC,CC,CC,TT,TT,TT,CC,CC,CC,CC,TT,CC,CC,CC,TT,TT,TT,TT,TT,TT,CC,TT,TT,TT,CC,CC,CC,TT,TT,TT,TT,TT,CC,CC,CC,CC,CC,CC,TT,TT,CC,CC,CC,TT,TT,TT,TT,TT,TT,TT,TT,TT,TT,TT,CC,TT,TT,TT,CC,TT,TT,TT,TT,TT,TT,CC,CC,CC,CC,CC,TT,TT,TT,CC,CC,TT,CC,CC,CC,TT,TT,TT,TT,TT,TT,CC,TT,TT,TT,TT,TT,TT,CC,CC,TT,TT,CC,CC,TT,TT,TT,TT,CC,TT,TT,TT,CC,CC,TT,TT,CC,CC,CC,CC,TT,CC,CC,TT,CC,TT,TT,TT,TT,TT,CC,TT,TT,TT,CC,TT,TT,TT,TT,CC,TT,TT,TT,TT,TT,TT,CC,TT,CC,CC,TT,TT,TT,CC,TT,TT,TT,TT,TT,CC,TT,TT,TT,TT,TT,TT,TT,TT,TT,CC,CC,TT,TT,TT,TT,CC,CC,TT,CC,CC,TT,TT,TT,TT,TT,TT,TT,TT,CC,CC,TT,TT,TT,TT,TT,TT,TT,TT,TT,TT,CC,TT,TT,TT,TT,TT,TT,TT,CC,CC,TT,CC,CC,CC,CC,CC,CC,TT,TT,TT,CC,TT,TT,CC,CC,CC,TT,TT,TT,TT,TT,TT,TT,TT,TT,TT,TT,TT,TT,CC,TT,TT,TT,TT,TT,TT,TT,CC,TT,TT,TT,TT,TT,TT,TT,TT,CC,CC,CC,CC,TT,CC,CC,CC,TT,TT,TT,TT,TT,TT,TT,TT,TT,TT,TT,CC,TT,TT,TT,TT,TT,TT,TT,TT,TT,TT,TT,TT,TT,CC,CC,TT,TT,TT,TT,TT,CC,CC,CC,TT,TT,CC,CC,TT,CC,CC,TT,TT,TT,TT,TT,TT,TT,TT,CC,TT,TT,TT,TT,TT,TT,TT,TT,CC,TT,TT,TT,CC,TT,TT,TT,TT,TT,TT,TT,CC,TT,TT,TT,CC,TT,CC,CC,CC,TT,TT,TT,TT,CC,TT,TT,TT,TT,CC,CC,TT,CC,TT,TT,TT,TT,TT,TT,TT,TT,TT,TT,TT,TT,TT,TT,TT,TT,CC,TT,CC,TT,TT,TT,CC,TT,CC,TT,TT,TT,TT,TT,TT,TT,CC,TT,TT,CC,TT,TT,CC,TT,TT,TT,TT,TT,TT,TT,TT,TT,CC,CC,CC,TT,TT,TT,TT,TT,TT,TT,TT,CC,TT,TT,TT,CC,CC,CC,TT,TT,TT,CC,TT,TT,TT,TT,TT,TT,TT,TT,TT,TT,TT,TT,TT,TT,CC,TT,TT,CC,TT,TT,TT,TT,TT,TT,CC,TT,TT,TT,TT,TT,TT,CC,CC,TT,TT,TT,TT,CC,TT,TT,TT,TT,TT,TT,TT,TT,TT,TT,TT,TT,TT,TT,TT,TT,TT,CC,TT,TT,TT,TT,TT,CC,TT,TT,TT,TT,TT,TT,TT,TT,TT,TT,TT,CC,CC,TT,TT,TT,TT,TT,CC,CC,CC,TT,CC,TT,TT,TT,TT,TT,TT,TT,TT,TT,TT,TT,TT,TT,TT,TT,TT,TT,TT,TT,TT,TT,TT,TT,TT,CC,CC,TT,TT,TT,TT,TT,TT,TT,TT,TT,TT,TT,TT,TT,TT,TT,TT,TT,CC,CC,TT,TT,TT,TT,TT,CC,CC,TT,TT,TT,TT,TT,TT,TT,TT,TT,TT,TT,TT,TT,TT,TT,TT,TT,TT,CC,TT,TT,TT,TT,TT,TT,TT,TT,TT,TT,TT,CC,TT,TT,TT,TT,TT,TT,TT,CC,TT,TT,TT,TT,TT,TT,TT,TT,TT,TT,CC,CC,TT,TT,TT,TT,TT,TT,TT,TT,TT,TT,TT,TT,TT,TT,TT,TT,TT,TT,TT,CC,TT,TT,TT,TT,TT,CC,TT,TT,TT,TT,TT,TT,TT,TT,TT,TT,TT,TT,CC,TT,TT,TT,TT,TT,TT,TT,TT,TT,CC,CC,CC,CC,TT,TT,CC,TT,TT,CC,TT,TT,TT,TT,TT,TT,TT,TT,CC,TT,TT,TT,TT,TT,TT,TT,TT,TT,TT,TT,TT,TT,TT,TT,TT,TT,TT,TT,TT,TT,TT,TT,TT,TT,TT,TT,TT,TT,TT,TT,TT,TT,TT,TT,TT,TT,TT,TT,TT,TT,TT,CC,TT,TT,CC,TT,TT,TT,TT,CC,TT,TT,TT,TT,CC,TT,TT,TT,TT,TT,TT,TT,TT,TT,TT,TT,TT,CC,TT,TT,TT,TT,TT,TT,TT,TT,TT,TT,TT,TT,TT,TT,TT,TT,TT,TT,TT,TT,TT,TT,TT,TT,TT,TT,TT,CC,TT,TT,TT,TT,TT,TT,TT,TT,TT,TT,TT,TT,TT,TT,TT,TT,TT,TT,TT,TT,TT,TT,TT,TT,CC,TT,TT,CC,TT,CC,TT,TT,TT,TT,TT,TT,TT,TT,CC,TT,TT,TT,TT,TT,TT,CC,CC,CC,CC,TT,TT,CC,TT,TT,TT,TT,TT,TT,TT,TT,TT,TT,TT,TT,TT,TT,TT,TT,TT,TT,TT,TT,TT,TT,TT,TT,CC,TT,TT,CC,CC,TT,TT,TT,TT,TT,TT,TT,TT,TT,TT,CC,TT,TT,TT,CC,TT,TT,TT,TT,TT,TT,TT,TT,TT,TT,TT,TT,TT,TT,TT,TT,TT,TT,TT,TT,TT,TT,TT,TT,TT,TT,TT,TT,TT,TT,TT,TT,TT,TT,NN,TT,TT,TT,TT,TT,TT,TT,TT,TT,TT,TT,TT,TT,TT,TT,TT,TT,TT,TT,TT,CC,TT,TT,TT,TT,TT,TT,TT,TT,TT,TT,TT,TT,TT,TT,TT,TT,TT,TT,TT,CC,TT,TT,TT,TT,CC,TT,TT,TT,TT,TT,TT,TT,TT,TT,TT,TT,TT,TT,TT,TT,TT,TT,TT,TT,TT,TT,TT,TT,TT,TT,TT,TT,TT,TT,TT,TT,TT,TT,TT,TT,TT,TT,TT,TT,TT,TT,TT,TT,TT,TT,TT,TT,TT,TT,TT,TT,TT,TT,TT,TT,TT,TT,TT,TT,CC,TT,TT,TT,TT,TT,TT,TT,TT,TT,TT,TT,TT,TT,TT,TT,TT,TT,TT,TT,TT,TT,TT,TT,TT,TT,TT,TT,TT,TT,TT,TT,TT,TT,TT,CC,TT,TT,TT,TT,TT,TT,TT,TT,TT,TT,TT,TT,TT,TT,TT,TT,TT,TT,TT,TT,TT,TT,TT,TT,TT,TT,TT,TT,TT,TT,TT,TT,TT,TT,TT,TT,TT,TT,TT,TT,TT,TT,TT,TT,TT,TT,TT,TT,CC,TT,TT,TT,TT,TT,TT,TT,TT,TT,TT,TT,TT,TT,TT,TT,TT,TT,TT,TT,TT,TT,TT,TT,TT,TT,TT,TT,TT,TT,TT,TT,TT,TT,TT,TT,TT,TT,TT,TT,TT,TT,TT,TT,TT,TT,TT,TT,TT,TT,TT,TT,TT,TT
IWA4774*,0.08,,CC,CC,CC,CC,CC,CC,CC,CC,CC,CC,CC,CC,CC,CC,CC,CC,CC,CC,CC,CC,CC,CC,CC,CC,CC,CC,CC,CC,CC,CC,CC,CC,CC,CC,CC,TT,CC,CC,CC,CC,CC,CC,CC,CC,CC,CC,CC,TT,CC,CC,CC,CC,CC,TT,CC,CC,CC,CC,CC,CC,CC,CC,CC,CC,CC,CC,CC,CC,CC,CC,CC,CC,TT,CC,CC,CC,CC,CC,TT,TT,TT,TT,CC,CC,CC,CC,CC,CC,CC,CC,CC,CC,CC,CC,CC,CC,CC,CC,CC,CC,CC,CC,CC,CC,CC,CC,CC,TT,CC,CC,CC,CC,TT,CC,CC,CC,CC,CC,CC,CC,CC,CC,CC,CC,CC,CC,CC,CC,CC,CC,CC,CC,CC,CC,CC,CC,CC,CC,CC,CC,CC,CC,CC,CC,CC,CC,TT,TT,CC,CC,CC,CC,CC,CC,CC,CC,TT,CC,CC,CC,CC,CC,CC,CC,CC,CC,CC,CC,CC,CC,CC,CC,CC,CC,CC,TT,CC,TT,TT,CC,TT,CC,TT,CC,CC,CC,CC,CC,CC,CC,CC,TT,CC,CC,CC,CC,CC,CC,CC,CC,CC,CC,CC,CC,CC,CC,CC,CC,CC,CC,CC,CC,CC,CC,CC,CC,CC,TT,TT,CC,TT,CC,CC,CC,CC,CC,CC,CC,CC,CC,CC,CC,CC,CC,CC,CC,CC,CC,CC,CC,CC,CC,CC,CC,CC,CC,CC,CC,CC,CC,CC,CC,CC,CC,CC,CC,CC,CC,CC,CC,CC,CC,CC,CC,TT,TT,TT,CC,TT,CC,CC,CC,CC,CC,CC,CC,CC,CC,CC,CC,CC,CC,CC,CC,CC,CC,CC,TT,TT,CC,TT,TT,CC,CC,CC,CC,CC,CC,CC,CC,CC,CC,CC,CC,CC,CC,CC,CC,CC,TT,TT,CC,CC,CC,CC,CC,CC,CC,CC,CC,CC,CC,CC,CC,CC,CC,CC,CC,TT,TT,TT,CC,CC,CC,CC,CC,CC,CC,CC,CC,CC,CC,CC,CC,CC,CC,CC,CC,TT,CC,TT,TT,CC,CC,CC,CC,CC,CC,CC,CC,CC,CC,CC,CC,CC,CC,CC,CC,CC,CC,CC,CC,CC,CC,CC,TT,CC,CC,CC,CC,CC,CC,CC,CC,TT,TT,TT,CC,CC,CC,CC,CC,CC,CC,CC,CC,CC,CC,CC,CC,CC,CC,CC,CC,CC,CC,CC,TT,CC,CC,CC,CC,CC,CC,CC,CC,TT,TT,CC,CC,CC,CC,CC,CC,CC,CC,CC,CC,CC,CC,TT,CC,CC,CC,CC,CC,CC,TT,CC,CC,CC,CC,TT,CC,CC,CC,CC,CC,CC,CC,CC,CC,CC,CC,CC,TT,CC,CC,TT,CC,CC,CC,CC,CC,CC,CC,CC,CC,CC,CC,CC,TT,TT,CC,CC,CC,CC,CC,CC,CC,CC,CC,CC,CC,CC,CC,CC,CC,CC,CC,CC,CC,CC,CC,CC,CC,CC,CC,CC,CC,CC,CC,CC,CC,CC,CC,CC,CC,CC,TT,CC,CC,TT,CC,CC,CC,CC,CC,CC,CC,CC,CC,CC,CC,CC,CC,CC,CC,CC,CC,CC,CC,CC,CC,CC,CC,CC,TT,CC,CC,CC,CC,CC,CC,CC,CC,CC,CC,CC,CC,CC,CC,CC,CC,CC,TT,CC,CC,CC,CC,CC,CC,CC,CC,CC,CC,CC,CC,CC,CC,CC,CC,CC,CC,CC,CC,CC,CC,CC,CC,TT,CC,CC,CC,CC,CC,CC,CC,CC,TT,CC,CC,CC,CC,CC,CC,CC,CC,CC,TT,CC,CC,CC,CC,CC,CC,CC,CC,CC,CC,CC,CC,CC,CC,CC,CC,CC,CC,CC,CC,CC,CC,CC,CC,CC,CC,CC,CC,CC,CC,CC,CC,CC,CC,CC,CC,CC,CC,CC,CC,CC,CC,CC,CC,CC,CC,CC,CC,CC,TT,CC,CC,CC,CC,CC,CC,CC,CC,CC,CC,CC,CC,TT,CC,CC,CC,CC,CC,CC,TT,CC,CC,TT,TT,CC,CC,CC,CC,CC,TT,CC,CC,CC,CC,CC,CC,CC,CC,CC,CC,CC,CC,CC,CC,CC,CC,TT,TT,CC,CC,CC,CC,CC,CC,CC,CC,TT,CC,CC,CC,CC,CC,CC,CC,CC,CC,CC,CC,CC,CC,CC,CC,CC,CC,CC,NN,CC,CC,CC,CC,CC,CC,CC,CC,CC,CC,CC,CC,CC,CC,CC,CC,CC,CC,CC,CC,CC,CC,CC,CC,CC,CC,CC,CC,CC,CC,CC,CC,CC,CC,CC,CC,CC,CC,CC,TT,CC,CC,CC,CC,CC,CC,CC,CC,TT,CC,CC,CC,CC,CC,CC,CC,CC,CC,TT,CC,CC,CC,CC,CC,CC,CC,CC,CC,CC,CC,CC,CC,CC,CC,CC,CC,CC,CC,CC,CC,CC,CC,CC,CC,CC,CC,CC,CC,CC,CC,CC,CC,CC,CC,CC,CC,CC,CC,CC,CC,CC,CC,CC,CC,CC,TT,TT,CC,TT,CC,CC,CC,CC,CC,CC,CC,CC,CC,CC,CC,CC,CC,CC,CC,CC,CC,TT,CC,CC,CC,CC,CC,CC,CC,CC,TT,CC,CC,CC,CC,CC,CC,CC,CC,CC,CC,CC,TT,TT,CC,CC,CC,CC,CC,CC,CC,CC,CC,CC,CC,CC,CC,CC,CC,CC,CC,CC,CC,CC,CC,CC,CC,CC,TT,CC,CC,CC,CC,CC,CC,CC,NN,CC,CC,CC,CC,CC,CC,CC,CC,CC,CC,CC,CC,CC,CC,CC,CC,CC,CC,CC,CC,CC,CC,CC,CC,CC,CC,CC,TT,CC,CC,CC,CC,CC,CC,CC,CC,NN,CC,CC,CC,CC,CC,CC,CC,CC,CC,CC,CC,TT,CC,TT,CC,CC,CC,CC,CC,CC,TT,CC,TT,CC,CC,CC,CC,CC,CC,CC,CC,TT,CC,CC,CC,CC,CC,CC,CC,CC,CC,CC,CC,CC,CC,CC,CC,CC,CC,CC,CC,CC,TT,CC,CC,CC,CC,CC,CC,CC,CC,CC,CC,CC,CC,CC,CC,CC,CC,CC,CC,CC,CC,CC,CC,CC,CC,CC,CC,CC,CC,CC,CC,CC,CC,CC,CC,CC,TT,CC,CC,CC,CC,CC,CC,CC,TT,CC,CC,CC,CC,CC,CC,CC,CC,CC,CC,CC,CC,CC,CC,CC,CC,CC,CC,CC,CC,CC,CC,CC,CC,CC,CC,CC,CC,CC,NN,CC,CC,TT,CC,CC,CC,CC,CC,CC,CC,CC,CC,CC,CC,CC,CC,CC,CC,CC,CC,CC,CC,CC,TT,CC,CC,CC,CC,CC,CC,CC,CC,CC,CC,CC,CC,CC,CC,CC,CC,CC,CC,CC,CC,TT,CC,CC,CC,CC,CC,CC,CC,CC,CC,CC,CC,CC,CC,CC,CC,CC,CC,CC,CC,CC,CC,TT,CC,CC,TT,TT,TT,TT,CC,CC,CC,CC,CC,CC,CC,CC,CC,CC,CC,CC,CC,CC,CC,CC,CC,CC,CC,CC,CC,CC,CC,CC,CC,CC,CC,CC,CC,NN
IWA584*,0.18,,TT,TT,TT,GG,TT,TT,TT,TT,GG,GG,GG,GG,GG,TT,GG,GG,TT,TT,GG,TT,TT,TT,TT,TT,TT,GG,TT,TT,TT,TT,TT,TT,GG,GG,TT,TT,TT,TT,TT,TT,TT,TT,TT,TT,TT,TT,TT,TT,TT,TT,GG,TT,TT,TT,TT,TT,TT,TT,TT,TT,GG,TT,TT,TT,TT,TT,TT,TT,GG,TT,TT,TT,TT,GG,TT,TT,TT,GG,GG,TT,GG,GG,TT,TT,TT,TT,TT,TT,TT,TT,TT,TT,TT,TT,GG,TT,TT,TT,TT,TT,TT,TT,TT,TT,TT,TT,TT,GG,GG,TT,TT,TT,TT,TT,TT,TT,TT,TT,TT,TT,TT,TT,TT,TT,TT,TT,TT,TT,TT,TT,TT,TT,TT,TT,TT,GG,TT,TT,TT,TT,TT,TT,TT,TT,TT,TT,TT,GG,TT,TT,GG,GG,TT,GG,TT,TT,TT,TT,TT,TT,TT,TT,TT,TT,TT,TT,TT,TT,TT,TT,TT,TT,TT,TT,TT,TT,TT,GG,TT,GG,TT,TT,TT,TT,TT,TT,GG,TT,TT,TT,TT,TT,TT,GG,TT,TT,TT,TT,TT,GG,TT,TT,TT,TT,GG,GG,GG,TT,TT,TT,TT,TT,TT,GG,GG,TT,TT,TT,TT,TT,GG,TT,TT,TT,GG,TT,GG,TT,TT,GG,TT,TT,TT,TT,TT,TT,TT,TT,TT,GG,TT,GG,GG,TT,TT,TT,TT,TT,GG,TT,TT,TT,TT,TT,TT,TT,TT,TT,TT,TT,TT,TT,TT,NN,TT,TT,TT,TT,TT,TT,TT,TT,TT,TT,TT,TT,TT,TT,TT,TT,TT,TT,TT,TT,TT,TT,TT,TT,GG,GG,GG,GG,TT,TT,TT,TT,TT,TT,GG,TT,TT,TT,TT,GG,TT,TT,GG,TT,TT,TT,GG,TT,TT,TT,TT,TT,TT,TT,TT,TT,TT,TT,TT,TT,TT,TT,TT,TT,TT,GG,GG,GG,TT,GG,TT,TT,TT,GG,TT,TT,TT,TT,TT,TT,TT,TT,TT,TT,GG,TT,TT,GG,TT,TT,TT,TT,TT,TT,TT,TT,TT,TT,TT,TT,TT,TT,TT,TT,TT,TT,TT,TT,GG,TT,GG,TT,TT,TT,TT,TT,TT,TT,TT,TT,TT,GG,TT,TT,TT,TT,TT,TT,GG,TT,TT,TT,TT,TT,TT,TT,TT,TT,TT,TT,GG,TT,TT,TT,TT,TT,TT,TT,TT,TT,TT,GG,TT,TT,TT,GG,TT,TT,TT,TT,TT,TT,TT,TT,TT,TT,TT,TT,GG,GG,TT,GG,GG,TT,TT,TT,GG,TT,TT,TT,TT,TT,TT,TT,TT,TT,TT,TT,TT,TT,TT,TT,TT,GG,GG,TT,TT,TT,GG,TT,TT,TT,TT,GG,GG,GG,GG,GG,TT,TT,TT,TT,TT,TT,TT,TT,TT,TT,TT,TT,TT,TT,TT,TT,TT,TT,GG,TT,TT,TT,TT,TT,GG,GG,TT,TT,TT,TT,TT,TT,TT,GG,GG,TT,TT,TT,TT,TT,TT,TT,TT,TT,TT,TT,TT,TT,TT,TT,TT,TT,TT,TT,TT,TT,TT,TT,TT,TT,TT,TT,GG,GG,TT,GG,TT,TT,TT,TT,TT,TT,TT,GG,TT,TT,GG,TT,TT,TT,TT,TT,TT,TT,TT,TT,TT,TT,GG,TT,TT,TT,TT,TT,TT,TT,TT,TT,TT,TT,TT,TT,TT,TT,NN,TT,TT,TT,GG,TT,TT,TT,TT,TT,TT,GG,GG,TT,TT,TT,GG,TT,TT,TT,TT,TT,TT,GG,TT,TT,TT,TT,TT,TT,TT,TT,TT,GG,GG,TT,TT,GG,GG,TT,GG,TT,TT,TT,TT,TT,GG,TT,TT,TT,TT,TT,TT,TT,TT,TT,TT,TT,TT,TT,TT,TT,GG,TT,TT,TT,TT,TT,TT,TT,TT,TT,TT,TT,TT,TT,TT,TT,TT,GG,TT,GG,TT,TT,TT,TT,TT,TT,TT,TT,TT,TT,TT,TT,TT,TT,TT,TT,TT,TT,TT,GG,TT,TT,TT,TT,TT,TT,TT,TT,TT,TT,TT,TT,TT,TT,TT,TT,TT,TT,GG,TT,TT,TT,TT,TT,GG,TT,TT,TT,TT,TT,TT,TT,TT,TT,TT,TT,TT,TT,TT,TT,TT,TT,TT,GG,GG,TT,TT,GG,TT,GG,TT,TT,TT,TT,TT,TT,GG,TT,TT,GG,TT,TT,TT,TT,TT,TT,TT,TT,TT,TT,TT,TT,TT,TT,GG,GG,TT,TT,TT,TT,TT,TT,GG,GG,GG,GG,TT,TT,TT,TT,TT,TT,TT,TT,TT,TT,GG,TT,TT,TT,TT,TT,TT,TT,TT,GG,GG,TT,GG,TT,TT,TT,GG,GG,TT,TT,TT,TT,TT,TT,TT,TT,TT,TT,TT,TT,GG,TT,TT,TT,TT,TT,TT,TT,TT,TT,GG,GG,TT,TT,TT,TT,GG,TT,TT,TT,GG,GG,NN,TT,TT,TT,TT,TT,TT,TT,TT,GG,TT,TT,TT,TT,TT,TT,GG,TT,TT,TT,TT,TT,TT,TT,TT,TT,TT,TT,TT,TT,TT,GG,TT,TT,TT,TT,TT,TT,TT,TT,TT,TT,TT,TT,TT,TT,TT,GG,GG,TT,TT,TT,TT,GG,TT,TT,TT,GG,TT,TT,TT,TT,GG,TT,TT,TT,TT,TT,GG,TT,TT,TT,TT,TT,TT,TT,TT,TT,TT,TT,GG,NN,TT,GG,TT,TT,TT,GG,TT,TT,TT,TT,GG,TT,TT,GG,TT,TT,GG,TT,GG,TT,TT,TT,GG,GG,TT,TT,GG,TT,TT,TT,TT,TT,GG,GG,TT,GG,GG,GG,GG,TT,TT,GG,TT,TT,TT,TT,TT,TT,TT,TT,TT,GG,TT,TT,TT,TT,TT,TT,TT,TT,GG,TT,TT,TT,TT,TT,TT,TT,TT,TT,TT,GG,TT,GG,GG,TT,TT,TT,TT,TT,TT,TT,GG,TT,TT,TT,TT,TT,TT,GG,TT,TT,TT,GG,TT,TT,TT,TT,TT,GG,TT,TT,TT,TT,TT,GG,GG,TT,TT,TT,GG,TT,GG,GG,GG,TT,TT,TT,GG,GG,TT,TT,TT,TT,TT,TT,TT,TT,TT,TT,TT,TT,TT,TT,TT,TT,TT,TT,TT,TT,TT,GG,TT,GG,GG,GG,GG,GG,GG,GG,GG,TT,TT,TT,TT,TT,TT,TT,TT,TT,TT,TT,TT,NN,TT,TT,TT,TT,TT,GG,TT,GG,TT,GG,TT,TT,GG,TT,TT,TT,TT,GG,TT,TT,TT,TT,TT,TT,TT,TT,TT,TT,TT,TT,TT,TT,GG,GG,GG,TT,TT,TT,TT,TT,GG,TT,TT,TT,NN,TT,TT,TT,TT,TT,TT,TT,GG,TT,TT,TT,TT,TT,GG,TT,TT,TT,TT,TT,TT,TT,GG,TT,GG,TT,TT,TT,TT,TT,TT,TT,TT,GG,TT,TT,TT,TT,TT,TT,GG,GG,GG,TT,TT,TT,TT,TT,GG,TT,TT,GG,TT,GG,TT,NN,TT,TT,GG
IWA4954†,0.58,,GG,GG,GG,GG,GG,GG,GG,GG,GG,GG,GG,GG,GG,GG,GG,GG,GG,AA,GG,GG,GG,GG,GG,GG,GG,GG,GG,GG,GG,GG,GG,AA,GG,GG,GG,AA,GG,AA,GG,GG,AA,GG,GG,GG,AA,AA,GG,GG,GG,GG,GG,GG,GG,AA,GG,AA,AA,AA,AA,AA,AA,GG,GG,AA,AA,GG,GG,GG,GG,AA,GG,AA,AA,AA,GG,GG,AA,GG,GG,GG,GG,GG,GG,GG,AA,AA,GG,GG,GG,AA,AA,AA,AA,GG,AA,GG,AA,GG,AA,GG,GG,GG,AA,GG,GG,AA,GG,GG,AA,AA,AA,AA,AA,GG,AA,AA,AA,AA,AA,GG,GG,AA,GG,GG,GG,AA,AA,AA,AA,AA,AA,AA,AA,AA,AA,GG,GG,GG,AA,GG,AA,GG,GG,AA,GG,GG,GG,GG,GG,AA,GG,GG,GG,GG,AA,AA,GG,AA,AA,GG,GG,GG,AA,AA,GG,AA,AA,GG,GG,AA,GG,GG,AA,AA,GG,AA,GG,GG,GG,GG,GG,AA,GG,GG,GG,AA,GG,GG,GG,AA,GG,AA,GG,GG,AA,AA,AA,GG,AA,AA,GG,GG,GG,GG,AA,AA,AA,AA,GG,AA,AA,AA,GG,GG,AA,AA,AA,AA,AA,AA,GG,AA,AA,AA,AA,AA,AA,AA,AA,AA,GG,GG,GG,AA,GG,GG,AA,AA,AA,GG,GG,AA,AA,AA,GG,GG,GG,GG,GG,AA,GG,AA,AA,AA,AA,AA,AA,GG,AA,GG,AA,AA,AA,GG,GG,GG,GG,GG,GG,GG,AA,GG,AA,AA,AA,AA,AA,AA,AA,GG,AA,GG,GG,GG,AA,AA,AA,GG,GG,GG,GG,GG,GG,GG,GG,GG,AA,GG,NN,AA,AA,AA,AA,AA,AA,AA,AA,AA,GG,GG,GG,GG,GG,AA,AA,AA,GG,AA,AA,GG,GG,AA,GG,GG,GG,AA,GG,AA,AA,GG,GG,GG,GG,AA,GG,GG,AA,GG,GG,AA,GG,AA,AA,GG,AA,GG,AA,GG,AA,GG,GG,GG,AA,AA,GG,GG,GG,GG,AA,GG,AA,GG,AA,AA,GG,AA,AA,AA,AA,GG,GG,GG,AA,GG,AA,AA,GG,AA,GG,GG,GG,AA,GG,GG,GG,GG,GG,GG,AA,GG,AA,AA,AA,AA,AA,GG,GG,GG,AA,AA,AA,AA,AA,AA,GG,AA,AA,AA,GG,GG,AA,GG,GG,AA,GG,GG,AA,GG,AA,GG,AA,AA,AA,AA,AA,AA,AA,AA,GG,AA,AA,GG,GG,GG,GG,GG,GG,AA,GG,GG,GG,GG,GG,GG,GG,GG,AA,GG,AA,AA,AA,AA,GG,AA,AA,NN,GG,GG,GG,GG,GG,AA,GG,AA,AA,AA,AA,AA,GG,GG,GG,GG,GG,GG,AA,AA,AA,AA,AA,GG,GG,GG,GG,AA,AA,AA,AA,AA,AA,GG,GG,GG,AA,GG,AA,AA,AA,AA,GG,AA,AA,GG,GG,AA,GG,GG,AA,AA,GG,GG,GG,GG,AA,GG,GG,AA,GG,AA,AA,NN,GG,GG,AA,GG,AA,AA,AA,AA,AA,GG,GG,GG,GG,AA,GG,AA,GG,GG,AA,AA,AA,GG,AA,AA,AA,GG,AA,AA,GG,AA,AA,AA,AA,AA,AA,AA,AA,AA,AA,AA,GG,GG,GG,AA,AA,AA,AA,AA,AA,AA,AA,GG,AA,AA,AA,AA,GG,GG,GG,GG,AA,AA,AA,AA,GG,GG,AA,AA,AA,GG,AA,GG,AA,GG,AA,AA,AA,GG,AA,AA,GG,GG,GG,GG,GG,GG,GG,GG,GG,AA,GG,AA,GG,GG,GG,AA,AA,AA,GG,AA,AA,AA,GG,GG,AA,AA,AA,AA,AA,GG,AA,AA,GG,GG,GG,GG,GG,GG,GG,GG,AA,GG,GG,GG,GG,GG,GG,GG,GG,GG,AA,AA,GG,GG,AA,GG,AA,GG,AA,AA,AA,AA,GG,GG,AA,AA,AA,GG,AA,GG,GG,AA,GG,GG,AA,GG,GG,GG,GG,GG,GG,GG,AA,AA,AA,AA,AA,AA,GG,AA,GG,GG,AA,GG,AA,AA,GG,AA,GG,GG,GG,GG,GG,AA,AA,GG,GG,AA,GG,GG,GG,AA,AA,AA,GG,GG,GG,GG,GG,GG,GG,GG,GG,GG,GG,GG,GG,GG,GG,GG,GG,GG,GG,GG,GG,GG,GG,GG,GG,GG,GG,GG,GG,GG,GG,GG,GG,AA,AA,AA,AA,AA,AA,AA,GG,AA,AA,AA,AA,GG,GG,GG,GG,GG,GG,AA,AA,GG,GG,AA,AA,AA,GG,AA,GG,AA,AA,AA,AA,AA,AA,AA,GG,GG,GG,GG,GG,GG,GG,GG,GG,GG,GG,GG,GG,GG,AA,AA,AA,AA,GG,GG,AA,GG,GG,GG,AA,GG,NN,AA,AA,GG,AA,AA,GG,GG,GG,GG,GG,GG,GG,GG,GG,GG,GG,GG,AA,GG,GG,AA,GG,AA,GG,GG,AA,GG,AA,AA,AA,GG,AA,AA,GG,GG,GG,AA,AA,GG,GG,GG,GG,AA,AA,GG,GG,GG,GG,GG,NN,GG,GG,GG,GG,GG,GG,AA,GG,GG,GG,GG,AA,GG,AA,GG,AA,AA,AA,AA,AA,GG,GG,GG,AA,GG,GG,AA,GG,GG,GG,GG,GG,AA,GG,GG,AA,AA,GG,AA,AA,GG,AA,AA,AA,AA,AA,AA,GG,GG,AA,GG,GG,GG,GG,GG,GG,GG,GG,GG,GG,GG,GG,GG,GG,GG,AA,AA,GG,AA,GG,GG,GG,NN,GG,AA,AA,GG,AA,AA,AA,AA,GG,GG,GG,GG,GG,GG,GG,GG,GG,GG,GG,GG,AA,AA,AA,AA,AA,AA,AA,AA,AA,AA,AA,AA,AA,AA,GG,AA,GG,GG,GG,AA,GG,AA,AA,AA,AA,AA,AA,GG,AA,GG,GG,GG,AA,GG,GG,GG,GG,GG,GG,GG,GG,AA,AA,GG,AA,GG,GG,GG,AA,GG,GG,GG,AA,GG,AA,GG,GG,GG,GG,GG,GG,GG,GG,GG,GG,GG,GG,GG,GG,GG,GG,GG,GG,GG,GG,GG,AA,AA,AA,AA,GG,GG,GG,AA,GG,GG,AA,GG,AA,AA,GG,GG,GG,GG,GG,GG,GG,GG,GG,GG,GG,GG,GG,GG,GG,GG,GG,GG,GG,AA,AA,AA,AA,AA,AA,GG,GG,AA,AA,AA,GG,AA,AA,GG,GG,GG,GG,GG,GG,GG,AA,GG,GG,GG,GG,GG,AA,AA,AA,GG,GG,GG,GG,AA,GG,AA,AA,AA,AA,AA,GG,GG,GG,GG,GG,GG,GG,AA,GG,GG,GG,GG,GG,AA,GG,AA,GG,GG,AA,AA,GG,GG,GG,GG,GG,GG,GG,GG,GG,GG,GG,GG,GG,GG,AA,GG,AA,AA,GG,GG,GG,GG,AA,AA,GG,GG,GG,GG,GG,GG,GG,GG,AA,GG,GG,GG,GG,GG,AA,AA,AA,GG,GG,AA,GG,GG,AA,GG,AA,AA,GG,GG,AA
IWA1786†,0.68,,AA,AA,AA,AA,AA,AA,AA,AA,AA,AA,AA,AA,AA,AA,GG,GG,AA,AA,AA,AA,AA,AA,AA,AA,AA,GG,AA,AA,AA,AA,AA,AA,AA,AA,AA,GG,AA,AA,AA,AA,AA,AA,AA,AA,AA,AA,AA,AA,AA,AA,AA,AA,AA,AA,AA,AA,AA,AA,AA,AA,AA,AA,AA,AA,AA,AA,AA,AA,AA,AA,AA,AA,AA,AA,AA,AA,AA,AA,AA,AA,AA,AA,AA,AA,AA,AA,AA,AA,AA,AA,AA,AA,AA,AA,AA,AA,GG,AA,AA,AA,AA,AA,AA,AA,AA,AA,AA,GG,AA,AA,AA,AA,AA,AA,AA,AA,AA,AA,AA,AA,AA,AA,AA,AA,AA,AA,AA,AA,AA,AA,AA,AA,AA,AA,AA,AA,AA,GG,AA,AA,GG,AA,AA,AA,AA,AA,AA,AA,AA,AA,AA,AA,AA,AA,AA,AA,GG,AA,AA,AA,AA,GG,AA,AA,AA,AA,AA,AA,AA,AA,AA,AA,AA,AA,AA,GG,AA,GG,AA,AA,AA,AA,AA,GG,AA,AA,AA,AA,AA,AA,AA,AA,AA,GG,AA,AA,AA,GG,AA,AA,AA,AA,AA,AA,AA,AA,AA,AA,AA,AA,AA,AA,AA,AA,AA,AA,AA,AA,AA,AA,AA,AA,AA,AA,AA,AA,GG,AA,AA,AA,GG,AA,AA,GG,GG,AA,AA,AA,AA,AA,GG,AA,AA,AA,AA,AA,GG,AA,AA,AA,AA,AA,AA,AA,AA,AA,AA,AA,AA,AA,AA,AA,AA,AA,AA,AA,AA,GG,AA,AA,AA,AA,GG,AA,AA,AA,AA,AA,AA,AA,AA,AA,AA,GG,AA,AA,AA,AA,GG,GG,AA,GG,AA,AA,AA,AA,AA,AA,AA,AA,AA,AA,AA,AA,GG,AA,AA,AA,GG,AA,AA,AA,AA,AA,AA,AA,AA,AA,AA,AA,AA,AA,AA,GG,GG,GG,GG,AA,AA,GG,GG,AA,AA,AA,AA,AA,AA,GG,AA,AA,AA,AA,AA,AA,AA,AA,GG,AA,AA,AA,AA,AA,AA,AA,AA,AA,AA,AA,AA,AA,AA,AA,AA,AA,AA,AA,AA,AA,AA,AA,GG,AA,AA,GG,AA,AA,GG,AA,GG,AA,AA,AA,AA,AA,AA,AA,AA,GG,GG,AA,AA,AA,GG,AA,AA,AA,AA,GG,AA,AA,AA,AA,AA,AA,AA,AA,AA,AA,GG,AA,AA,AA,AA,AA,AA,GG,GG,GG,AA,AA,AA,AA,AA,AA,AA,GG,AA,AA,AA,AA,AA,AA,AA,AA,AA,AA,GG,AA,AA,AA,AA,GG,GG,AA,AA,AA,AA,AA,AA,GG,AA,AA,AA,GG,GG,AA,AA,AA,GG,AA,GG,AA,AA,AA,AA,AA,AA,AA,AA,AA,AA,AA,AA,AA,GG,AA,AA,AA,AA,AA,AA,AA,GG,GG,AA,AA,AA,AA,AA,AA,GG,GG,AA,AA,GG,AA,AA,AA,AA,AA,AA,AA,AA,GG,AA,AA,AA,AA,AA,AA,AA,AA,AA,AA,GG,AA,AA,AA,GG,AA,AA,AA,AA,AA,AA,GG,GG,AA,AA,AA,AA,GG,AA,AA,GG,GG,AA,GG,AA,AA,AA,AA,GG,AA,AA,AA,AA,AA,AA,AA,AA,AA,GG,AA,AA,AA,AA,AA,AA,AA,AA,AA,AA,AA,AA,AA,AA,AA,AA,AA,AA,GG,AA,AA,AA,AA,AA,AA,AA,AA,GG,AA,AA,AA,GG,AA,AA,AA,AA,AA,AA,AA,GG,AA,AA,AA,AA,GG,GG,AA,GG,AA,AA,AA,GG,GG,AA,GG,GG,AA,AA,AA,GG,GG,AA,AA,AA,AA,AA,AA,GG,AA,AA,AA,AA,AA,AA,AA,AA,GG,AA,AA,AA,GG,GG,GG,GG,AA,GG,AA,AA,AA,AA,GG,AA,AA,AA,AA,AA,AA,AA,AA,AA,AA,AA,AA,AA,GG,AA,AA,AA,AA,AA,GG,AA,AA,AA,AA,AA,GG,AA,GG,AA,AA,GG,AA,AA,AA,GG,GG,GG,GG,AA,AA,AA,AA,GG,AA,AA,AA,AA,AA,AA,AA,AA,AA,GG,AA,GG,GG,GG,GG,AA,AA,AA,AA,AA,AA,AA,AA,GG,AA,AA,AA,GG,GG,AA,GG,AA,AA,GG,AA,GG,GG,GG,GG,GG,GG,GG,GG,GG,GG,GG,GG,GG,GG,GG,AA,GG,GG,GG,GG,GG,GG,GG,GG,AA,AA,AA,AA,AA,AA,AA,GG,AA,GG,AA,GG,GG,AA,AA,AA,AA,AA,AA,AA,AA,AA,GG,GG,NN,AA,AA,AA,GG,AA,AA,AA,GG,AA,AA,AA,AA,AA,AA,AA,GG,GG,GG,GG,GG,GG,GG,GG,GG,GG,AA,AA,AA,AA,GG,GG,GG,GG,AA,GG,GG,AA,AA,AA,AA,GG,AA,AA,AA,AA,AA,AA,AA,AA,GG,GG,GG,GG,GG,AA,AA,GG,AA,AA,GG,GG,GG,AA,AA,AA,GG,AA,AA,AA,GG,GG,GG,GG,GG,AA,AA,GG,GG,GG,GG,GG,GG,GG,GG,GG,GG,GG,GG,GG,GG,GG,GG,GG,GG,AA,GG,GG,GG,GG,GG,AA,AA,AA,GG,AA,AA,AA,AA,GG,AA,AA,GG,AA,GG,GG,AA,AA,GG,GG,AA,AA,AA,AA,AA,AA,GG,AA,GG,AA,GG,AA,AA,GG,GG,GG,AA,NN,GG,GG,GG,AA,GG,AA,GG,GG,AA,GG,GG,AA,GG,GG,AA,AA,AA,AA,GG,AA,AA,AA,AA,AA,GG,AA,GG,AA,AA,AA,AA,GG,AA,GG,GG,AA,GG,GG,GG,GG,GG,GG,GG,GG,AA,GG,AA,GG,GG,AA,GG,GG,AA,GG,AA,AA,AA,GG,AA,AA,AA,GG,GG,AA,GG,AA,AA,GG,AA,GG,AA,GG,AA,GG,GG,GG,GG,GG,GG,GG,GG,GG,GG,AA,AA,GG,AA,AA,GG,GG,GG,AA,AA,GG,GG,GG,GG,GG,GG,GG,GG,GG,GG,GG,GG,GG,GG,GG,GG,GG,AA,GG,GG,GG,GG,GG,GG,AA,GG,GG,AA,GG,AA,AA,GG,GG,GG,AA,NN,AA,AA,GG,GG,AA,GG,AA,GG,AA,AA,AA,GG,GG,GG,GG,GG,AA,GG,GG,GG,GG,GG,GG,GG,AA,AA,GG,AA,AA,AA,AA,AA,AA,AA,NN,GG,AA,GG,GG,AA,GG,AA,GG,GG,GG,AA,GG,GG,GG,GG,GG,AA,AA,AA,GG,AA,AA,GG,AA,AA,AA,AA,AA,GG,GG,AA,AA,GG,AA,GG,GG,GG,GG,GG,GG,NN,GG,GG,AA,GG,GG,GG,GG,GG,AA,GG,GG,AA,GG,GG,GG,GG,GG,GG,GG,GG,GG,GG,GG,AA,GG,GG,GG,AA,AA,AA,AA,AA,AA,GG,GG,GG,GG,AA,GG,GG,AA,AA,AA,AA,GG,GG,GG,GG,AA,GG,GG,AA,GG,GG,GG,GG,GG,NN,NN,GG,GG,GG
IWA3360‡,0.64,,CC,CC,CC,CC,CC,CC,CC,CC,TT,TT,TT,TT,TT,CC,CC,CC,CC,CC,TT,CC,CC,CC,CC,CC,CC,CC,CC,CC,CC,CC,CC,CC,CC,TT,CC,CC,CC,CC,CC,CC,CC,CC,CC,CC,CC,CC,CC,CC,CC,CC,CC,CC,CC,CC,CC,CC,CC,CC,CC,CC,CC,CC,CC,CC,CC,CC,CC,CC,CC,CC,CC,CC,TT,CC,CC,CC,CC,TT,CC,CC,CC,CC,CC,CC,CC,CC,CC,CC,CC,CC,CC,CC,CC,CC,CC,CC,CC,CC,CC,CC,CC,CC,CC,CC,CC,CC,CC,CC,CC,CC,CC,CC,TT,CC,CC,CC,CC,CC,CC,CC,CC,CC,CC,CC,TT,CC,CC,CC,CC,CC,CC,CC,CC,CC,CC,CC,CC,CC,CC,CC,CC,CC,CC,CC,CC,CC,CC,CC,CC,TT,CC,CC,CC,CC,CC,CC,CC,CC,CC,CC,CC,CC,TT,CC,CC,CC,CC,CC,CC,CC,CC,CC,CC,CC,CC,CC,CC,CC,CC,TT,CC,CC,CC,CC,CC,CC,CC,CC,TT,TT,CC,CC,CC,CC,CC,CC,CC,TT,CC,CC,CC,CC,CC,CC,CC,TT,CC,CC,CC,CC,CC,CC,CC,CC,CC,CC,CC,CC,CC,CC,CC,CC,CC,CC,CC,CC,CC,CC,CC,CC,CC,CC,CC,CC,CC,CC,CC,CC,CC,CC,CC,CC,CC,CC,CC,CC,CC,CC,TT,CC,CC,TT,TT,TT,TT,TT,TT,TT,CC,CC,CC,CC,CC,TT,CC,CC,CC,CC,CC,CC,CC,CC,CC,CC,CC,CC,CC,CC,CC,CC,CC,CC,CC,CC,CC,CC,CC,CC,CC,TT,CC,TT,CC,CC,CC,CC,CC,CC,CC,TT,TT,TT,CC,CC,CC,CC,CC,CC,TT,CC,CC,CC,TT,CC,CC,CC,CC,CC,CC,CC,CC,CC,CC,CC,CC,CC,CC,CC,CC,TT,CC,CC,TT,CC,CC,CC,CC,CC,TT,TT,CC,CC,CC,CC,CC,CC,CC,CC,TT,TT,CC,CC,CC,CC,CC,TT,CC,CC,CC,CC,TT,CC,CC,CC,CC,CC,CC,TT,CC,CC,CC,TT,CC,CC,CC,CC,TT,CC,CC,CC,CC,TT,CC,TT,CC,CC,CC,CC,CC,TT,CC,CC,CC,CC,CC,CC,CC,CC,CC,CC,CC,CC,CC,CC,TT,CC,CC,CC,CC,CC,TT,CC,CC,TT,TT,CC,CC,TT,TT,CC,CC,CC,CC,CC,TT,TT,CC,CC,CC,CC,CC,CC,TT,TT,CC,CC,TT,CC,CC,CC,TT,CC,CC,CC,CC,TT,CC,CC,CC,CC,TT,TT,CC,CC,CC,CC,CC,TT,TT,CC,TT,CC,TT,CC,CC,TT,CC,CC,TT,CC,TT,TT,TT,CC,CC,CC,CC,CC,TT,CC,CC,CC,CC,CC,CC,CC,CC,CC,CC,CC,TT,TT,TT,CC,CC,CC,CC,CC,CC,TT,CC,CC,CC,CC,CC,CC,CC,CC,CC,CC,TT,CC,CC,CC,CC,CC,CC,CC,TT,TT,TT,CC,CC,CC,TT,TT,TT,CC,TT,CC,CC,CC,CC,CC,CC,CC,TT,TT,CC,CC,CC,TT,TT,CC,TT,CC,CC,TT,TT,CC,CC,CC,CC,CC,TT,CC,TT,CC,CC,CC,NN,TT,TT,CC,TT,TT,TT,TT,TT,TT,TT,TT,TT,TT,TT,TT,CC,CC,CC,CC,CC,CC,CC,CC,CC,CC,CC,TT,TT,CC,CC,CC,CC,CC,CC,CC,CC,CC,CC,CC,CC,TT,TT,TT,CC,CC,TT,TT,TT,CC,TT,CC,TT,TT,TT,CC,CC,TT,TT,CC,CC,TT,CC,CC,CC,CC,CC,CC,TT,CC,TT,CC,CC,CC,CC,CC,CC,CC,CC,CC,CC,CC,CC,TT,CC,TT,TT,TT,TT,CC,CC,TT,CC,CC,CC,CC,CC,TT,CC,CC,CC,CC,CC,CC,CC,CC,CC,CC,CC,CC,TT,CC,CC,CC,CC,CC,CC,TT,CC,CC,TT,CC,TT,TT,CC,TT,CC,TT,CC,CC,CC,CC,CC,TT,CC,CC,TT,CC,CC,CC,CC,CC,CC,CC,TT,TT,TT,TT,CC,CC,CC,CC,CC,CC,CC,CC,TT,TT,TT,TT,TT,TT,TT,TT,TT,CC,TT,TT,TT,TT,TT,TT,TT,TT,TT,TT,TT,CC,TT,TT,TT,TT,TT,TT,TT,TT,CC,TT,CC,TT,CC,CC,TT,CC,CC,TT,CC,CC,CC,CC,TT,TT,TT,TT,CC,CC,TT,TT,CC,TT,CC,CC,CC,CC,CC,TT,TT,CC,CC,TT,TT,CC,CC,TT,TT,TT,TT,TT,TT,TT,TT,TT,TT,TT,TT,TT,CC,CC,TT,CC,TT,CC,CC,TT,TT,CC,CC,CC,TT,CC,CC,TT,CC,TT,TT,TT,TT,TT,TT,TT,TT,TT,TT,TT,CC,CC,CC,CC,CC,TT,CC,TT,CC,CC,TT,TT,CC,CC,TT,TT,CC,CC,TT,TT,TT,CC,CC,CC,CC,CC,CC,CC,CC,TT,TT,TT,TT,CC,CC,CC,TT,TT,TT,TT,TT,CC,CC,CC,CC,CC,CC,CC,CC,TT,TT,CC,CC,CC,TT,TT,TT,TT,CC,TT,TT,CC,CC,TT,TT,TT,CC,CC,CC,TT,CC,TT,CC,CC,CC,TT,CC,CC,CC,TT,TT,TT,TT,TT,CC,TT,TT,CC,TT,TT,TT,TT,TT,TT,CC,TT,TT,TT,TT,CC,CC,CC,TT,CC,TT,TT,CC,CC,TT,CC,CC,CC,TT,TT,CC,TT,TT,TT,TT,TT,TT,TT,TT,TT,TT,TT,TT,TT,CC,CC,TT,TT,CC,TT,CC,CC,CC,CC,CC,CC,CC,CC,CC,CC,TT,TT,CC,TT,CC,CC,CC,CC,CC,CC,TT,TT,CC,TT,TT,TT,TT,CC,CC,TT,TT,TT,TT,TT,CC,CC,CC,TT,TT,TT,CC,TT,CC,TT,TT,TT,TT,CC,TT,TT,TT,TT,TT,CC,TT,CC,CC,CC,TT,TT,CC,TT,TT,TT,TT,TT,TT,TT,TT,TT,TT,CC,TT,CC,TT,CC,CC,TT,TT,CC,CC,CC,CC,CC,TT,TT,TT,TT,TT,TT,TT,TT,TT,TT,CC,CC,TT,TT,TT,CC,CC,TT,TT,CC,TT,CC,CC,TT,CC,CC,CC,CC,CC,CC,CC,CC,TT,TT,TT,TT,TT,TT,TT,TT,CC,TT,TT,TT,TT,TT,CC,TT,CC,CC,CC,CC,CC,TT,CC,CC,TT,TT,CC,CC,CC,TT,NN,TT,TT,TT,TT,CC,TT,TT,TT,TT,TT,CC,CC,CC,CC,CC,CC,CC,TT,TT,TT,TT,TT,TT,TT,TT,TT,TT,TT,TT,TT,TT,CC,CC,TT,CC,TT,CC,CC,CC,TT,TT,TT,CC,CC,TT,CC,TT,TT,TT,CC,CC,TT,TT,TT,TT,CC,CC,CC,TT,CC,CC,TT,TT,TT,TT,CC,CC,TT,TT,TT
IWA1621‡,0.94,,TT,TT,TT,TT,TT,TT,TT,TT,TT,TT,TT,TT,TT,TT,TT,TT,TT,TT,TT,TT,TT,TT,TT,TT,TT,TT,TT,TT,TT,TT,TT,TT,TT,TT,TT,TT,TT,TT,TT,TT,TT,TT,TT,TT,TT,TT,TT,CC,TT,TT,TT,TT,TT,TT,TT,TT,TT,TT,TT,TT,TT,TT,TT,TT,TT,TT,TT,TT,TT,TT,TT,TT,TT,TT,TT,TT,TT,TT,TT,TT,TT,TT,TT,TT,TT,TT,TT,TT,TT,TT,TT,TT,TT,TT,TT,TT,TT,TT,TT,TT,TT,CC,TT,TT,TT,TT,TT,TT,TT,TT,TT,TT,TT,TT,TT,TT,TT,TT,TT,TT,CC,TT,TT,TT,TT,TT,TT,TT,TT,TT,TT,TT,TT,TT,TT,TT,TT,TT,TT,TT,TT,TT,TT,TT,TT,TT,TT,TT,CC,TT,TT,TT,TT,TT,TT,TT,TT,TT,TT,TT,TT,TT,TT,TT,TT,TT,TT,TT,TT,TT,TT,TT,TT,TT,TT,CC,TT,TT,TT,TT,TT,TT,TT,TT,TT,TT,TT,TT,TT,TT,TT,TT,TT,TT,TT,TT,TT,TT,TT,TT,TT,TT,TT,TT,TT,TT,TT,TT,TT,TT,TT,TT,TT,TT,TT,TT,TT,TT,TT,TT,TT,TT,TT,TT,TT,TT,TT,TT,TT,TT,TT,TT,TT,TT,TT,TT,TT,TT,TT,TT,TT,TT,CC,TT,TT,TT,TT,TT,TT,TT,TT,TT,TT,TT,TT,TT,TT,TT,TT,TT,TT,TT,TT,TT,TT,CC,TT,TT,TT,TT,TT,TT,TT,TT,TT,TT,TT,TT,TT,TT,TT,TT,TT,TT,TT,TT,TT,TT,TT,TT,TT,TT,TT,TT,TT,CC,TT,TT,TT,TT,TT,TT,TT,TT,TT,TT,TT,TT,TT,TT,TT,TT,TT,TT,TT,TT,TT,TT,TT,TT,TT,TT,TT,TT,TT,TT,TT,TT,TT,TT,TT,TT,TT,CC,TT,TT,TT,TT,TT,TT,TT,TT,TT,TT,TT,TT,TT,TT,TT,TT,CC,CC,TT,TT,TT,TT,TT,TT,TT,TT,TT,CC,TT,TT,TT,TT,TT,TT,TT,TT,TT,TT,CC,TT,TT,TT,TT,TT,TT,TT,TT,TT,TT,TT,TT,TT,TT,TT,TT,TT,TT,TT,TT,TT,TT,TT,TT,TT,TT,TT,TT,CC,TT,TT,TT,TT,TT,TT,TT,TT,TT,TT,TT,TT,TT,TT,TT,TT,TT,TT,TT,TT,TT,TT,TT,TT,TT,TT,TT,TT,TT,TT,TT,TT,TT,TT,TT,TT,TT,TT,TT,TT,TT,TT,TT,TT,TT,TT,TT,TT,TT,TT,TT,TT,TT,TT,TT,TT,TT,TT,TT,TT,TT,TT,TT,TT,TT,TT,TT,TT,TT,TT,TT,TT,TT,TT,TT,TT,TT,TT,TT,TT,TT,TT,TT,TT,TT,TT,TT,TT,TT,TT,TT,TT,TT,TT,TT,TT,TT,TT,TT,CC,TT,TT,TT,CC,TT,TT,TT,CC,TT,TT,TT,TT,TT,TT,TT,TT,TT,TT,TT,TT,TT,TT,TT,TT,TT,TT,TT,TT,TT,TT,TT,TT,TT,TT,TT,TT,TT,TT,TT,CC,TT,TT,TT,TT,TT,TT,TT,TT,TT,TT,TT,TT,TT,CC,TT,TT,TT,TT,TT,TT,TT,TT,TT,TT,TT,TT,TT,TT,TT,TT,TT,TT,TT,TT,TT,TT,TT,TT,TT,TT,TT,TT,TT,TT,TT,TT,TT,CC,TT,TT,TT,TT,TT,TT,TT,CC,TT,TT,TT,TT,TT,TT,TT,TT,TT,TT,TT,TT,TT,TT,TT,TT,TT,TT,TT,TT,TT,CC,TT,TT,TT,TT,TT,TT,TT,TT,TT,CC,TT,TT,TT,TT,TT,TT,TT,TT,TT,TT,TT,TT,TT,TT,TT,TT,TT,TT,TT,TT,CC,TT,TT,TT,TT,TT,TT,TT,TT,TT,TT,TT,TT,TT,TT,TT,TT,TT,TT,TT,TT,TT,TT,TT,TT,TT,TT,TT,TT,CC,TT,TT,TT,TT,TT,TT,TT,TT,TT,TT,CC,TT,TT,TT,TT,TT,TT,TT,TT,TT,TT,TT,TT,TT,TT,TT,TT,TT,TT,TT,TT,CC,TT,TT,TT,TT,TT,TT,TT,TT,TT,TT,TT,TT,TT,CC,TT,TT,TT,TT,TT,TT,TT,TT,TT,TT,TT,TT,TT,TT,TT,TT,TT,TT,TT,TT,CC,TT,TT,TT,TT,TT,CC,CC,TT,TT,TT,TT,TT,TT,TT,TT,TT,TT,CC,TT,TT,TT,TT,TT,TT,TT,TT,TT,TT,TT,TT,TT,TT,TT,TT,TT,TT,TT,TT,TT,TT,TT,TT,TT,TT,TT,TT,TT,TT,TT,TT,TT,TT,TT,TT,TT,TT,TT,TT,TT,TT,TT,TT,TT,TT,TT,TT,TT,TT,TT,TT,TT,TT,TT,TT,TT,TT,TT,TT,TT,TT,TT,TT,TT,TT,TT,TT,CC,TT,TT,TT,TT,TT,TT,TT,TT,TT,TT,TT,TT,TT,TT,TT,TT,TT,TT,TT,TT,TT,TT,TT,TT,TT,TT,TT,CC,TT,TT,TT,TT,TT,TT,TT,TT,TT,TT,CC,TT,TT,TT,TT,TT,TT,TT,TT,TT,CC,TT,TT,TT,TT,TT,CC,TT,TT,TT,TT,TT,TT,TT,TT,TT,TT,TT,TT,CC,TT,TT,TT,TT,TT,TT,TT,TT,TT,TT,TT,TT,TT,TT,TT,TT,TT,TT,TT,TT,TT,TT,CC,TT,TT,TT,TT,TT,TT,TT,TT,TT,TT,TT,TT,TT,TT,TT,TT,TT,TT,TT,TT,TT,TT,TT,TT,TT,TT,TT,TT,TT,TT,TT,TT,TT,TT,TT,TT,TT,TT,TT,TT,TT,TT,TT,TT,TT,TT,TT,TT,TT,TT,TT,TT,TT,CC,TT,CC,TT,TT,TT,TT,TT,TT,TT,TT,TT,TT,TT,TT,TT,TT,TT,CC,TT,TT,TT,TT,TT,TT,TT,TT,TT,TT,TT,TT,TT,TT,CC,TT,TT,TT,TT,TT,TT,TT,TT,TT,TT,TT,TT,TT,TT,TT,TT,TT,TT,TT,TT,TT,TT,CC,TT,TT,TT,TT,TT,TT,TT,TT,TT,TT,TT,TT,TT,TT,TT,TT,TT,TT,TT,TT,TT,TT,TT,TT,TT,CC,TT,TT,TT,TT,TT,TT,TT,TT,CC,TT,TT,TT,TT,TT,TT,CC,CC,TT,TT,TT,TT,CC,TT,TT,TT,TT,TT,CC,TT,TT,TT,TT,TT,CC,TT,TT,TT,TT,TT,TT,TT,TT,TT,CC,TT,TT,TT,TT,CC,TT,TT,TT,TT,TT,TT,TT,TT,CC,TT,TT,TT,TT,TT,TT,TT,TT,TT,TT,TT,TT,TT,TT,CC,TT,TT,TT,TT,CC,TT,TT,TT,TT,TT,CC,TT,TT,CC,TT,TT,TT,TT,CC,TT,TT,TT,CC,TT,TT,TT,TT,CC,TT,TT,TT,TT,TT,TT,CC,TT,TT,NN,TT,CC,NN
IWA6052†,0.63,,CC,CC,CC,TT,TT,CC,TT,CC,TT,TT,TT,TT,TT,CC,TT,TT,CC,TT,TT,CC,CC,CC,TT,CC,CC,TT,CC,CC,CC,CC,CC,CC,CC,TT,TT,TT,CC,TT,TT,TT,TT,TT,CC,CC,CC,CC,TT,TT,TT,CC,CC,TT,TT,TT,TT,TT,TT,TT,TT,CC,TT,TT,CC,CC,CC,CC,TT,CC,CC,CC,TT,CC,CC,TT,CC,CC,TT,TT,TT,TT,TT,TT,CC,CC,CC,CC,CC,CC,CC,CC,CC,CC,TT,TT,TT,TT,CC,TT,TT,CC,CC,CC,CC,CC,TT,TT,TT,TT,TT,CC,CC,CC,CC,TT,TT,TT,CC,CC,CC,CC,CC,TT,CC,CC,CC,CC,TT,CC,CC,CC,CC,CC,CC,CC,TT,CC,CC,CC,CC,TT,CC,CC,CC,TT,TT,CC,TT,TT,CC,TT,CC,CC,CC,TT,TT,TT,TT,CC,CC,CC,CC,TT,TT,CC,CC,CC,CC,CC,CC,CC,CC,TT,CC,TT,CC,TT,CC,TT,TT,TT,TT,CC,TT,CC,CC,CC,TT,CC,CC,TT,CC,CC,TT,TT,CC,CC,CC,TT,CC,TT,CC,CC,CC,CC,TT,TT,CC,TT,TT,TT,CC,TT,CC,CC,TT,CC,TT,CC,CC,CC,TT,TT,CC,CC,CC,CC,TT,CC,CC,CC,TT,TT,TT,TT,TT,TT,TT,CC,TT,TT,CC,CC,TT,TT,TT,CC,TT,TT,TT,TT,CC,CC,CC,CC,CC,CC,CC,CC,CC,CC,TT,CC,CC,TT,TT,TT,TT,TT,TT,TT,TT,CC,CC,CC,TT,CC,CC,CC,CC,TT,CC,CC,CC,CC,TT,TT,CC,TT,TT,TT,TT,TT,TT,CC,CC,TT,TT,TT,TT,TT,CC,TT,CC,CC,CC,CC,CC,CC,TT,TT,TT,TT,TT,TT,CC,CC,TT,CC,TT,CC,TT,CC,TT,CC,TT,TT,TT,TT,CC,TT,CC,TT,TT,CC,CC,TT,TT,TT,TT,CC,TT,CC,CC,CC,TT,TT,CC,TT,TT,TT,TT,TT,CC,TT,CC,CC,TT,TT,CC,TT,CC,TT,TT,TT,CC,TT,TT,CC,CC,TT,TT,TT,CC,TT,CC,CC,TT,TT,CC,CC,TT,CC,CC,CC,CC,TT,TT,CC,CC,CC,TT,TT,CC,CC,TT,TT,CC,TT,CC,TT,TT,TT,CC,CC,TT,CC,CC,CC,CC,TT,CC,CC,CC,CC,TT,TT,TT,TT,CC,CC,CC,CC,CC,CC,CC,TT,CC,TT,TT,TT,CC,CC,TT,TT,CC,TT,TT,TT,TT,CC,TT,CC,TT,CC,TT,CC,TT,TT,TT,TT,TT,TT,TT,CC,CC,CC,TT,TT,TT,CC,TT,CC,TT,TT,TT,CC,CC,CC,TT,TT,TT,TT,TT,TT,CC,TT,CC,CC,TT,TT,TT,CC,TT,CC,CC,TT,TT,CC,CC,TT,TT,TT,TT,CC,CC,CC,TT,TT,TT,CC,CC,TT,CC,CC,TT,TT,TT,TT,TT,TT,TT,TT,TT,CC,CC,CC,CC,CC,TT,CC,CC,CC,CC,TT,CC,CC,CC,CC,TT,TT,CC,TT,TT,TT,TT,TT,TT,TT,TT,CC,TT,TT,TT,CC,CC,CC,CC,CC,TT,TT,TT,CC,TT,TT,CC,CC,TT,TT,TT,TT,TT,TT,TT,CC,TT,TT,TT,TT,TT,TT,TT,TT,TT,TT,TT,TT,NN,TT,TT,CC,TT,CC,CC,CC,TT,TT,CC,TT,TT,TT,CC,TT,TT,CC,CC,CC,CC,CC,TT,TT,TT,CC,CC,CC,TT,CC,TT,TT,TT,TT,TT,CC,TT,TT,TT,TT,TT,TT,TT,TT,CC,CC,TT,TT,TT,CC,CC,CC,TT,TT,CC,CC,CC,CC,TT,TT,TT,CC,TT,CC,CC,TT,TT,TT,TT,TT,TT,TT,TT,TT,CC,TT,CC,CC,CC,TT,CC,TT,TT,TT,TT,TT,TT,TT,CC,CC,CC,CC,TT,TT,TT,CC,TT,TT,TT,CC,TT,TT,TT,TT,TT,TT,TT,TT,NN,TT,TT,TT,TT,TT,CC,CC,CC,CC,TT,CC,TT,TT,CC,CC,CC,CC,TT,CC,CC,TT,TT,TT,CC,TT,TT,CC,CC,TT,CC,TT,TT,TT,TT,TT,TT,TT,TT,TT,TT,TT,TT,TT,TT,TT,TT,TT,TT,TT,TT,TT,TT,TT,TT,TT,TT,TT,TT,TT,TT,TT,TT,TT,CC,TT,TT,TT,TT,TT,TT,CC,CC,CC,CC,CC,TT,TT,TT,TT,CC,TT,TT,TT,CC,CC,TT,CC,CC,CC,TT,TT,TT,TT,CC,TT,TT,TT,TT,TT,TT,TT,TT,TT,TT,TT,TT,TT,TT,TT,TT,TT,TT,TT,TT,CC,CC,CC,CC,TT,TT,CC,TT,CC,TT,TT,TT,TT,CC,TT,TT,TT,TT,TT,TT,TT,TT,TT,TT,TT,TT,TT,TT,TT,TT,TT,TT,CC,TT,CC,TT,TT,TT,CC,TT,CC,TT,TT,TT,CC,CC,TT,TT,TT,TT,CC,TT,TT,TT,TT,TT,TT,TT,TT,NN,TT,TT,TT,TT,TT,TT,TT,TT,TT,TT,TT,TT,TT,TT,TT,TT,CC,TT,CC,TT,TT,CC,CC,TT,TT,TT,TT,TT,TT,TT,TT,TT,CC,CC,TT,TT,TT,CC,CC,TT,TT,TT,CC,TT,CC,CC,CC,TT,TT,TT,TT,TT,TT,TT,TT,TT,TT,TT,TT,TT,TT,TT,TT,TT,TT,CC,CC,TT,CC,TT,TT,TT,TT,TT,TT,TT,TT,CC,CC,NN,TT,TT,TT,TT,TT,TT,TT,TT,TT,TT,TT,TT,TT,TT,CC,TT,TT,CC,TT,TT,TT,CC,TT,CC,TT,TT,CC,CC,TT,TT,TT,CC,CC,TT,CC,TT,TT,TT,CC,TT,TT,TT,TT,TT,TT,TT,TT,TT,TT,TT,TT,TT,TT,CC,CC,CC,TT,TT,TT,TT,TT,CC,TT,TT,TT,CC,TT,TT,TT,TT,TT,TT,TT,TT,TT,TT,TT,TT,TT,TT,TT,TT,TT,TT,TT,TT,TT,TT,TT,TT,CC,CC,CC,TT,CC,TT,CC,TT,NN,CC,TT,CC,CC,TT,TT,TT,TT,TT,TT,TT,TT,TT,TT,TT,TT,TT,TT,TT,TT,TT,TT,TT,CC,TT,CC,CC,CC,CC,TT,CC,CC,TT,CC,TT,CC,CC,TT,TT,TT,TT,TT,TT,TT,TT,TT,TT,TT,TT,TT,TT,CC,TT,TT,CC,CC,CC,TT,TT,TT,CC,CC,CC,CC,CC,TT,TT,TT,TT,TT,TT,TT,TT,TT,TT,TT,TT,CC,TT,TT,TT,TT,TT,TT,TT,TT,TT,TT,TT,TT,TT,TT,TT,TT,TT,TT,TT,TT,CC,CC,CC,TT,TT,TT,TT,TT,TT,TT,TT,TT,TT,TT,TT,TT,TT,CC,CC,CC,TT,TT,TT,TT,TT,TT,TT,TT,TT,TT,TT,TT,TT,TT,TT,TT,TT,TT,TT
IWA6190*,0.53,,TT,CC,TT,TT,TT,TT,TT,TT,TT,TT,TT,TT,TT,TT,TT,TT,TT,TT,TT,TT,TT,TT,TT,TT,TT,TT,TT,TT,TT,TT,TT,TT,TT,TT,TT,CC,CC,TT,TT,TT,TT,TT,TT,TT,TT,TT,TT,TT,TT,TT,TT,CC,TT,TT,TT,TT,TT,TT,TT,TT,TT,TT,TT,TT,CC,TT,TT,TT,TT,TT,TT,TT,TT,TT,TT,TT,TT,TT,TT,TT,TT,TT,TT,CC,TT,TT,CC,TT,TT,TT,TT,TT,CC,TT,TT,TT,TT,TT,TT,CC,TT,TT,TT,TT,TT,TT,TT,TT,TT,TT,TT,TT,TT,TT,CC,TT,TT,TT,TT,TT,TT,TT,TT,TT,TT,TT,CC,TT,TT,TT,TT,TT,TT,TT,TT,CC,TT,TT,TT,TT,CC,TT,TT,TT,TT,TT,TT,CC,TT,TT,TT,TT,TT,TT,TT,TT,CC,TT,TT,TT,TT,TT,TT,TT,TT,TT,TT,TT,CC,TT,CC,CC,TT,TT,TT,TT,TT,CC,CC,TT,TT,TT,CC,TT,TT,TT,TT,TT,TT,TT,TT,TT,TT,TT,TT,TT,TT,TT,CC,CC,TT,TT,TT,TT,TT,TT,TT,TT,TT,TT,TT,TT,TT,TT,TT,TT,TT,TT,TT,TT,CC,CC,TT,TT,TT,CC,CC,TT,TT,TT,TT,CC,CC,TT,TT,TT,TT,CC,CC,CC,TT,TT,TT,TT,TT,TT,TT,TT,CC,TT,TT,TT,TT,TT,TT,TT,TT,TT,TT,TT,TT,TT,TT,TT,TT,TT,CC,TT,TT,CC,TT,TT,TT,TT,CC,TT,TT,TT,TT,TT,TT,TT,CC,TT,CC,TT,TT,CC,CC,CC,CC,CC,TT,TT,TT,TT,CC,TT,TT,TT,TT,TT,CC,TT,CC,TT,CC,TT,CC,CC,CC,TT,TT,TT,TT,TT,TT,CC,CC,CC,CC,TT,TT,CC,TT,TT,TT,TT,TT,CC,CC,TT,TT,TT,TT,TT,TT,TT,CC,TT,TT,TT,TT,TT,TT,TT,CC,TT,CC,TT,TT,TT,TT,TT,CC,TT,TT,TT,TT,CC,CC,TT,TT,CC,CC,CC,TT,CC,CC,TT,TT,TT,TT,TT,TT,TT,TT,TT,TT,TT,TT,TT,TT,TT,TT,CC,CC,TT,TT,TT,TT,CC,TT,TT,TT,CC,TT,TT,TT,TT,TT,CC,TT,TT,CC,TT,TT,CC,CC,CC,TT,CC,TT,TT,CC,CC,CC,CC,TT,CC,CC,TT,CC,CC,CC,CC,TT,TT,TT,CC,TT,TT,TT,CC,TT,TT,TT,CC,TT,CC,TT,TT,CC,TT,CC,CC,CC,CC,TT,TT,CC,CC,TT,TT,CC,TT,TT,CC,CC,CC,CC,TT,TT,TT,TT,CC,TT,CC,CC,TT,TT,TT,TT,TT,TT,TT,TT,TT,CC,CC,TT,TT,TT,TT,TT,TT,TT,TT,TT,CC,CC,TT,CC,TT,TT,TT,TT,TT,TT,TT,TT,TT,TT,TT,CC,TT,TT,CC,TT,CC,TT,TT,TT,TT,TT,TT,TT,TT,CC,TT,TT,CC,TT,CC,TT,CC,TT,TT,CC,TT,TT,TT,CC,TT,CC,CC,CC,CC,TT,CC,TT,TT,CC,TT,CC,CC,TT,TT,TT,CC,TT,TT,CC,TT,TT,TT,TT,CC,CC,TT,TT,TT,CC,TT,CC,CC,CC,CC,CC,CC,CC,CC,CC,CC,CC,CC,TT,TT,TT,TT,CC,TT,TT,CC,CC,TT,CC,CC,CC,TT,TT,TT,TT,TT,CC,CC,TT,TT,TT,CC,CC,TT,TT,TT,TT,TT,CC,TT,CC,TT,CC,CC,CC,CC,CC,TT,TT,CC,TT,TT,TT,CC,TT,CC,CC,TT,TT,TT,CC,CC,TT,TT,TT,TT,TT,TT,TT,CC,CC,TT,TT,TT,CC,CC,TT,CC,CC,CC,CC,CC,TT,CC,TT,CC,TT,TT,CC,CC,TT,TT,TT,TT,CC,CC,TT,TT,CC,TT,TT,TT,CC,TT,TT,CC,TT,TT,CC,CC,CC,CC,CC,TT,CC,CC,CC,CC,CC,CC,CC,TT,TT,TT,TT,TT,CC,TT,CC,TT,CC,CC,CC,CC,TT,CC,CC,CC,CC,CC,TT,TT,TT,TT,TT,TT,TT,CC,CC,CC,CC,CC,CC,CC,CC,CC,CC,TT,CC,CC,CC,CC,CC,CC,CC,CC,TT,CC,CC,TT,CC,CC,CC,CC,CC,CC,CC,CC,CC,CC,CC,CC,CC,CC,CC,CC,CC,TT,TT,TT,TT,CC,CC,CC,CC,CC,TT,TT,TT,CC,CC,CC,TT,TT,TT,TT,CC,CC,CC,CC,CC,CC,CC,TT,TT,CC,CC,CC,TT,CC,CC,CC,CC,CC,CC,CC,CC,CC,TT,CC,TT,CC,TT,CC,TT,TT,CC,CC,CC,CC,CC,CC,CC,CC,TT,TT,CC,CC,CC,CC,CC,CC,CC,CC,CC,CC,CC,CC,CC,CC,CC,CC,CC,CC,CC,TT,TT,CC,CC,TT,CC,TT,TT,TT,CC,TT,TT,CC,TT,TT,TT,TT,TT,CC,CC,CC,CC,CC,CC,TT,CC,CC,CC,CC,CC,CC,CC,CC,CC,CC,CC,CC,TT,TT,CC,CC,CC,TT,CC,TT,TT,CC,TT,TT,CC,CC,CC,CC,TT,CC,CC,TT,CC,TT,TT,TT,CC,CC,TT,TT,TT,TT,CC,TT,TT,TT,TT,TT,CC,CC,CC,CC,CC,CC,CC,CC,CC,CC,CC,CC,CC,CC,CC,CC,CC,CC,TT,TT,CC,CC,TT,CC,TT,CC,CC,CC,CC,CC,TT,CC,TT,CC,CC,CC,CC,CC,CC,CC,CC,CC,CC,CC,CC,CC,CC,CC,CC,CC,TT,CC,CC,CC,TT,CC,TT,CC,CC,TT,TT,TT,TT,CC,CC,CC,TT,CC,TT,CC,TT,TT,CC,CC,CC,CC,NN,CC,CC,CC,CC,CC,CC,CC,CC,CC,TT,CC,CC,CC,TT,TT,TT,TT,CC,CC,CC,CC,CC,CC,CC,CC,CC,CC,CC,CC,CC,CC,CC,CC,CC,CC,CC,CC,CC,CC,CC,CC,TT,CC,CC,CC,TT,CC,CC,CC,CC,CC,CC,CC,TT,CC,CC,TT,TT,CC,CC,CC,CC,CC,CC,CC,TT,CC,CC,CC,CC,TT,CC,CC,CC,CC,CC,CC,CC,TT,TT,CC,CC,CC,CC,CC,CC,CC,TT,CC,TT,CC,TT,CC,CC,CC,CC,CC,CC,CC,TT,CC,CC,CC,CC,CC,CC,CC,TT,CC,CC,CC,NN,CC,TT,TT,TT,CC,TT,TT,TT,CC,CC,CC,CC,CC,CC,CC,TT,CC,CC,CC,CC,TT,NN,TT,CC,TT,CC,CC,CC,CC,CC,CC,CC,CC,CC,CC,TT,CC,CC,CC,CC,CC,TT,CC,TT,CC,CC,CC,CC,CC,TT,CC,CC,CC,NN,CC,CC,CC,CC,CC,TT,TT,TT,TT,CC,CC,CC,TT,TT,CC,CC,TT,CC,CC,CC,CC,CC,CC,CC,CC,TT
IWA3627*,0.12,,CC,CC,CC,TT,TT,TT,CC,TT,CC,CC,CC,CC,CC,CC,TT,TT,CC,TT,CC,CC,CC,TT,TT,CC,TT,TT,CC,CC,TT,CC,CC,CC,CC,CC,CC,TT,CC,CC,CC,CC,TT,CC,TT,TT,CC,CC,CC,CC,CC,TT,TT,CC,CC,TT,TT,TT,TT,TT,TT,CC,TT,CC,CC,CC,CC,CC,CC,CC,CC,CC,TT,CC,TT,CC,CC,CC,TT,CC,CC,CC,CC,CC,CC,CC,CC,CC,CC,TT,CC,CC,CC,CC,CC,CC,TT,CC,TT,CC,CC,CC,TT,CC,CC,CC,CC,CC,TT,CC,CC,CC,CC,CC,CC,CC,CC,CC,CC,CC,CC,TT,TT,CC,CC,CC,CC,TT,CC,CC,CC,CC,CC,TT,TT,TT,CC,TT,TT,TT,CC,CC,CC,CC,TT,TT,TT,TT,CC,CC,TT,TT,TT,TT,CC,CC,CC,TT,CC,CC,CC,CC,CC,CC,CC,TT,TT,CC,CC,TT,CC,CC,CC,CC,CC,CC,CC,CC,CC,CC,CC,CC,CC,TT,CC,TT,CC,CC,CC,CC,TT,CC,CC,CC,CC,TT,CC,CC,CC,CC,CC,CC,CC,CC,CC,TT,CC,TT,CC,CC,TT,TT,CC,TT,TT,CC,CC,CC,CC,CC,TT,CC,CC,CC,TT,CC,CC,TT,CC,CC,CC,CC,CC,CC,TT,CC,CC,TT,TT,TT,CC,CC,CC,CC,CC,CC,CC,CC,TT,CC,CC,CC,CC,CC,CC,CC,CC,CC,CC,CC,TT,CC,CC,TT,CC,CC,CC,CC,CC,CC,CC,CC,CC,TT,CC,CC,CC,CC,CC,CC,CC,CC,TT,CC,CC,TT,CC,CC,CC,CC,CC,CC,CC,CC,TT,CC,CC,TT,CC,TT,CC,CC,CC,CC,CC,CC,CC,CC,CC,CC,CC,CC,CC,TT,CC,CC,CC,CC,CC,CC,CC,CC,TT,TT,CC,CC,CC,CC,CC,CC,CC,CC,CC,CC,CC,CC,CC,TT,CC,CC,CC,CC,CC,CC,CC,CC,CC,TT,CC,CC,CC,CC,CC,CC,CC,CC,TT,CC,CC,CC,TT,CC,CC,TT,CC,CC,CC,TT,TT,TT,CC,CC,CC,CC,CC,CC,TT,CC,CC,CC,CC,TT,CC,CC,CC,CC,CC,CC,CC,CC,CC,CC,TT,TT,CC,CC,CC,CC,CC,CC,TT,TT,CC,TT,CC,CC,CC,CC,TT,CC,CC,CC,CC,CC,CC,CC,CC,CC,TT,CC,CC,CC,CC,CC,CC,CC,CC,CC,CC,TT,TT,CC,CC,CC,CC,CC,TT,CC,CC,CC,CC,CC,CC,CC,TT,CC,CC,CC,CC,TT,TT,CC,CC,CC,CC,TT,CC,CC,CC,CC,CC,CC,CC,CC,CC,TT,TT,CC,CC,CC,CC,CC,CC,CC,CC,CC,TT,CC,TT,CC,CC,CC,CC,CC,CC,CC,TT,CC,CC,TT,CC,CC,CC,CC,CC,CC,TT,CC,CC,CC,CC,CC,CC,CC,CC,CC,TT,CC,CC,CC,CC,CC,CC,CC,CC,TT,TT,TT,CC,CC,CC,CC,CC,CC,CC,CC,CC,CC,TT,CC,CC,CC,CC,CC,CC,CC,CC,CC,CC,CC,CC,CC,CC,CC,CC,CC,CC,CC,CC,CC,CC,CC,CC,TT,CC,CC,CC,CC,CC,CC,CC,TT,CC,CC,CC,CC,CC,CC,CC,CC,CC,CC,CC,CC,CC,CC,CC,CC,CC,CC,CC,CC,CC,CC,CC,CC,TT,CC,CC,CC,CC,CC,CC,CC,CC,CC,CC,CC,CC,TT,CC,CC,CC,CC,CC,CC,CC,CC,CC,CC,CC,CC,CC,CC,CC,CC,CC,CC,CC,CC,TT,CC,CC,CC,CC,CC,TT,CC,CC,CC,CC,CC,CC,CC,CC,CC,CC,CC,CC,CC,CC,TT,TT,CC,CC,CC,CC,CC,CC,CC,CC,CC,TT,CC,CC,CC,TT,CC,CC,CC,CC,CC,CC,CC,CC,CC,CC,CC,CC,CC,CC,TT,CC,TT,TT,CC,CC,CC,CC,CC,CC,CC,CC,CC,CC,CC,CC,CC,CC,CC,TT,CC,CC,CC,CC,CC,TT,CC,CC,CC,CC,CC,CC,CC,CC,CC,CC,CC,CC,CC,CC,CC,CC,TT,CC,CC,CC,CC,CC,CC,CC,CC,CC,CC,CC,CC,CC,CC,CC,CC,CC,CC,CC,CC,CC,CC,CC,CC,CC,CC,CC,CC,CC,CC,CC,CC,CC,CC,CC,CC,CC,CC,CC,CC,CC,CC,TT,CC,CC,CC,CC,CC,CC,CC,CC,CC,CC,CC,CC,CC,CC,CC,CC,CC,CC,CC,CC,CC,CC,CC,CC,CC,CC,CC,CC,CC,CC,CC,CC,CC,CC,CC,CC,CC,CC,CC,CC,CC,CC,CC,CC,CC,CC,CC,CC,CC,CC,CC,CC,CC,CC,CC,CC,CC,CC,CC,CC,CC,CC,CC,CC,CC,CC,CC,CC,CC,CC,TT,CC,CC,CC,CC,CC,CC,CC,CC,CC,CC,CC,CC,CC,CC,CC,CC,CC,CC,CC,CC,CC,CC,CC,CC,CC,CC,CC,CC,CC,CC,CC,CC,CC,CC,CC,CC,CC,CC,CC,CC,CC,CC,CC,CC,CC,CC,CC,CC,CC,CC,CC,CC,CC,CC,CC,CC,CC,CC,CC,CC,CC,CC,CC,CC,CC,CC,CC,CC,CC,CC,CC,CC,CC,TT,CC,CC,CC,CC,CC,CC,CC,CC,CC,CC,CC,CC,CC,CC,CC,CC,CC,CC,CC,CC,CC,CC,CC,CC,CC,CC,CC,CC,CC,CC,CC,CC,CC,CC,CC,CC,CC,CC,CC,CC,CC,CC,CC,CC,CC,CC,CC,CC,CC,CC,CC,CC,TT,CC,CC,CC,CC,CC,CC,CC,CC,CC,CC,CC,CC,CC,CC,CC,CC,CC,CC,CC,CC,CC,CC,CC,CC,CC,CC,CC,CC,CC,CC,CC,CC,CC,CC,CC,CC,CC,CC,CC,TT,CC,TT,CC,CC,CC,TT,CC,CC,CC,CC,CC,CC,CC,CC,CC,CC,CC,CC,CC,CC,CC,CC,CC,CC,CC,CC,CC,CC,CC,CC,CC,CC,CC,CC,CC,CC,CC,CC,CC,CC,CC,CC,CC,CC,CC,CC,CC,CC,CC,CC,CC,CC,CC,CC,CC,CC,CC,CC,CC,CC,CC,CC,CC,CC,CC,CC,CC,CC,CC,CC,CC,CC,CC,CC,CC,CC,CC,CC,CC,CC,CC,CC,CC,CC,CC,CC,CC,CC,CC,CC,CC,CC,CC,CC,CC,CC,CC,CC,CC,CC,CC,CC,CC,CC,CC,CC,TT,CC,CC,CC,CC,CC,CC,CC,CC,CC,CC,CC,CC,CC,CC,CC,CC,CC,CC,CC,CC,CC,CC,CC,CC,CC,CC,CC,CC,CC,CC,CC,CC,CC,CC,CC,CC,CC,CC,CC,CC,CC,CC,CC,CC,CC,TT,CC,CC,CC,CC,CC,CC,CC,CC,CC,CC,CC,CC,CC,CC,CC,CC,CC,CC,CC,CC,CC,CC,CC,CC,CC,CC,CC,CC,CC
IWA7286*,0.81,,TT,TT,TT,TT,TT,TT,TT,TT,TT,TT,TT,TT,TT,TT,TT,TT,TT,TT,TT,TT,TT,TT,TT,CC,TT,TT,TT,TT,TT,TT,TT,TT,TT,TT,TT,TT,TT,TT,TT,TT,TT,TT,CC,CC,CC,CC,TT,TT,TT,TT,TT,TT,TT,TT,TT,TT,TT,TT,TT,CC,TT,TT,TT,TT,CC,TT,TT,TT,TT,TT,TT,TT,TT,CC,TT,TT,TT,TT,TT,CC,TT,TT,TT,TT,CC,CC,TT,CC,TT,CC,CC,CC,TT,TT,TT,TT,TT,TT,TT,TT,TT,TT,TT,TT,CC,TT,TT,TT,TT,NN,CC,CC,CC,TT,TT,TT,CC,CC,CC,TT,TT,TT,TT,TT,TT,TT,TT,CC,CC,CC,TT,TT,TT,TT,TT,TT,TT,TT,TT,TT,TT,TT,TT,TT,TT,TT,TT,TT,TT,TT,TT,TT,TT,TT,TT,TT,TT,TT,TT,TT,TT,TT,TT,TT,CC,CC,CC,CC,CC,CC,CC,TT,TT,TT,CC,TT,TT,TT,TT,TT,TT,TT,TT,TT,TT,TT,TT,TT,TT,TT,CC,TT,TT,TT,TT,TT,TT,TT,TT,TT,TT,CC,TT,TT,TT,CC,TT,TT,TT,TT,TT,CC,TT,TT,TT,TT,CC,TT,CC,CC,TT,TT,CC,CC,TT,CC,TT,TT,TT,TT,TT,TT,TT,TT,TT,TT,TT,TT,TT,TT,TT,CC,TT,CC,TT,TT,TT,TT,TT,CC,TT,TT,TT,TT,TT,TT,TT,TT,CC,CC,TT,TT,TT,CC,TT,TT,TT,TT,TT,TT,CC,TT,TT,TT,TT,CC,TT,TT,CC,TT,TT,TT,TT,TT,TT,TT,CC,TT,TT,TT,TT,TT,TT,TT,TT,TT,TT,TT,CC,TT,TT,TT,TT,TT,TT,TT,CC,TT,TT,TT,TT,TT,TT,TT,TT,TT,CC,TT,TT,TT,TT,CC,CC,TT,TT,TT,TT,TT,TT,TT,TT,TT,TT,TT,TT,TT,TT,TT,TT,TT,TT,TT,TT,TT,TT,TT,TT,TT,TT,TT,NN,TT,TT,TT,TT,TT,CC,TT,CC,TT,TT,TT,TT,TT,TT,TT,TT,CC,TT,TT,TT,TT,TT,TT,TT,TT,TT,CC,TT,TT,TT,CC,TT,TT,TT,TT,TT,TT,TT,CC,TT,CC,TT,TT,TT,TT,TT,TT,TT,TT,TT,TT,TT,TT,TT,CC,TT,CC,TT,CC,TT,TT,TT,TT,TT,TT,TT,TT,TT,CC,TT,TT,TT,TT,TT,TT,TT,TT,TT,CC,TT,TT,TT,TT,TT,TT,TT,TT,TT,TT,CC,TT,CC,TT,TT,CC,CC,TT,TT,TT,TT,TT,TT,TT,TT,TT,CC,TT,CC,TT,TT,CC,TT,TT,TT,TT,TT,CC,TT,TT,TT,TT,TT,TT,TT,TT,TT,TT,TT,TT,TT,TT,TT,TT,CC,TT,TT,CC,TT,TT,TT,TT,TT,TT,TT,TT,TT,CC,CC,TT,TT,TT,TT,TT,TT,CC,TT,TT,TT,TT,TT,TT,CC,CC,TT,CC,CC,CC,TT,NN,TT,CC,TT,TT,TT,TT,CC,TT,TT,TT,TT,TT,TT,TT,TT,TT,TT,TT,TT,CC,TT,TT,TT,TT,TT,CC,TT,TT,TT,TT,TT,TT,TT,TT,TT,TT,TT,TT,CC,TT,TT,TT,TT,TT,TT,TT,TT,TT,TT,TT,TT,TT,TT,TT,TT,TT,TT,TT,TT,TT,TT,TT,TT,TT,TT,TT,TT,TT,TT,TT,TT,CC,CC,TT,TT,TT,TT,CC,TT,TT,TT,TT,TT,TT,TT,TT,TT,TT,CC,TT,TT,TT,TT,TT,TT,CC,TT,TT,CC,CC,TT,TT,CC,TT,TT,TT,TT,TT,TT,TT,TT,TT,TT,CC,TT,TT,TT,CC,TT,CC,TT,CC,TT,TT,TT,TT,TT,TT,TT,TT,TT,TT,TT,TT,TT,TT,CC,TT,TT,TT,CC,CC,CC,TT,TT,TT,TT,TT,TT,TT,TT,TT,TT,TT,TT,TT,TT,CC,TT,TT,TT,TT,TT,TT,TT,CC,CC,TT,TT,CC,CC,TT,TT,TT,TT,TT,TT,CC,TT,TT,TT,TT,CC,TT,TT,TT,CC,TT,TT,TT,TT,CC,TT,TT,TT,TT,TT,TT,TT,TT,TT,TT,TT,TT,TT,TT,TT,TT,TT,TT,TT,TT,TT,TT,TT,TT,TT,CC,TT,TT,TT,TT,TT,TT,TT,TT,TT,TT,CC,TT,TT,TT,TT,TT,TT,TT,TT,TT,TT,TT,TT,CC,CC,CC,TT,CC,CC,TT,TT,TT,TT,CC,TT,TT,CC,TT,TT,CC,CC,TT,TT,TT,CC,TT,CC,TT,TT,TT,TT,TT,TT,TT,TT,TT,TT,TT,TT,TT,TT,TT,TT,TT,TT,TT,TT,TT,TT,TT,TT,TT,TT,TT,TT,CC,TT,TT,TT,CC,TT,CC,TT,TT,CC,TT,TT,TT,TT,TT,CC,TT,TT,TT,CC,CC,CC,TT,TT,TT,TT,TT,TT,TT,TT,TT,TT,CC,TT,TT,TT,TT,TT,TT,CC,TT,TT,TT,TT,TT,CC,TT,TT,TT,TT,TT,TT,TT,TT,TT,TT,TT,CC,CC,CC,CC,CC,TT,TT,TT,TT,TT,TT,TT,TT,TT,TT,NN,CC,TT,TT,CC,TT,CC,TT,TT,TT,TT,TT,TT,TT,TT,TT,CC,TT,CC,CC,CC,CC,TT,TT,TT,CC,TT,TT,TT,TT,TT,TT,TT,TT,TT,CC,TT,TT,CC,CC,TT,TT,TT,CC,TT,CC,TT,TT,CC,TT,CC,TT,TT,TT,TT,TT,TT,TT,TT,TT,TT,TT,TT,TT,TT,CC,CC,CC,CC,TT,TT,TT,TT,CC,CC,TT,CC,TT,TT,TT,TT,CC,CC,TT,TT,CC,TT,TT,TT,CC,TT,CC,TT,TT,TT,TT,TT,TT,TT,CC,TT,TT,TT,TT,CC,TT,TT,TT,TT,TT,CC,TT,TT,TT,TT,CC,TT,CC,TT,TT,TT,TT,CC,TT,TT,TT,CC,TT,TT,TT,TT,TT,TT,TT,CC,TT,TT,TT,TT,TT,TT,TT,CC,TT,CC,TT,TT,TT,TT,TT,TT,TT,TT,TT,CC,TT,CC,CC,TT,TT,TT,TT,TT,TT,TT,TT,TT,CC,TT,TT,TT,TT,CC,CC,TT,TT,TT,TT,TT,TT,TT,TT,TT,TT,TT,TT,TT,TT,TT,TT,TT,CC,TT,TT,TT,TT,CC,TT,TT,CC,TT,TT,TT,TT,TT,CC,TT,TT,TT,TT,TT,TT,TT,TT,TT,TT,TT,TT,CC,TT,TT,TT,TT,TT,TT,CC,CC,TT,TT,CC,TT,CC,TT,TT,TT,TT,CC,TT,TT,TT,CC,CC,CC,TT,TT,TT,TT,TT,TT,TT,CC,TT,TT,TT,TT,TT,CC,CC,CC,TT,TT,CC,TT,TT,CC,TT,TT,TT,TT,TT,TT,TT,TT,TT,CC,TT,TT,TT,CC,TT,CC,TT,CC,TT,CC,TT,TT,CC,TT,TT
IWA2018*,0.27,,AA,CC,CC,CC,CC,CC,CC,CC,AA,AA,AA,AA,AA,CC,CC,CC,CC,AA,AA,AA,AA,AA,AA,AA,CC,CC,CC,CC,CC,AA,CC,CC,AA,AA,CC,CC,AA,CC,AA,CC,CC,AA,AA,AA,AA,AA,CC,AA,CC,CC,CC,CC,CC,AA,CC,AA,AA,AA,AA,AA,CC,CC,CC,CC,CC,CC,CC,CC,CC,CC,CC,CC,CC,AA,CC,CC,AA,AA,CC,AA,AA,AA,AA,AA,AA,CC,CC,AA,AA,AA,AA,AA,AA,CC,CC,NN,CC,CC,CC,CC,CC,CC,CC,CC,AA,CC,CC,CC,AA,AA,AA,AA,CC,CC,AA,CC,AA,AA,CC,AA,CC,CC,CC,CC,CC,CC,CC,AA,AA,AA,CC,AA,AA,AA,CC,CC,CC,CC,AA,AA,CC,CC,CC,AA,AA,CC,CC,AA,CC,CC,CC,CC,CC,CC,CC,CC,CC,CC,CC,CC,CC,AA,CC,CC,AA,CC,CC,AA,AA,CC,AA,CC,CC,AA,CC,CC,CC,AA,AA,AA,AA,CC,CC,CC,AA,AA,AA,AA,CC,CC,CC,CC,CC,CC,CC,CC,CC,AA,CC,AA,CC,CC,CC,CC,AA,AA,CC,AA,CC,CC,CC,AA,CC,CC,AA,AA,CC,CC,AA,AA,CC,AA,CC,AA,CC,CC,CC,CC,AA,CC,CC,CC,CC,CC,CC,CC,CC,AA,CC,CC,AA,AA,AA,CC,AA,AA,CC,CC,CC,AA,CC,AA,AA,AA,AA,AA,AA,AA,CC,AA,CC,CC,CC,AA,AA,CC,AA,CC,CC,CC,CC,CC,CC,CC,CC,CC,AA,CC,AA,CC,AA,CC,CC,CC,CC,CC,AA,CC,AA,CC,CC,AA,CC,AA,AA,AA,CC,CC,CC,AA,AA,AA,CC,CC,AA,AA,CC,AA,AA,CC,AA,CC,CC,AA,CC,CC,CC,CC,CC,AA,CC,AA,AA,CC,CC,CC,CC,CC,CC,AA,AA,CC,CC,CC,CC,CC,CC,CC,AA,AA,AA,CC,CC,CC,AA,CC,AA,AA,AA,CC,AA,CC,CC,CC,CC,CC,AA,CC,CC,AA,CC,CC,AA,CC,CC,CC,CC,AA,CC,CC,CC,AA,CC,AA,AA,CC,CC,CC,CC,CC,CC,AA,AA,AA,CC,CC,CC,AA,CC,AA,AA,AA,CC,CC,AA,CC,CC,CC,CC,CC,CC,CC,AA,AA,CC,CC,AA,CC,AA,AA,CC,CC,CC,CC,CC,CC,CC,CC,CC,AA,AA,CC,CC,CC,AA,CC,AA,CC,CC,CC,CC,CC,CC,CC,AA,AA,CC,CC,CC,CC,CC,AA,CC,AA,CC,CC,CC,AA,CC,CC,AA,AA,CC,CC,AA,CC,CC,CC,CC,CC,CC,CC,CC,CC,AA,AA,CC,CC,AA,CC,CC,CC,CC,CC,AA,AA,CC,AA,AA,AA,CC,CC,CC,CC,AA,CC,CC,AA,CC,CC,CC,CC,CC,AA,AA,CC,AA,CC,AA,AA,CC,AA,AA,AA,CC,AA,CC,CC,CC,AA,CC,CC,AA,CC,CC,AA,AA,AA,AA,NN,AA,AA,CC,CC,AA,AA,AA,CC,CC,CC,CC,AA,AA,AA,CC,CC,CC,AA,AA,CC,AA,CC,AA,CC,CC,CC,CC,CC,AA,CC,CC,CC,CC,CC,CC,AA,AA,CC,CC,CC,CC,CC,CC,CC,CC,CC,CC,CC,CC,CC,CC,AA,CC,CC,CC,CC,CC,CC,CC,CC,CC,AA,AA,CC,CC,CC,CC,CC,CC,CC,CC,CC,CC,AA,CC,AA,AA,CC,AA,CC,CC,AA,AA,AA,CC,CC,CC,AA,CC,CC,CC,CC,CC,CC,CC,AA,AA,CC,AA,CC,AA,CC,CC,CC,CC,AA,AA,AA,CC,CC,CC,AA,CC,CC,AA,CC,AA,CC,AA,CC,CC,CC,CC,CC,AA,CC,CC,CC,CC,CC,AA,CC,AA,AA,CC,CC,AA,CC,AA,CC,AA,AA,CC,CC,AA,AA,AA,CC,CC,CC,CC,CC,CC,CC,AA,CC,CC,CC,CC,AA,CC,CC,AA,CC,CC,CC,CC,CC,AA,AA,CC,AA,CC,AA,CC,AA,CC,CC,CC,CC,CC,CC,CC,CC,CC,CC,CC,CC,CC,CC,AA,AA,CC,CC,CC,CC,CC,CC,CC,CC,CC,CC,CC,CC,CC,CC,CC,CC,CC,CC,CC,CC,CC,CC,CC,CC,CC,CC,CC,CC,CC,CC,CC,CC,CC,CC,CC,CC,AA,CC,AA,CC,CC,CC,AA,CC,AA,CC,CC,CC,CC,CC,CC,CC,CC,CC,CC,CC,AA,AA,CC,AA,CC,CC,CC,CC,CC,CC,CC,CC,CC,AA,CC,CC,CC,CC,CC,CC,CC,CC,CC,CC,CC,CC,CC,CC,CC,CC,AA,CC,CC,CC,CC,AA,CC,CC,CC,AA,CC,CC,CC,CC,CC,AA,CC,CC,CC,CC,CC,CC,CC,CC,CC,CC,CC,CC,CC,CC,AA,CC,CC,CC,CC,CC,CC,CC,AA,CC,CC,CC,CC,CC,CC,CC,CC,AA,CC,CC,CC,CC,CC,AA,CC,CC,CC,CC,CC,CC,CC,AA,CC,CC,CC,CC,CC,CC,CC,CC,CC,CC,AA,CC,AA,AA,AA,CC,CC,AA,CC,CC,CC,CC,CC,CC,CC,AA,CC,CC,CC,CC,AA,CC,CC,CC,CC,CC,CC,CC,AA,CC,AA,CC,CC,AA,AA,AA,CC,CC,CC,CC,CC,CC,CC,CC,CC,CC,CC,CC,CC,CC,CC,CC,CC,AA,CC,CC,AA,CC,CC,CC,CC,CC,CC,AA,AA,CC,AA,CC,CC,CC,CC,CC,CC,CC,CC,CC,CC,CC,CC,CC,CC,CC,CC,CC,CC,CC,AA,CC,CC,CC,AA,CC,CC,CC,CC,AA,AA,AA,CC,AA,CC,CC,CC,CC,CC,AA,AA,CC,CC,CC,CC,CC,CC,CC,CC,AA,AA,CC,CC,CC,CC,CC,AA,CC,CC,CC,CC,CC,CC,CC,AA,CC,CC,CC,CC,CC,CC,CC,CC,CC,CC,CC,CC,CC,CC,CC,CC,CC,CC,CC,CC,CC,CC,CC,CC,CC,CC,CC,CC,AA,CC,CC,CC,CC,CC,AA,CC,AA,AA,CC,CC,AA,CC,CC,CC,CC,CC,CC,CC,CC,CC,CC,CC,CC,CC,CC,CC,CC,CC,CC,CC,CC,CC,AA,CC,CC,CC,CC,CC,CC,CC,CC,CC,CC,AA,CC,CC,CC,CC,CC,CC,CC,CC,CC,AA,CC,CC,CC,CC,AA,CC,CC,CC,CC,CC,CC,CC,CC,AA,CC,CC,CC,CC,AA,CC,CC,CC,CC,CC,CC,CC,CC,CC,CC,CC,CC,CC,CC,CC,CC,CC,CC,AA,CC,AA,CC,CC,CC,CC,NN,CC,CC,CC,CC,CC,CC,CC,CC,CC,CC,CC,CC,CC,CC,CC,CC,CC,CC,CC,CC,CC,CC,CC,CC,CC,CC,CC,CC,CC,CC,CC,CC,NN,CC,CC,AA,CC,CC,CC,CC,CC,CC,CC,CC,CC
IWA2458†,0.34,,TT,TT,TT,TT,TT,TT,TT,TT,CC,CC,CC,CC,CC,TT,TT,TT,TT,TT,CC,TT,TT,TT,TT,TT,TT,TT,TT,TT,TT,TT,TT,CC,TT,CC,TT,TT,TT,TT,TT,TT,CC,TT,TT,TT,TT,TT,TT,CC,CC,TT,TT,TT,TT,TT,CC,TT,TT,TT,TT,TT,TT,TT,TT,CC,TT,TT,TT,TT,TT,TT,CC,TT,TT,TT,TT,TT,TT,CC,TT,TT,CC,CC,TT,TT,TT,TT,TT,TT,TT,TT,TT,TT,TT,TT,TT,TT,TT,TT,TT,TT,TT,TT,TT,TT,TT,CC,TT,CC,TT,CC,TT,TT,TT,TT,TT,TT,TT,TT,TT,TT,TT,TT,CC,CC,CC,CC,TT,TT,TT,TT,TT,TT,TT,TT,TT,TT,TT,TT,TT,TT,TT,TT,TT,TT,TT,TT,TT,CC,TT,CC,TT,TT,TT,TT,CC,CC,TT,TT,TT,TT,TT,TT,TT,TT,TT,TT,TT,TT,TT,TT,TT,NN,TT,TT,TT,CC,TT,CC,TT,TT,CC,CC,TT,TT,TT,TT,TT,TT,CC,CC,TT,TT,TT,TT,TT,TT,TT,CC,TT,TT,CC,TT,TT,TT,TT,TT,TT,TT,TT,CC,TT,TT,TT,TT,TT,TT,TT,TT,TT,TT,TT,TT,TT,TT,TT,TT,CC,TT,TT,TT,TT,TT,CC,TT,TT,TT,CC,TT,TT,CC,TT,TT,TT,TT,TT,TT,TT,TT,CC,TT,TT,TT,TT,TT,TT,TT,TT,TT,TT,TT,TT,CC,TT,CC,TT,TT,TT,CC,TT,TT,TT,TT,TT,TT,TT,TT,TT,TT,TT,TT,TT,CC,TT,TT,CC,TT,TT,TT,TT,CC,TT,TT,TT,TT,TT,TT,TT,TT,TT,TT,TT,TT,TT,TT,TT,TT,TT,TT,CC,TT,TT,TT,TT,TT,TT,TT,TT,TT,CC,TT,TT,TT,TT,CC,TT,TT,TT,TT,TT,TT,TT,CC,TT,TT,TT,TT,CC,CC,CC,TT,TT,TT,TT,TT,TT,TT,TT,CC,CC,CC,TT,TT,TT,TT,TT,TT,TT,TT,TT,TT,TT,TT,TT,CC,TT,CC,CC,TT,TT,CC,TT,TT,TT,TT,TT,TT,TT,TT,TT,TT,CC,TT,TT,TT,TT,TT,TT,TT,TT,TT,TT,TT,TT,TT,TT,TT,TT,TT,CC,CC,CC,TT,TT,TT,CC,TT,TT,TT,TT,TT,TT,TT,TT,TT,CC,TT,CC,CC,TT,CC,TT,TT,TT,TT,TT,TT,TT,TT,TT,TT,TT,TT,CC,CC,TT,TT,CC,TT,TT,TT,TT,TT,TT,TT,TT,CC,TT,TT,TT,TT,TT,TT,TT,TT,TT,TT,TT,CC,CC,TT,CC,TT,CC,TT,TT,TT,TT,TT,CC,CC,CC,CC,CC,TT,TT,TT,TT,TT,TT,TT,TT,TT,TT,TT,TT,TT,TT,TT,TT,CC,CC,CC,TT,TT,TT,TT,TT,CC,TT,TT,TT,TT,TT,TT,TT,TT,CC,TT,CC,TT,CC,TT,TT,TT,TT,TT,TT,TT,CC,TT,TT,TT,TT,TT,TT,TT,TT,TT,TT,TT,TT,TT,TT,TT,CC,CC,CC,TT,TT,TT,TT,TT,TT,TT,TT,CC,TT,TT,TT,TT,TT,TT,TT,TT,TT,TT,TT,TT,TT,TT,CC,CC,CC,TT,TT,TT,TT,TT,TT,TT,TT,TT,TT,TT,TT,TT,CC,TT,TT,TT,TT,TT,TT,TT,TT,CC,TT,CC,CC,TT,TT,TT,TT,TT,TT,TT,TT,TT,TT,TT,CC,TT,TT,TT,TT,CC,CC,TT,CC,TT,CC,TT,CC,CC,CC,CC,TT,TT,CC,TT,TT,TT,TT,TT,TT,TT,TT,TT,TT,TT,TT,TT,TT,TT,TT,CC,TT,TT,TT,TT,TT,TT,CC,CC,CC,CC,CC,CC,CC,CC,TT,TT,TT,TT,TT,TT,TT,CC,TT,TT,CC,CC,TT,TT,TT,TT,TT,TT,CC,TT,TT,TT,TT,TT,TT,CC,CC,CC,CC,TT,CC,CC,TT,TT,TT,TT,TT,TT,TT,TT,TT,TT,CC,TT,TT,TT,CC,TT,CC,CC,CC,CC,TT,TT,TT,CC,CC,TT,TT,TT,TT,TT,TT,TT,CC,CC,CC,CC,CC,CC,CC,CC,CC,CC,CC,CC,CC,CC,CC,CC,CC,CC,CC,CC,CC,CC,CC,CC,CC,CC,CC,CC,CC,CC,CC,TT,TT,TT,CC,TT,TT,TT,TT,TT,TT,TT,TT,TT,TT,TT,CC,CC,CC,CC,TT,TT,TT,CC,TT,TT,CC,TT,CC,TT,CC,TT,TT,TT,TT,TT,TT,CC,CC,CC,CC,CC,CC,CC,CC,CC,CC,CC,CC,CC,CC,CC,TT,TT,TT,TT,TT,TT,TT,TT,CC,CC,TT,TT,TT,TT,TT,TT,TT,TT,CC,CC,CC,CC,CC,CC,CC,CC,CC,CC,CC,TT,TT,CC,TT,TT,TT,TT,TT,TT,TT,CC,TT,TT,TT,TT,CC,CC,CC,CC,CC,TT,CC,TT,TT,TT,TT,TT,TT,CC,CC,CC,CC,CC,CC,CC,CC,CC,CC,CC,CC,TT,CC,CC,CC,TT,TT,TT,TT,CC,TT,CC,TT,TT,CC,TT,CC,CC,TT,CC,CC,TT,TT,CC,CC,CC,TT,TT,TT,CC,TT,TT,TT,TT,TT,TT,TT,TT,TT,CC,CC,CC,CC,CC,CC,CC,CC,CC,CC,CC,CC,CC,CC,CC,CC,CC,CC,CC,CC,TT,TT,TT,TT,CC,CC,CC,TT,TT,TT,TT,TT,TT,TT,CC,TT,TT,CC,CC,CC,CC,CC,CC,CC,CC,CC,CC,CC,CC,TT,TT,TT,TT,TT,TT,TT,TT,TT,TT,TT,TT,TT,TT,TT,TT,CC,CC,TT,TT,TT,TT,TT,TT,TT,TT,TT,CC,CC,CC,CC,CC,CC,CC,CC,CC,CC,CC,CC,CC,TT,TT,TT,CC,TT,TT,TT,CC,TT,CC,CC,CC,TT,CC,CC,CC,CC,CC,CC,CC,CC,CC,CC,CC,CC,CC,TT,CC,CC,CC,CC,CC,CC,CC,CC,CC,TT,CC,TT,TT,CC,TT,TT,TT,CC,TT,TT,TT,TT,TT,CC,CC,CC,CC,CC,CC,CC,CC,CC,CC,CC,CC,CC,CC,CC,CC,CC,CC,CC,TT,CC,TT,TT,TT,TT,TT,TT,TT,TT,TT,TT,TT,TT,CC,CC,CC,CC,CC,CC,CC,CC,TT,CC,CC,CC,CC,TT,TT,TT,TT,TT,TT,CC,TT,TT,TT,CC,TT,TT,TT,TT,TT,CC,CC,CC,CC,TT,CC,CC,CC,CC,CC,CC,TT,TT,TT,TT,CC,TT,TT,TT,TT,TT,CC,CC,CC,TT,CC,CC,CC,CC,TT,CC,CC,TT,TT,TT,TT,TT,TT,TT,TT,TT,TT,CC,CC,CC,CC,CC,CC,CC,TT,TT,TT,TT,CC,CC,CC,TT,TT,TT,CC,CC,TT,TT,CC,TT,CC,TT,TT,CC,CC,CC
IWA6938‡,0.64,,AA,AA,AA,AA,AA,AA,AA,AA,CC,CC,CC,CC,CC,AA,AA,AA,AA,AA,CC,AA,AA,AA,AA,AA,AA,AA,AA,AA,AA,AA,AA,AA,AA,CC,AA,AA,AA,AA,AA,AA,AA,AA,AA,AA,AA,AA,AA,AA,CC,AA,AA,AA,AA,AA,AA,AA,AA,AA,AA,AA,AA,AA,AA,AA,AA,AA,AA,AA,AA,AA,AA,AA,AA,AA,AA,AA,AA,AA,AA,AA,AA,AA,AA,AA,AA,AA,AA,AA,AA,AA,AA,AA,AA,AA,AA,AA,AA,AA,AA,AA,AA,AA,AA,AA,AA,AA,AA,CC,AA,AA,AA,AA,AA,AA,AA,AA,AA,AA,AA,AA,AA,AA,CC,CC,AA,CC,AA,AA,AA,AA,AA,AA,AA,AA,AA,AA,AA,AA,AA,AA,AA,AA,AA,AA,AA,AA,AA,AA,AA,AA,AA,AA,AA,AA,CC,AA,AA,AA,AA,AA,AA,AA,AA,AA,AA,AA,AA,AA,AA,AA,AA,AA,AA,AA,AA,AA,AA,AA,AA,AA,AA,CC,AA,AA,AA,AA,AA,AA,CC,CC,AA,AA,CC,CC,AA,AA,AA,AA,CC,AA,CC,AA,AA,AA,AA,AA,AA,AA,AA,AA,AA,AA,AA,AA,AA,AA,AA,AA,AA,AA,AA,AA,AA,AA,AA,AA,CC,AA,AA,AA,AA,AA,AA,AA,AA,AA,CC,AA,AA,CC,AA,AA,AA,AA,AA,AA,AA,AA,CC,AA,AA,AA,AA,AA,AA,AA,AA,AA,AA,AA,AA,AA,AA,AA,AA,AA,AA,AA,AA,AA,AA,AA,AA,AA,AA,AA,AA,AA,AA,AA,AA,CC,AA,AA,AA,AA,AA,AA,NN,CC,AA,CC,AA,AA,AA,AA,AA,CC,AA,AA,AA,CC,AA,AA,AA,AA,AA,AA,CC,AA,CC,AA,AA,AA,AA,AA,AA,AA,AA,AA,AA,AA,AA,CC,AA,AA,AA,AA,AA,CC,CC,AA,AA,AA,CC,AA,AA,CC,CC,AA,AA,AA,AA,AA,AA,AA,AA,AA,CC,AA,CC,AA,AA,AA,AA,AA,AA,AA,CC,AA,AA,AA,AA,AA,AA,CC,CC,AA,AA,CC,AA,AA,AA,AA,AA,AA,CC,CC,AA,AA,CC,AA,AA,AA,AA,AA,AA,AA,AA,AA,AA,AA,AA,AA,AA,AA,AA,AA,CC,CC,CC,AA,AA,AA,CC,AA,CC,AA,AA,AA,AA,CC,AA,AA,AA,AA,AA,AA,CC,AA,AA,AA,AA,AA,AA,AA,AA,AA,AA,CC,AA,CC,CC,CC,AA,AA,CC,AA,AA,AA,AA,AA,CC,AA,AA,AA,AA,AA,AA,AA,AA,AA,AA,AA,AA,AA,AA,CC,AA,AA,AA,CC,AA,AA,AA,AA,AA,AA,AA,CC,CC,AA,AA,AA,AA,CC,AA,AA,AA,AA,AA,AA,AA,AA,AA,AA,CC,AA,AA,CC,CC,CC,AA,AA,AA,AA,AA,CC,AA,AA,AA,AA,AA,AA,AA,AA,CC,AA,CC,CC,CC,AA,CC,AA,AA,AA,AA,AA,AA,AA,AA,CC,AA,AA,AA,CC,AA,AA,AA,AA,AA,AA,AA,AA,CC,CC,CC,CC,AA,AA,AA,AA,AA,AA,AA,AA,AA,AA,AA,CC,AA,AA,AA,CC,AA,AA,AA,CC,AA,AA,CC,CC,CC,AA,AA,AA,AA,AA,AA,AA,AA,AA,AA,AA,AA,AA,CC,AA,AA,CC,CC,AA,AA,AA,AA,CC,AA,CC,CC,AA,AA,CC,AA,AA,AA,AA,AA,CC,AA,AA,AA,AA,AA,AA,AA,CC,CC,AA,CC,CC,CC,AA,CC,CC,CC,CC,AA,AA,CC,AA,AA,AA,AA,AA,AA,AA,AA,AA,AA,AA,AA,AA,AA,AA,AA,CC,AA,AA,AA,AA,AA,AA,CC,CC,CC,CC,CC,CC,CC,CC,AA,AA,AA,AA,AA,CC,AA,CC,AA,AA,CC,CC,AA,AA,AA,AA,AA,AA,CC,AA,AA,AA,CC,AA,AA,CC,CC,CC,CC,CC,CC,AA,AA,AA,AA,AA,AA,AA,CC,AA,AA,AA,AA,AA,AA,AA,CC,CC,AA,AA,AA,AA,CC,AA,AA,AA,AA,NN,AA,AA,AA,AA,AA,CC,CC,NN,CC,CC,CC,CC,CC,CC,CC,CC,CC,CC,CC,CC,CC,CC,CC,CC,CC,CC,CC,CC,CC,CC,CC,CC,CC,CC,CC,CC,CC,CC,AA,AA,CC,AA,AA,AA,CC,AA,CC,CC,AA,AA,AA,AA,AA,CC,CC,CC,AA,AA,AA,CC,AA,AA,CC,AA,CC,AA,AA,AA,NN,AA,AA,CC,CC,CC,CC,CC,CC,CC,CC,CC,CC,CC,CC,CC,CC,CC,CC,CC,AA,AA,AA,AA,AA,AA,AA,AA,CC,AA,AA,AA,AA,AA,CC,AA,AA,CC,CC,CC,CC,CC,CC,CC,CC,CC,CC,CC,CC,CC,AA,CC,AA,AA,AA,AA,CC,AA,AA,CC,CC,AA,AA,AA,AA,AA,CC,AA,AA,AA,CC,AA,AA,AA,AA,AA,CC,CC,CC,AA,AA,CC,CC,CC,CC,NN,CC,AA,CC,AA,CC,CC,CC,AA,CC,CC,AA,CC,AA,AA,AA,AA,AA,CC,CC,CC,CC,CC,CC,AA,AA,CC,AA,CC,AA,AA,CC,CC,AA,CC,AA,AA,CC,AA,AA,AA,AA,CC,CC,CC,CC,CC,AA,CC,CC,CC,CC,CC,CC,CC,CC,CC,CC,CC,CC,CC,CC,AA,AA,AA,AA,CC,CC,CC,AA,AA,AA,AA,AA,AA,CC,CC,CC,CC,AA,CC,AA,CC,CC,CC,CC,CC,CC,CC,CC,CC,AA,AA,AA,CC,AA,AA,AA,AA,AA,AA,AA,AA,AA,AA,AA,CC,CC,CC,CC,AA,AA,AA,CC,AA,CC,CC,CC,CC,CC,AA,CC,CC,NN,CC,CC,CC,CC,CC,CC,CC,AA,CC,AA,CC,CC,CC,AA,CC,AA,CC,CC,CC,AA,NN,CC,CC,CC,CC,CC,CC,CC,AA,CC,CC,CC,CC,CC,CC,CC,CC,CC,AA,CC,CC,CC,CC,CC,CC,AA,AA,CC,AA,CC,AA,CC,AA,AA,CC,AA,AA,CC,CC,CC,CC,NN,CC,CC,CC,CC,CC,CC,AA,CC,CC,CC,CC,CC,CC,CC,AA,CC,AA,AA,AA,AA,AA,AA,AA,AA,NN,AA,AA,AA,CC,CC,CC,CC,CC,CC,AA,AA,CC,CC,CC,CC,CC,AA,AA,AA,AA,AA,AA,AA,CC,AA,AA,CC,AA,AA,AA,CC,CC,CC,CC,AA,CC,AA,CC,CC,CC,CC,CC,CC,AA,AA,AA,AA,CC,CC,AA,CC,CC,CC,CC,CC,CC,CC,CC,CC,CC,CC,CC,AA,CC,AA,AA,AA,CC,CC,AA,AA,AA,CC,AA,CC,CC,NN,CC,AA,CC,CC,AA,AA,AA,CC,CC,CC,CC,AA,CC,AA,CC,AA,AA,CC,CC,AA,CC,AA,CC,CC,CC,NN
IWA3487‡,0.80,,TT,TT,TT,TT,TT,TT,TT,TT,TT,TT,TT,TT,TT,TT,TT,TT,TT,TT,TT,TT,TT,TT,TT,TT,TT,TT,TT,TT,TT,TT,TT,TT,TT,TT,TT,TT,CC,TT,TT,TT,TT,TT,TT,TT,TT,TT,TT,TT,TT,TT,TT,TT,CC,TT,TT,TT,TT,TT,TT,TT,TT,TT,TT,TT,TT,TT,TT,TT,TT,TT,TT,TT,CC,TT,TT,TT,TT,CC,TT,TT,TT,TT,TT,TT,TT,TT,TT,TT,TT,TT,TT,TT,TT,TT,TT,TT,TT,TT,TT,TT,TT,TT,TT,TT,TT,TT,TT,TT,TT,TT,TT,TT,TT,TT,TT,TT,TT,TT,TT,TT,TT,TT,TT,TT,TT,TT,TT,TT,TT,TT,TT,TT,TT,TT,TT,TT,TT,TT,TT,TT,TT,TT,TT,TT,TT,TT,TT,TT,TT,CC,TT,TT,TT,TT,TT,TT,TT,TT,TT,TT,TT,TT,TT,TT,TT,TT,TT,TT,TT,TT,TT,TT,TT,TT,TT,TT,TT,TT,TT,TT,TT,TT,TT,TT,TT,TT,TT,TT,TT,TT,TT,TT,TT,TT,TT,TT,TT,TT,TT,TT,TT,TT,TT,TT,TT,TT,TT,TT,TT,TT,TT,TT,TT,TT,TT,TT,TT,TT,TT,TT,TT,TT,TT,TT,TT,TT,TT,TT,TT,TT,TT,TT,TT,TT,TT,TT,TT,TT,TT,TT,TT,TT,TT,TT,TT,TT,TT,TT,CC,TT,TT,TT,TT,TT,TT,TT,TT,TT,TT,TT,TT,TT,TT,TT,CC,TT,TT,TT,TT,TT,TT,TT,TT,TT,TT,TT,TT,TT,CC,TT,TT,TT,TT,TT,TT,TT,CC,TT,TT,TT,TT,TT,TT,TT,TT,CC,TT,TT,TT,TT,TT,TT,TT,TT,TT,TT,TT,TT,TT,TT,TT,TT,TT,TT,CC,CC,TT,TT,TT,TT,CC,TT,TT,TT,TT,TT,TT,TT,TT,TT,TT,TT,TT,TT,TT,TT,TT,TT,CC,TT,TT,TT,TT,TT,TT,TT,TT,TT,TT,TT,TT,TT,TT,TT,TT,TT,TT,TT,TT,TT,TT,TT,TT,TT,TT,TT,TT,TT,TT,TT,TT,TT,TT,TT,TT,TT,TT,TT,TT,TT,TT,TT,TT,TT,TT,TT,TT,TT,TT,TT,CC,TT,TT,TT,TT,TT,TT,TT,TT,TT,TT,CC,TT,TT,CC,TT,TT,TT,TT,TT,TT,TT,TT,TT,TT,TT,TT,TT,TT,TT,TT,TT,TT,TT,TT,TT,TT,TT,TT,TT,TT,TT,TT,TT,TT,TT,TT,TT,TT,TT,CC,TT,TT,TT,TT,TT,TT,TT,TT,TT,TT,TT,TT,TT,TT,TT,TT,TT,TT,TT,CC,CC,TT,TT,TT,TT,TT,TT,TT,TT,TT,TT,TT,TT,CC,TT,TT,TT,TT,TT,TT,TT,TT,TT,TT,TT,CC,CC,CC,TT,TT,TT,TT,CC,TT,TT,TT,TT,TT,TT,TT,TT,TT,TT,TT,TT,TT,TT,TT,TT,TT,TT,TT,TT,TT,TT,CC,TT,CC,TT,TT,TT,TT,TT,TT,TT,TT,TT,TT,TT,TT,TT,CC,TT,CC,TT,CC,TT,TT,TT,TT,TT,TT,TT,TT,TT,TT,TT,TT,TT,TT,TT,TT,TT,TT,TT,TT,TT,TT,TT,TT,TT,CC,TT,TT,TT,TT,TT,TT,TT,TT,TT,TT,TT,TT,TT,TT,TT,TT,TT,CC,TT,TT,TT,TT,TT,TT,TT,TT,TT,CC,CC,CC,TT,TT,TT,TT,CC,TT,TT,TT,CC,CC,CC,TT,TT,TT,TT,TT,TT,CC,TT,TT,CC,CC,TT,TT,TT,TT,TT,TT,TT,TT,TT,TT,TT,TT,TT,CC,CC,TT,TT,TT,CC,TT,TT,TT,TT,CC,TT,TT,CC,TT,TT,TT,TT,TT,TT,TT,CC,CC,TT,TT,TT,TT,TT,TT,TT,CC,TT,TT,TT,CC,TT,TT,TT,TT,TT,TT,TT,TT,TT,TT,TT,TT,TT,CC,CC,TT,TT,TT,TT,TT,TT,TT,TT,CC,TT,CC,TT,TT,TT,TT,CC,TT,CC,TT,TT,CC,CC,CC,CC,TT,TT,TT,TT,CC,TT,TT,TT,CC,TT,TT,TT,NN,CC,CC,TT,CC,CC,TT,TT,CC,TT,CC,TT,CC,TT,CC,CC,CC,CC,CC,CC,TT,CC,CC,TT,CC,CC,CC,TT,CC,CC,CC,TT,TT,TT,TT,TT,TT,TT,CC,TT,CC,TT,CC,CC,CC,TT,TT,CC,CC,CC,TT,TT,TT,TT,TT,TT,TT,TT,TT,TT,CC,TT,TT,TT,TT,TT,TT,CC,TT,TT,CC,CC,CC,CC,NN,CC,TT,TT,TT,CC,CC,TT,TT,TT,TT,TT,TT,TT,CC,TT,TT,TT,TT,TT,TT,CC,TT,TT,TT,TT,CC,TT,CC,TT,CC,TT,CC,CC,TT,TT,TT,CC,TT,TT,CC,TT,CC,TT,CC,TT,TT,TT,CC,TT,TT,TT,CC,CC,TT,CC,CC,TT,TT,TT,TT,TT,TT,CC,TT,CC,TT,CC,TT,TT,TT,CC,CC,TT,CC,TT,TT,TT,TT,TT,TT,TT,TT,TT,TT,CC,TT,TT,TT,TT,TT,TT,TT,TT,CC,TT,CC,TT,TT,TT,TT,TT,NN,TT,TT,TT,TT,TT,TT,TT,CC,TT,CC,TT,TT,CC,CC,CC,CC,TT,TT,CC,TT,CC,TT,CC,TT,CC,CC,TT,TT,TT,TT,TT,CC,CC,TT,TT,TT,CC,CC,TT,TT,TT,TT,TT,TT,TT,TT,TT,TT,CC,CC,TT,CC,TT,TT,CC,TT,TT,CC,CC,CC,CC,TT,TT,TT,CC,CC,TT,TT,TT,TT,TT,TT,TT,TT,TT,TT,TT,CC,TT,TT,TT,TT,TT,TT,CC,TT,TT,CC,TT,TT,CC,CC,CC,TT,CC,CC,CC,TT,CC,TT,CC,CC,CC,TT,CC,TT,CC,CC,TT,TT,TT,TT,CC,TT,TT,TT,TT,TT,CC,CC,TT,CC,CC,CC,TT,CC,CC,CC,TT,CC,CC,CC,CC,TT,TT,TT,CC,TT,TT,TT,TT,TT,TT,CC,TT,NN,TT,CC,TT,TT,CC,TT,CC,TT,TT,TT,TT,TT,TT,CC,TT,TT,TT,TT,TT,TT,TT,TT,CC,TT,TT,CC,TT,TT,TT,TT,TT,TT,TT,CC,TT,TT,TT,TT,TT,TT,TT,TT,TT,CC,CC,TT,TT,CC,TT,TT,CC,CC,CC,TT,TT,TT,TT,TT,CC,TT,TT,CC,TT,TT,TT,TT,TT,TT,TT,CC,CC,TT,CC,TT,TT,TT,TT,CC,TT,TT,CC,CC,TT,TT,CC,TT,TT,CC,TT,TT,TT,CC,CC,TT,CC,CC,TT,CC,CC,CC,TT,CC,TT,CC,TT,TT,TT,CC,TT,TT,CC,TT,TT,TT,TT,TT,TT,TT,TT,CC,TT,CC,TT,CC,CC,TT,CC,CC,TT,CC,TT,TT,CC,CC,TT,CC,TT,CC
IWA8595*,0.35,,CC,TT,CC,TT,TT,CC,CC,CC,TT,TT,TT,TT,TT,CC,TT,TT,TT,TT,TT,CC,CC,CC,TT,CC,CC,TT,CC,TT,CC,CC,TT,TT,CC,TT,CC,CC,TT,CC,TT,TT,CC,CC,CC,CC,CC,CC,CC,CC,CC,CC,TT,TT,CC,CC,CC,TT,TT,TT,TT,CC,CC,TT,CC,CC,CC,CC,CC,CC,TT,TT,CC,TT,CC,TT,CC,CC,CC,TT,TT,CC,CC,CC,CC,TT,CC,TT,TT,CC,TT,CC,CC,CC,TT,TT,CC,TT,CC,TT,TT,CC,CC,CC,CC,CC,TT,TT,CC,CC,TT,CC,CC,CC,TT,CC,TT,CC,CC,CC,TT,TT,TT,CC,TT,TT,CC,TT,TT,CC,CC,CC,TT,TT,TT,TT,CC,TT,CC,CC,CC,TT,CC,CC,CC,TT,CC,CC,TT,TT,CC,CC,CC,CC,CC,TT,CC,CC,CC,CC,CC,CC,CC,CC,CC,CC,CC,TT,TT,CC,TT,CC,TT,TT,TT,TT,TT,CC,CC,TT,CC,TT,CC,TT,CC,CC,CC,CC,TT,TT,TT,TT,TT,TT,TT,CC,CC,CC,CC,CC,CC,TT,CC,TT,TT,TT,CC,TT,CC,TT,CC,TT,CC,CC,TT,CC,TT,CC,CC,TT,CC,CC,TT,TT,CC,CC,CC,CC,CC,CC,CC,CC,CC,TT,TT,CC,CC,CC,TT,CC,CC,TT,CC,TT,CC,TT,CC,CC,CC,CC,TT,CC,CC,CC,CC,CC,CC,CC,CC,TT,CC,CC,CC,CC,TT,CC,CC,CC,TT,TT,CC,TT,TT,CC,TT,CC,TT,CC,CC,CC,CC,TT,TT,CC,CC,CC,TT,CC,CC,TT,TT,TT,TT,TT,TT,CC,CC,CC,TT,CC,TT,CC,CC,TT,CC,TT,CC,CC,CC,CC,CC,CC,CC,TT,CC,CC,CC,CC,CC,CC,CC,CC,CC,TT,CC,CC,TT,CC,CC,CC,CC,TT,TT,CC,CC,CC,TT,CC,TT,CC,TT,CC,TT,CC,TT,TT,TT,CC,CC,CC,CC,TT,CC,CC,CC,CC,CC,TT,TT,CC,TT,TT,CC,CC,TT,CC,TT,TT,TT,TT,TT,CC,TT,CC,CC,CC,TT,TT,TT,CC,CC,TT,CC,CC,CC,TT,CC,TT,CC,CC,TT,TT,CC,CC,TT,CC,TT,CC,CC,CC,TT,TT,CC,CC,TT,CC,TT,CC,TT,TT,CC,TT,CC,CC,CC,CC,CC,TT,CC,CC,CC,TT,TT,CC,CC,CC,TT,TT,CC,CC,CC,CC,TT,TT,CC,CC,CC,TT,CC,CC,CC,CC,CC,CC,CC,CC,CC,CC,CC,CC,CC,TT,TT,TT,CC,CC,CC,TT,TT,CC,CC,CC,TT,CC,CC,CC,TT,TT,CC,CC,CC,CC,CC,CC,CC,CC,TT,TT,CC,TT,TT,CC,CC,CC,TT,CC,CC,TT,CC,CC,TT,TT,TT,CC,CC,CC,TT,CC,TT,CC,CC,CC,TT,CC,CC,CC,CC,CC,CC,CC,CC,CC,CC,TT,CC,CC,CC,TT,CC,CC,TT,CC,TT,TT,CC,CC,TT,TT,TT,TT,CC,CC,CC,CC,CC,CC,TT,TT,CC,TT,TT,CC,CC,TT,TT,TT,CC,TT,TT,TT,TT,CC,CC,TT,CC,TT,TT,CC,CC,TT,CC,CC,CC,CC,TT,CC,CC,CC,CC,CC,CC,CC,CC,CC,CC,CC,CC,CC,CC,CC,CC,TT,CC,TT,CC,TT,CC,CC,TT,CC,CC,TT,CC,CC,CC,TT,TT,TT,CC,TT,CC,TT,TT,TT,TT,TT,CC,CC,TT,CC,TT,TT,CC,TT,TT,CC,TT,TT,TT,CC,CC,CC,CC,CC,TT,CC,CC,TT,TT,TT,CC,CC,NN,CC,TT,NN,TT,TT,CC,CC,TT,TT,CC,CC,CC,TT,CC,CC,CC,TT,CC,CC,CC,CC,TT,CC,CC,CC,TT,TT,CC,TT,CC,CC,TT,TT,TT,TT,TT,CC,CC,TT,CC,TT,CC,TT,CC,CC,CC,TT,TT,CC,TT,TT,CC,CC,TT,CC,TT,CC,CC,CC,CC,CC,CC,TT,TT,CC,CC,CC,TT,TT,TT,TT,CC,TT,TT,CC,TT,CC,CC,CC,CC,CC,CC,TT,CC,CC,TT,TT,CC,CC,TT,CC,TT,CC,CC,CC,CC,CC,CC,CC,CC,CC,CC,CC,CC,CC,CC,CC,CC,CC,CC,TT,CC,CC,CC,TT,CC,TT,CC,CC,TT,TT,CC,TT,CC,CC,CC,CC,CC,TT,CC,CC,CC,CC,CC,TT,CC,CC,TT,TT,TT,CC,CC,CC,CC,CC,CC,TT,TT,CC,CC,CC,CC,TT,CC,CC,TT,CC,CC,CC,CC,CC,TT,CC,CC,TT,CC,TT,TT,CC,CC,TT,CC,TT,CC,CC,TT,TT,CC,TT,CC,TT,TT,TT,CC,TT,CC,CC,TT,CC,TT,CC,CC,TT,TT,CC,TT,CC,TT,CC,CC,TT,CC,CC,TT,CC,TT,TT,CC,CC,TT,TT,CC,TT,TT,CC,CC,CC,CC,CC,CC,CC,TT,CC,TT,CC,CC,CC,TT,TT,TT,CC,CC,CC,TT,TT,CC,CC,CC,CC,CC,CC,CC,TT,CC,CC,TT,CC,CC,CC,CC,CC,TT,CC,CC,TT,CC,CC,CC,CC,CC,TT,CC,CC,TT,CC,CC,CC,TT,CC,CC,CC,CC,CC,CC,CC,CC,TT,TT,TT,TT,CC,CC,CC,CC,CC,CC,CC,CC,CC,CC,CC,CC,CC,TT,TT,CC,TT,TT,CC,TT,CC,TT,TT,TT,TT,TT,CC,CC,TT,TT,TT,CC,CC,CC,CC,CC,CC,CC,TT,CC,CC,CC,CC,CC,CC,TT,CC,TT,CC,CC,CC,TT,TT,TT,CC,TT,CC,CC,CC,TT,CC,TT,CC,CC,CC,CC,CC,CC,CC,TT,CC,CC,TT,CC,TT,TT,TT,TT,CC,CC,CC,CC,TT,TT,TT,CC,CC,TT,CC,TT,CC,CC,CC,TT,CC,TT,CC,TT,CC,CC,CC,CC,CC,CC,TT,TT,CC,TT,CC,CC,CC,CC,CC,CC,CC,CC,TT,CC,CC,CC,CC,CC,CC,TT,TT,CC,CC,CC,CC,TT,TT,CC,CC,CC,CC,CC,CC,CC,CC,CC,CC,CC,CC,CC,CC,CC,CC,CC,CC,CC,CC,TT,TT,TT,TT,TT,TT,TT,CC,CC,CC,CC,CC,CC,TT,CC,CC,CC,CC,CC,CC,TT,CC,CC,CC,CC,CC,TT,CC,CC,CC,CC,CC,CC,CC,TT,CC,CC,CC,TT,TT,CC,CC,CC,CC,CC,CC,CC,TT,CC,CC,CC,CC,CC,CC,CC,CC,CC,CC,CC,CC,CC,CC,CC,CC,CC,CC,CC,CC,CC,TT,TT,CC,CC,CC,CC,CC,CC,TT,CC,CC,CC,CC,CC,CC,CC,CC,CC,CC,CC,TT,CC,CC,TT,TT,CC,CC,CC,CC,TT,CC,TT,CC,CC,CC,CC,CC,TT,CC,NN,CC,CC,CC,CC
IWA7894†,0.77,,CC,TT,TT,CC,TT,TT,TT,CC,TT,TT,TT,TT,TT,TT,CC,CC,TT,TT,TT,CC,CC,CC,TT,TT,TT,CC,TT,TT,TT,CC,TT,TT,TT,TT,TT,TT,TT,TT,TT,TT,CC,TT,TT,TT,CC,CC,TT,CC,TT,TT,TT,TT,TT,TT,CC,TT,TT,TT,TT,CC,TT,TT,TT,TT,TT,TT,TT,TT,TT,TT,CC,TT,CC,TT,TT,TT,TT,TT,TT,TT,TT,TT,CC,TT,TT,TT,TT,CC,TT,TT,TT,TT,TT,CC,TT,TT,CC,TT,TT,TT,TT,TT,TT,TT,TT,TT,CC,CC,TT,TT,TT,TT,CC,CC,TT,TT,TT,TT,TT,TT,TT,TT,TT,TT,TT,TT,TT,TT,TT,TT,TT,CC,CC,CC,TT,TT,TT,TT,TT,TT,TT,TT,TT,TT,CC,TT,TT,TT,CC,CC,TT,TT,CC,TT,TT,CC,CC,TT,TT,TT,TT,TT,TT,TT,TT,TT,TT,TT,TT,TT,TT,TT,CC,TT,CC,TT,TT,TT,CC,TT,CC,TT,CC,CC,CC,TT,TT,TT,TT,TT,TT,TT,TT,TT,TT,TT,TT,CC,TT,TT,TT,TT,CC,TT,TT,TT,TT,TT,TT,TT,TT,TT,TT,TT,TT,TT,TT,CC,CC,TT,TT,TT,TT,CC,TT,TT,TT,TT,TT,TT,TT,TT,TT,CC,TT,CC,TT,TT,CC,TT,TT,TT,TT,TT,TT,TT,CC,TT,TT,TT,TT,TT,TT,TT,TT,TT,TT,TT,TT,CC,TT,CC,CC,TT,CC,CC,TT,TT,CC,TT,TT,CC,TT,TT,TT,TT,TT,TT,TT,TT,CC,TT,TT,CC,TT,CC,TT,TT,TT,TT,TT,TT,TT,TT,TT,TT,TT,CC,TT,CC,TT,TT,TT,TT,TT,TT,TT,TT,TT,CC,TT,TT,CC,CC,TT,TT,TT,CC,TT,CC,TT,TT,TT,TT,TT,TT,CC,CC,TT,TT,TT,TT,TT,TT,TT,NN,CC,TT,TT,TT,CC,TT,TT,TT,TT,CC,TT,TT,TT,TT,CC,CC,TT,TT,TT,TT,TT,NN,CC,TT,TT,CC,TT,CC,TT,TT,TT,TT,TT,TT,TT,TT,TT,CC,CC,TT,CC,TT,CC,TT,CC,TT,CC,TT,CC,TT,CC,TT,TT,CC,CC,TT,TT,TT,CC,CC,TT,CC,TT,TT,CC,CC,CC,TT,TT,TT,TT,TT,TT,TT,TT,TT,TT,TT,TT,TT,CC,TT,CC,TT,TT,CC,TT,TT,TT,TT,CC,CC,CC,TT,TT,TT,TT,TT,TT,TT,TT,TT,CC,CC,TT,TT,CC,CC,CC,TT,CC,TT,TT,TT,TT,TT,CC,TT,TT,TT,TT,TT,TT,TT,TT,TT,CC,CC,CC,TT,CC,TT,TT,TT,TT,TT,TT,CC,TT,TT,CC,TT,TT,TT,CC,TT,TT,CC,TT,TT,CC,TT,TT,TT,TT,TT,TT,TT,TT,TT,TT,TT,CC,TT,TT,CC,TT,CC,TT,CC,CC,CC,TT,TT,TT,TT,CC,TT,CC,TT,TT,TT,TT,CC,CC,CC,CC,CC,TT,TT,TT,TT,CC,CC,TT,CC,CC,TT,TT,TT,TT,TT,TT,CC,CC,TT,TT,TT,TT,TT,TT,CC,TT,CC,CC,TT,TT,TT,TT,TT,CC,TT,CC,TT,TT,TT,TT,TT,TT,TT,TT,TT,TT,TT,TT,TT,TT,TT,TT,TT,TT,TT,TT,TT,TT,TT,TT,TT,CC,TT,TT,TT,TT,TT,TT,TT,CC,TT,TT,TT,TT,TT,TT,TT,TT,TT,TT,TT,CC,TT,TT,TT,TT,TT,TT,TT,TT,TT,TT,TT,TT,TT,TT,CC,CC,TT,TT,TT,CC,TT,TT,TT,CC,CC,NN,CC,TT,CC,TT,CC,TT,TT,TT,TT,TT,CC,TT,TT,TT,TT,TT,TT,TT,TT,TT,TT,TT,TT,TT,TT,CC,TT,CC,TT,CC,CC,TT,TT,TT,TT,TT,TT,CC,TT,CC,TT,TT,TT,TT,TT,TT,TT,TT,CC,TT,TT,TT,TT,TT,CC,TT,TT,TT,CC,CC,CC,TT,TT,TT,CC,TT,CC,TT,TT,TT,TT,TT,TT,TT,TT,TT,TT,TT,CC,TT,CC,TT,TT,CC,TT,TT,TT,TT,TT,TT,TT,TT,TT,TT,TT,TT,TT,TT,TT,TT,TT,TT,TT,TT,TT,TT,CC,TT,TT,TT,TT,TT,TT,TT,TT,CC,TT,CC,TT,TT,TT,CC,CC,TT,TT,TT,CC,CC,TT,TT,TT,TT,TT,CC,TT,CC,TT,CC,TT,CC,TT,TT,CC,CC,TT,TT,CC,CC,CC,CC,TT,TT,TT,TT,TT,TT,TT,TT,TT,TT,TT,TT,TT,TT,TT,CC,TT,TT,TT,TT,TT,CC,TT,TT,TT,TT,TT,TT,TT,TT,TT,TT,TT,TT,TT,TT,TT,TT,TT,TT,TT,TT,TT,TT,CC,TT,TT,TT,TT,CC,TT,TT,CC,TT,TT,TT,TT,TT,CC,TT,TT,TT,CC,CC,TT,CC,CC,CC,CC,CC,TT,CC,TT,TT,TT,TT,TT,TT,TT,TT,TT,TT,TT,TT,TT,TT,TT,TT,TT,CC,CC,CC,TT,CC,CC,TT,CC,TT,CC,TT,TT,TT,TT,TT,TT,TT,TT,CC,TT,TT,TT,TT,TT,TT,TT,CC,TT,TT,CC,TT,TT,CC,TT,TT,TT,TT,TT,TT,TT,TT,TT,TT,TT,TT,TT,TT,TT,TT,TT,CC,TT,TT,TT,TT,TT,CC,TT,CC,TT,TT,CC,TT,CC,TT,TT,TT,CC,CC,TT,TT,TT,TT,TT,TT,CC,TT,TT,TT,TT,TT,TT,TT,TT,TT,TT,TT,TT,TT,TT,CC,TT,TT,TT,TT,TT,TT,CC,TT,TT,TT,TT,TT,TT,CC,TT,CC,CC,CC,CC,TT,TT,TT,TT,TT,TT,TT,TT,TT,TT,TT,TT,TT,TT,TT,TT,CC,CC,TT,TT,CC,TT,TT,TT,CC,TT,TT,TT,TT,TT,TT,TT,TT,TT,TT,TT,TT,TT,CC,TT,TT,TT,TT,TT,TT,TT,TT,TT,TT,CC,TT,TT,CC,TT,TT,TT,CC,CC,CC,CC,CC,CC,TT,TT,TT,TT,TT,TT,TT,TT,TT,TT,TT,CC,TT,TT,TT,TT,TT,TT,TT,TT,TT,TT,TT,TT,TT,TT,CC,TT,TT,CC,CC,TT,TT,TT,TT,TT,TT,TT,TT,TT,TT,CC,CC,TT,TT,TT,TT,TT,CC,CC,TT,TT,CC,TT,TT,CC,TT,CC,TT,TT,CC,TT,TT,TT,TT,TT,CC,TT,TT,TT,TT,TT,TT,TT,CC,CC,CC,TT,CC,TT,TT,TT,TT,TT,TT,TT,CC,CC,TT,TT,TT,CC,TT,TT,CC,NN,CC,TT,CC,CC,CC,CC,CC,CC,TT,TT,TT,CC,TT,TT,TT,TT,CC,CC,TT,TT,TT,TT,CC,CC,TT,TT,TT,TT,TT,TT,TT,TT,TT,CC,TT,TT,TT
IWA8617‡,0.08,,CC,CC,CC,CC,CC,CC,CC,CC,CC,CC,CC,CC,CC,CC,CC,CC,CC,CC,CC,CC,CC,CC,CC,CC,CC,CC,CC,CC,CC,CC,CC,CC,CC,CC,CC,CC,CC,CC,CC,CC,CC,CC,CC,CC,CC,CC,CC,CC,CC,CC,CC,CC,CC,CC,CC,CC,CC,CC,CC,CC,CC,CC,CC,CC,CC,CC,CC,CC,CC,CC,CC,CC,CC,CC,CC,CC,TT,CC,CC,CC,CC,CC,CC,CC,CC,TT,CC,CC,CC,CC,CC,CC,CC,CC,CC,CC,CC,CC,CC,CC,CC,CC,CC,CC,CC,CC,CC,CC,CC,CC,CC,CC,CC,CC,CC,CC,CC,CC,CC,CC,CC,CC,CC,CC,CC,CC,TT,CC,CC,CC,CC,CC,CC,CC,CC,CC,CC,CC,CC,CC,CC,CC,CC,CC,CC,CC,CC,CC,CC,TT,CC,CC,CC,CC,CC,CC,CC,CC,CC,CC,CC,CC,TT,CC,CC,CC,CC,CC,CC,CC,CC,CC,CC,TT,CC,CC,CC,CC,CC,CC,CC,CC,CC,CC,CC,TT,CC,CC,CC,CC,CC,TT,CC,CC,CC,CC,CC,CC,CC,CC,CC,CC,CC,CC,CC,CC,CC,CC,CC,CC,CC,CC,CC,CC,CC,TT,CC,CC,CC,CC,CC,CC,CC,CC,CC,CC,CC,TT,TT,CC,CC,CC,CC,CC,CC,CC,CC,CC,CC,CC,CC,TT,CC,CC,TT,CC,CC,CC,CC,CC,CC,TT,TT,TT,TT,TT,TT,CC,CC,CC,CC,CC,CC,CC,CC,CC,CC,CC,CC,CC,CC,CC,CC,CC,CC,CC,TT,CC,CC,CC,CC,CC,CC,CC,CC,CC,CC,CC,CC,CC,CC,CC,CC,TT,TT,TT,CC,CC,CC,CC,TT,CC,CC,CC,CC,CC,CC,CC,CC,CC,CC,CC,CC,CC,CC,CC,CC,CC,CC,CC,CC,CC,CC,CC,CC,CC,CC,CC,CC,CC,CC,CC,TT,CC,CC,CC,CC,CC,CC,TT,TT,CC,CC,CC,CC,CC,CC,CC,CC,CC,CC,CC,CC,CC,CC,TT,CC,TT,CC,CC,CC,CC,CC,CC,CC,CC,CC,CC,CC,CC,CC,CC,CC,CC,CC,CC,CC,CC,CC,CC,CC,CC,CC,CC,CC,CC,CC,CC,CC,TT,CC,CC,CC,CC,CC,CC,CC,CC,CC,CC,CC,CC,CC,CC,CC,TT,CC,CC,CC,CC,TT,CC,CC,CC,CC,TT,CC,CC,TT,CC,CC,TT,CC,CC,CC,CC,CC,CC,CC,CC,CC,CC,CC,CC,CC,CC,CC,CC,CC,CC,CC,CC,CC,CC,CC,CC,CC,CC,CC,TT,TT,TT,CC,CC,CC,CC,CC,CC,CC,CC,CC,CC,CC,CC,CC,CC,CC,CC,CC,CC,CC,CC,CC,CC,CC,CC,CC,CC,CC,CC,CC,CC,CC,CC,CC,CC,CC,CC,CC,CC,CC,CC,TT,CC,CC,CC,CC,CC,CC,CC,CC,CC,CC,CC,CC,CC,CC,CC,CC,CC,CC,CC,CC,CC,CC,CC,CC,CC,CC,CC,TT,CC,CC,CC,CC,CC,CC,CC,CC,CC,CC,CC,CC,CC,CC,CC,CC,CC,TT,CC,CC,CC,CC,CC,CC,CC,CC,CC,CC,CC,CC,CC,CC,CC,CC,CC,CC,CC,CC,CC,CC,CC,CC,CC,TT,TT,TT,TT,TT,TT,TT,TT,TT,TT,TT,TT,CC,CC,CC,CC,CC,CC,CC,CC,CC,CC,CC,CC,CC,CC,CC,CC,CC,CC,CC,CC,CC,CC,CC,CC,CC,TT,TT,TT,CC,CC,CC,CC,CC,CC,CC,CC,CC,CC,CC,CC,CC,TT,CC,CC,CC,CC,CC,CC,CC,CC,CC,CC,TT,CC,TT,CC,CC,TT,CC,CC,CC,CC,CC,CC,CC,CC,CC,CC,CC,CC,CC,CC,CC,CC,CC,TT,CC,CC,CC,CC,CC,NN,CC,CC,CC,CC,CC,CC,CC,CC,CC,CC,CC,CC,CC,CC,CC,CC,CC,CC,CC,CC,CC,CC,CC,TT,CC,CC,CC,TT,CC,CC,CC,CC,CC,CC,CC,TT,CC,CC,CC,CC,CC,CC,CC,CC,CC,CC,CC,CC,CC,TT,CC,CC,CC,CC,CC,CC,CC,CC,CC,CC,CC,CC,CC,CC,CC,CC,CC,CC,CC,CC,CC,CC,CC,CC,CC,CC,CC,CC,CC,CC,CC,CC,CC,CC,CC,CC,CC,CC,CC,TT,CC,CC,CC,TT,CC,CC,CC,CC,CC,CC,CC,CC,CC,CC,CC,CC,CC,CC,CC,CC,CC,CC,CC,CC,CC,CC,CC,CC,TT,TT,CC,CC,CC,CC,CC,CC,CC,CC,CC,CC,CC,CC,CC,CC,CC,CC,CC,CC,CC,CC,CC,TT,CC,CC,CC,CC,CC,CC,TT,TT,CC,TT,TT,CC,CC,CC,CC,CC,CC,CC,CC,CC,CC,CC,CC,CC,CC,CC,CC,CC,CC,CC,CC,CC,CC,CC,CC,CC,CC,CC,TT,CC,CC,CC,CC,TT,TT,TT,CC,CC,CC,CC,CC,CC,CC,CC,CC,CC,CC,CC,CC,CC,CC,CC,CC,CC,CC,CC,CC,CC,CC,TT,CC,CC,CC,CC,CC,CC,CC,CC,CC,CC,CC,CC,CC,CC,CC,CC,CC,CC,CC,CC,CC,CC,CC,CC,CC,CC,CC,CC,CC,CC,CC,CC,CC,CC,CC,CC,CC,CC,CC,CC,CC,CC,CC,CC,CC,CC,CC,CC,CC,CC,CC,CC,CC,CC,CC,CC,CC,CC,CC,CC,CC,CC,CC,CC,CC,CC,CC,TT,CC,CC,CC,CC,CC,CC,CC,CC,CC,CC,CC,CC,CC,CC,CC,CC,TT,TT,CC,CC,CC,CC,CC,CC,CC,CC,CC,CC,CC,CC,CC,CC,CC,CC,CC,CC,CC,CC,CC,CC,CC,CC,CC,CC,CC,CC,CC,CC,CC,CC,CC,CC,CC,CC,CC,CC,CC,CC,CC,CC,CC,CC,CC,CC,CC,CC,CC,CC,CC,CC,CC,CC,CC,CC,CC,CC,CC,CC,CC,CC,CC,CC,CC,CC,CC,CC,CC,CC,CC,CC,CC,CC,CC,CC,CC,CC,CC,CC,CC,CC,CC,CC,CC,CC,CC,CC,CC,CC,CC,CC,CC,CC,CC,CC,CC,CC,CC,CC,CC,CC,CC,CC,CC,CC,CC,CC,CC,CC,CC,CC,CC,CC,CC,CC,CC,CC,TT,CC,CC,CC,CC,CC,CC,CC,CC,CC,CC,CC,CC,CC,CC,CC,CC,CC,CC,CC,CC,CC,CC,CC,CC,CC,CC,CC,CC,CC,CC,CC,CC,CC,CC,CC,CC,CC,NN,CC,CC,CC,CC,CC,CC,CC,CC,CC,CC,CC,CC,CC,CC,CC,CC,CC,CC,CC,CC,CC,CC,CC,CC,CC,CC,CC,CC,CC,CC,CC,CC,CC,CC,CC,CC,CC,CC,CC,CC,TT,CC,CC,CC,CC,CC,CC,CC,CC,CC,CC,CC,CC,CC,CC,CC,CC,CC,CC,CC,CC,CC
IWA1850†,0.75,,AA,AA,AA,CC,AA,AA,AA,AA,AA,AA,AA,AA,AA,AA,AA,AA,CC,AA,AA,AA,AA,AA,CC,AA,AA,AA,AA,AA,AA,AA,AA,AA,AA,AA,CC,AA,AA,AA,AA,AA,CC,AA,AA,AA,AA,AA,AA,CC,AA,AA,AA,AA,AA,AA,AA,AA,AA,AA,AA,AA,NN,AA,AA,AA,AA,AA,AA,AA,CC,AA,AA,AA,AA,AA,AA,AA,AA,AA,AA,CC,AA,AA,AA,AA,AA,AA,AA,AA,AA,AA,AA,AA,AA,CC,AA,AA,AA,AA,AA,AA,AA,AA,AA,AA,AA,AA,AA,AA,AA,AA,AA,AA,AA,AA,AA,AA,AA,AA,AA,AA,AA,AA,CC,CC,CC,AA,CC,AA,AA,AA,AA,AA,AA,AA,AA,AA,AA,AA,AA,AA,AA,AA,AA,AA,CC,AA,CC,AA,AA,AA,AA,AA,CC,AA,AA,CC,CC,AA,AA,AA,AA,AA,AA,CC,AA,AA,AA,AA,CC,AA,CC,AA,AA,AA,CC,AA,AA,AA,AA,AA,CC,CC,AA,AA,AA,AA,AA,CC,CC,CC,AA,AA,CC,CC,AA,AA,AA,AA,AA,AA,CC,CC,AA,AA,AA,AA,AA,AA,AA,CC,AA,AA,AA,AA,AA,AA,AA,AA,AA,AA,AA,AA,AA,AA,AA,AA,CC,AA,AA,AA,AA,CC,AA,AA,AA,AA,AA,AA,CC,AA,AA,AA,AA,AA,AA,AA,AA,AA,AA,AA,AA,AA,AA,AA,AA,AA,AA,AA,AA,AA,AA,AA,AA,CC,CC,AA,AA,AA,AA,CC,AA,AA,AA,AA,CC,AA,AA,AA,CC,AA,AA,CC,CC,AA,CC,AA,AA,AA,AA,CC,AA,AA,AA,AA,AA,AA,AA,AA,AA,AA,AA,AA,AA,AA,AA,AA,AA,AA,AA,CC,AA,AA,AA,AA,AA,AA,AA,AA,AA,CC,AA,AA,AA,CC,CC,AA,AA,CC,AA,AA,AA,AA,AA,AA,AA,AA,AA,AA,AA,AA,AA,AA,AA,AA,AA,AA,AA,AA,AA,AA,CC,AA,AA,AA,AA,AA,AA,AA,AA,AA,AA,AA,NN,CC,CC,AA,CC,AA,AA,AA,AA,AA,AA,AA,AA,CC,AA,CC,AA,AA,AA,AA,CC,AA,CC,AA,AA,AA,AA,AA,AA,AA,AA,AA,AA,AA,AA,AA,CC,CC,AA,AA,AA,AA,CC,AA,AA,CC,AA,CC,AA,AA,AA,CC,CC,AA,AA,AA,AA,AA,AA,AA,AA,AA,AA,AA,AA,AA,CC,CC,AA,CC,AA,AA,AA,AA,AA,AA,CC,AA,AA,AA,AA,AA,CC,CC,CC,AA,AA,AA,AA,AA,CC,AA,AA,AA,NN,AA,AA,AA,AA,AA,AA,AA,CC,CC,AA,AA,AA,AA,AA,AA,AA,CC,AA,AA,AA,CC,AA,CC,AA,AA,AA,AA,CC,AA,AA,AA,AA,CC,AA,AA,AA,AA,AA,AA,AA,AA,AA,AA,AA,AA,AA,AA,CC,AA,AA,AA,AA,AA,CC,CC,AA,AA,AA,AA,AA,AA,AA,AA,AA,AA,CC,AA,AA,AA,AA,AA,CC,AA,AA,AA,AA,CC,AA,AA,AA,AA,AA,AA,AA,AA,AA,AA,AA,AA,AA,AA,AA,AA,CC,AA,AA,AA,AA,AA,AA,AA,CC,CC,CC,AA,AA,AA,AA,AA,AA,AA,AA,AA,AA,AA,AA,AA,AA,AA,CC,CC,CC,CC,AA,AA,AA,AA,AA,CC,AA,AA,AA,AA,AA,CC,CC,CC,AA,AA,AA,AA,CC,CC,CC,CC,CC,CC,CC,AA,AA,AA,AA,AA,AA,AA,AA,AA,AA,CC,CC,AA,CC,CC,AA,AA,CC,CC,AA,AA,AA,AA,CC,AA,AA,AA,AA,CC,AA,CC,AA,AA,AA,AA,AA,CC,CC,AA,CC,CC,CC,CC,CC,AA,AA,AA,AA,AA,AA,AA,AA,AA,AA,AA,CC,CC,AA,AA,AA,AA,AA,AA,CC,AA,CC,AA,AA,CC,AA,CC,AA,AA,CC,AA,AA,AA,AA,AA,AA,AA,AA,AA,AA,CC,CC,AA,AA,AA,CC,AA,AA,CC,CC,CC,CC,CC,AA,AA,AA,AA,AA,AA,CC,CC,AA,AA,AA,AA,AA,CC,CC,AA,AA,CC,CC,AA,AA,CC,AA,AA,AA,AA,AA,AA,AA,AA,AA,AA,AA,AA,AA,AA,AA,AA,AA,CC,AA,AA,AA,AA,CC,AA,AA,AA,AA,AA,AA,AA,AA,AA,AA,AA,AA,CC,AA,CC,CC,CC,AA,CC,NN,CC,CC,AA,AA,AA,CC,AA,CC,AA,AA,AA,AA,CC,CC,AA,AA,AA,AA,AA,AA,AA,AA,AA,AA,AA,AA,AA,AA,AA,AA,AA,AA,AA,CC,AA,AA,CC,AA,CC,AA,AA,AA,AA,AA,AA,AA,AA,AA,AA,AA,AA,AA,AA,AA,CC,AA,AA,CC,AA,CC,CC,CC,AA,NN,AA,AA,CC,AA,AA,AA,AA,AA,AA,CC,CC,CC,CC,CC,AA,CC,CC,CC,CC,CC,AA,AA,AA,CC,CC,AA,AA,CC,AA,AA,AA,AA,CC,AA,CC,CC,CC,CC,AA,AA,CC,CC,CC,CC,CC,CC,AA,AA,AA,CC,CC,AA,AA,AA,AA,NN,CC,CC,AA,CC,CC,AA,AA,AA,AA,CC,AA,AA,AA,AA,AA,AA,CC,CC,CC,CC,CC,AA,AA,AA,AA,AA,AA,AA,AA,AA,AA,CC,AA,AA,AA,AA,AA,CC,AA,AA,AA,CC,AA,AA,NN,AA,AA,CC,CC,AA,AA,AA,AA,AA,AA,AA,CC,CC,AA,AA,AA,CC,CC,CC,CC,AA,AA,AA,AA,AA,AA,AA,CC,AA,AA,AA,CC,CC,CC,CC,AA,CC,AA,AA,AA,CC,AA,AA,AA,AA,AA,AA,CC,AA,CC,AA,CC,AA,AA,AA,AA,AA,AA,CC,CC,CC,CC,CC,AA,CC,CC,CC,AA,AA,CC,AA,AA,CC,AA,AA,CC,AA,CC,AA,CC,CC,CC,CC,AA,AA,AA,CC,CC,AA,AA,AA,AA,AA,CC,AA,AA,CC,AA,AA,AA,AA,AA,AA,CC,AA,AA,AA,AA,AA,CC,AA,AA,AA,AA,AA,AA,CC,AA,CC,AA,AA,CC,AA,AA,AA,AA,AA,AA,AA,AA,CC,CC,AA,AA,AA,AA,CC,CC,CC,AA,CC,AA,CC,AA,CC,AA,AA,CC,CC,CC,CC,AA,AA,CC,CC,CC,AA,CC,AA,AA,CC,CC,CC,AA,AA,AA,AA,AA,CC,CC,AA,AA,AA,CC,CC,AA,AA,AA,CC,CC,AA,CC,AA,CC,CC,AA,CC,AA,AA,AA,AA,AA,AA,CC,CC,CC,AA,AA,CC,AA,AA,AA,CC,CC,AA,AA,AA,AA,AA,CC,CC,CC,AA,AA,CC,AA,NN,AA,CC,AA,AA,CC,AA,AA,AA,AA,AA,CC,CC,AA,NN,CC,CC,CC,AA,CC,AA,CC,AA,AA,AA,AA,AA
IWA4408*,0.52,,GG,GG,GG,GG,AA,GG,GG,GG,GG,GG,GG,GG,GG,GG,GG,GG,GG,GG,GG,GG,GG,GG,GG,AA,GG,GG,GG,GG,GG,GG,GG,GG,GG,GG,GG,AA,GG,GG,GG,GG,GG,GG,GG,GG,AA,AA,GG,GG,GG,GG,GG,GG,GG,AA,GG,GG,GG,GG,GG,AA,GG,GG,GG,GG,GG,GG,GG,GG,GG,GG,GG,GG,AA,GG,GG,GG,GG,GG,AA,GG,AA,AA,GG,GG,GG,GG,GG,GG,GG,GG,GG,GG,GG,GG,GG,GG,GG,GG,GG,GG,GG,GG,GG,GG,GG,GG,GG,GG,GG,GG,GG,GG,AA,GG,GG,GG,GG,GG,GG,GG,GG,GG,AA,AA,GG,GG,GG,GG,GG,GG,GG,GG,GG,GG,AA,AA,GG,GG,GG,AA,GG,GG,GG,GG,AA,AA,AA,AA,GG,GG,GG,GG,GG,GG,AA,AA,AA,GG,AA,AA,AA,GG,GG,GG,GG,GG,GG,GG,GG,GG,GG,GG,GG,GG,AA,GG,AA,GG,AA,AA,GG,GG,GG,GG,GG,GG,GG,GG,GG,GG,GG,GG,GG,AA,GG,GG,GG,GG,GG,GG,AA,GG,GG,GG,GG,GG,GG,GG,GG,GG,GG,GG,AA,GG,GG,GG,AA,GG,GG,GG,AA,GG,GG,GG,GG,GG,GG,GG,GG,GG,GG,AA,AA,GG,GG,AA,AA,AA,GG,AA,GG,AA,GG,GG,GG,GG,GG,GG,GG,GG,AA,GG,GG,GG,GG,GG,GG,GG,GG,GG,GG,AA,GG,AA,GG,AA,AA,GG,GG,GG,GG,GG,AA,GG,GG,GG,GG,GG,GG,AA,GG,AA,GG,GG,GG,AA,GG,AA,AA,AA,AA,AA,GG,GG,GG,GG,GG,AA,GG,GG,GG,GG,GG,GG,GG,GG,GG,GG,AA,GG,AA,GG,AA,GG,GG,GG,GG,GG,GG,AA,AA,GG,GG,GG,GG,GG,GG,AA,GG,AA,AA,GG,GG,GG,GG,GG,GG,AA,AA,GG,GG,GG,GG,AA,AA,GG,GG,AA,AA,GG,NN,AA,GG,GG,AA,GG,GG,GG,GG,GG,GG,AA,GG,GG,AA,GG,GG,GG,AA,GG,GG,GG,GG,AA,AA,GG,GG,GG,GG,AA,GG,GG,GG,GG,GG,AA,GG,AA,AA,GG,AA,GG,GG,GG,GG,AA,GG,GG,AA,GG,AA,AA,GG,GG,AA,GG,GG,GG,AA,GG,AA,GG,GG,GG,AA,GG,AA,GG,GG,AA,AA,AA,AA,GG,AA,GG,GG,GG,AA,GG,AA,AA,GG,GG,GG,GG,GG,GG,AA,GG,GG,GG,GG,AA,AA,AA,GG,GG,GG,AA,GG,GG,GG,GG,GG,GG,AA,GG,GG,AA,GG,GG,GG,AA,GG,GG,GG,AA,AA,AA,GG,GG,GG,AA,AA,GG,GG,AA,GG,AA,AA,GG,GG,GG,GG,GG,AA,GG,AA,AA,AA,AA,GG,GG,GG,GG,GG,AA,AA,AA,AA,AA,GG,GG,AA,GG,GG,GG,AA,AA,GG,AA,AA,GG,GG,GG,GG,GG,GG,GG,GG,GG,AA,AA,AA,GG,GG,GG,GG,AA,GG,GG,GG,AA,AA,AA,AA,AA,GG,AA,GG,GG,AA,AA,GG,AA,AA,GG,GG,GG,GG,GG,AA,AA,AA,GG,GG,GG,AA,GG,AA,AA,AA,AA,GG,GG,GG,GG,GG,GG,GG,GG,GG,GG,GG,GG,GG,GG,GG,GG,GG,AA,GG,GG,AA,GG,AA,AA,AA,AA,GG,AA,GG,GG,AA,GG,GG,AA,AA,GG,GG,AA,AA,AA,AA,GG,AA,AA,AA,AA,AA,AA,AA,AA,AA,GG,AA,GG,AA,AA,GG,GG,AA,GG,AA,GG,GG,GG,GG,GG,GG,GG,GG,AA,GG,AA,GG,GG,GG,AA,AA,GG,AA,AA,AA,AA,AA,AA,AA,AA,AA,GG,AA,AA,AA,AA,AA,AA,AA,AA,GG,GG,GG,AA,GG,GG,GG,GG,AA,GG,GG,GG,GG,GG,GG,GG,AA,AA,AA,AA,AA,GG,GG,GG,GG,GG,GG,GG,AA,AA,AA,GG,AA,AA,AA,GG,GG,AA,GG,GG,GG,GG,GG,GG,GG,AA,AA,GG,AA,GG,AA,GG,AA,AA,AA,AA,AA,AA,AA,AA,AA,AA,AA,AA,AA,GG,AA,AA,AA,AA,AA,AA,AA,AA,AA,AA,AA,GG,AA,AA,AA,AA,AA,AA,AA,AA,GG,GG,AA,GG,GG,GG,GG,AA,AA,GG,GG,AA,AA,AA,AA,GG,GG,GG,AA,AA,AA,AA,AA,GG,AA,GG,GG,AA,AA,GG,GG,GG,GG,GG,GG,GG,AA,AA,AA,AA,AA,AA,AA,AA,AA,AA,AA,AA,AA,AA,GG,GG,GG,AA,AA,AA,AA,AA,GG,AA,AA,GG,AA,GG,GG,GG,GG,AA,AA,AA,AA,AA,AA,AA,AA,AA,AA,AA,AA,GG,GG,AA,AA,GG,GG,AA,AA,AA,AA,AA,GG,GG,GG,GG,GG,GG,AA,AA,AA,GG,AA,GG,GG,AA,GG,GG,GG,AA,AA,AA,AA,AA,AA,AA,AA,AA,AA,AA,AA,GG,AA,AA,AA,AA,GG,AA,AA,AA,AA,AA,AA,GG,NN,AA,GG,GG,GG,AA,AA,AA,GG,AA,GG,AA,NN,GG,AA,GG,AA,GG,GG,AA,GG,AA,AA,GG,AA,AA,AA,AA,AA,AA,AA,AA,AA,AA,AA,AA,AA,AA,AA,AA,AA,AA,AA,AA,AA,AA,GG,AA,AA,AA,AA,AA,GG,GG,GG,AA,AA,AA,AA,GG,GG,AA,AA,AA,AA,AA,AA,AA,AA,AA,AA,AA,AA,AA,GG,AA,GG,GG,GG,GG,GG,AA,AA,GG,AA,GG,GG,GG,GG,AA,AA,AA,GG,GG,AA,GG,AA,AA,AA,GG,GG,AA,AA,AA,AA,AA,AA,AA,AA,AA,AA,AA,AA,AA,GG,GG,GG,AA,GG,AA,AA,AA,AA,AA,NN,AA,GG,AA,AA,AA,AA,AA,AA,AA,AA,AA,AA,AA,AA,AA,AA,AA,AA,AA,AA,AA,AA,AA,AA,AA,GG,AA,AA,AA,AA,AA,GG,GG,AA,AA,AA,GG,GG,GG,AA,AA,AA,AA,AA,AA,AA,AA,AA,AA,AA,AA,AA,AA,AA,AA,AA,AA,AA,GG,GG,GG,AA,AA,AA,AA,GG,AA,GG,AA,AA,AA,GG,AA,AA,AA,AA,AA,AA,AA,GG,AA,AA,AA,AA,AA,GG,AA,GG,AA,GG,GG,GG,AA,AA,AA,AA,GG,GG,GG,AA,AA,AA,AA,AA,AA,AA,AA,AA,AA,AA,AA,AA,GG,AA,AA,GG,AA,AA,GG,AA,AA,AA,AA,AA,AA,AA,AA,AA,AA,AA,AA,AA,AA,AA,AA,AA,GG,GG,AA,AA,AA,AA,AA,AA,AA,AA,AA,AA,AA,AA,AA,GG,GG,AA,AA,GG,AA,GG,AA,GG,AA,AA,GG,AA,AA,AA,AA,GG,AA,AA,AA,AA
IWA7257*,0.25,,GG,GG,GG,GG,GG,GG,GG,GG,GG,GG,GG,GG,GG,GG,GG,GG,GG,TT,GG,GG,GG,GG,GG,TT,GG,GG,GG,GG,GG,GG,GG,TT,TT,GG,GG,GG,GG,GG,GG,GG,GG,GG,GG,GG,TT,TT,TT,GG,GG,TT,GG,TT,GG,TT,GG,TT,TT,TT,TT,TT,GG,GG,GG,TT,GG,GG,TT,GG,GG,GG,GG,TT,GG,TT,TT,TT,GG,GG,GG,GG,GG,GG,GG,GG,TT,TT,GG,GG,TT,TT,TT,TT,GG,GG,GG,GG,GG,GG,GG,GG,GG,GG,GG,GG,GG,TT,GG,GG,TT,TT,TT,TT,GG,GG,GG,TT,TT,TT,TT,TT,GG,GG,GG,GG,GG,GG,TT,TT,TT,TT,GG,TT,TT,TT,GG,GG,GG,GG,GG,GG,GG,GG,GG,TT,GG,GG,TT,GG,GG,TT,GG,GG,GG,TT,GG,GG,GG,TT,TT,GG,GG,GG,TT,GG,GG,TT,TT,GG,GG,TT,GG,GG,TT,TT,GG,GG,TT,GG,GG,GG,GG,GG,GG,GG,TT,TT,TT,GG,GG,GG,GG,TT,GG,GG,TT,TT,TT,TT,TT,TT,GG,GG,GG,TT,TT,TT,GG,TT,GG,GG,GG,GG,GG,GG,TT,TT,TT,TT,GG,TT,GG,TT,GG,TT,TT,TT,GG,TT,TT,TT,GG,GG,GG,GG,GG,GG,GG,GG,TT,GG,GG,TT,GG,TT,TT,GG,GG,TT,GG,GG,GG,TT,TT,TT,TT,TT,TT,GG,TT,TT,TT,GG,GG,GG,GG,GG,GG,GG,GG,GG,TT,GG,GG,TT,TT,TT,TT,TT,GG,GG,GG,GG,GG,GG,GG,GG,TT,GG,GG,GG,GG,GG,GG,TT,TT,TT,TT,GG,TT,TT,TT,TT,TT,TT,TT,TT,TT,TT,GG,GG,GG,GG,GG,TT,TT,TT,TT,GG,GG,GG,GG,TT,TT,GG,TT,GG,TT,GG,GG,GG,GG,TT,TT,TT,TT,GG,TT,GG,GG,TT,TT,TT,GG,GG,GG,GG,TT,GG,GG,GG,GG,GG,TT,TT,GG,TT,GG,TT,TT,TT,TT,GG,NN,GG,GG,GG,GG,TT,TT,TT,GG,GG,TT,GG,TT,TT,GG,TT,GG,GG,TT,TT,GG,TT,TT,GG,TT,GG,GG,TT,TT,GG,TT,TT,TT,GG,GG,TT,GG,GG,GG,GG,TT,TT,GG,GG,GG,GG,GG,TT,GG,GG,GG,GG,GG,TT,TT,TT,TT,GG,GG,GG,TT,TT,GG,GG,TT,GG,GG,GG,GG,GG,GG,GG,TT,NN,GG,TT,GG,GG,GG,GG,GG,TT,GG,GG,GG,TT,GG,GG,TT,TT,GG,TT,TT,TT,GG,GG,GG,GG,TT,TT,TT,GG,GG,GG,GG,GG,GG,GG,GG,GG,GG,GG,GG,TT,GG,GG,GG,GG,GG,GG,GG,GG,TT,TT,GG,TT,GG,GG,GG,GG,TT,GG,TT,TT,GG,GG,GG,TT,GG,GG,TT,GG,GG,GG,GG,TT,GG,GG,GG,GG,GG,GG,GG,TT,GG,TT,TT,TT,TT,TT,GG,GG,GG,TT,TT,TT,GG,GG,GG,GG,TT,GG,GG,GG,GG,GG,GG,TT,TT,GG,GG,GG,TT,GG,GG,TT,GG,GG,GG,TT,GG,GG,GG,TT,TT,GG,GG,GG,GG,GG,GG,GG,TT,TT,TT,TT,TT,TT,TT,TT,TT,TT,TT,TT,GG,TT,TT,GG,GG,GG,TT,TT,GG,GG,TT,GG,GG,GG,GG,GG,GG,TT,GG,TT,TT,TT,GG,GG,GG,GG,GG,GG,GG,GG,GG,GG,GG,GG,GG,TT,GG,GG,GG,GG,GG,TT,GG,GG,GG,TT,GG,GG,GG,GG,GG,GG,GG,GG,TT,TT,TT,GG,TT,GG,GG,GG,GG,GG,NN,GG,GG,GG,GG,GG,GG,GG,GG,GG,GG,GG,GG,GG,GG,GG,GG,GG,TT,GG,GG,GG,TT,GG,GG,GG,TT,GG,GG,GG,GG,GG,GG,GG,GG,TT,GG,GG,GG,GG,GG,TT,GG,TT,TT,TT,GG,TT,GG,GG,GG,GG,GG,GG,GG,TT,GG,GG,GG,GG,GG,GG,GG,GG,TT,GG,GG,GG,GG,GG,GG,TT,GG,GG,GG,GG,GG,GG,GG,GG,GG,GG,GG,GG,GG,GG,GG,GG,GG,GG,GG,GG,GG,GG,GG,GG,GG,GG,GG,GG,GG,GG,GG,GG,GG,GG,GG,TT,TT,TT,TT,TT,GG,GG,GG,TT,GG,TT,TT,GG,GG,GG,GG,GG,GG,GG,GG,GG,GG,TT,GG,TT,GG,GG,GG,TT,TT,TT,GG,GG,GG,GG,GG,GG,GG,GG,GG,GG,GG,GG,GG,GG,GG,GG,GG,GG,GG,TT,TT,GG,GG,GG,TT,GG,GG,GG,TT,TT,GG,TT,TT,TT,GG,GG,GG,GG,GG,GG,GG,GG,GG,GG,GG,GG,GG,TT,GG,GG,GG,GG,GG,GG,GG,GG,GG,GG,GG,GG,TT,TT,GG,GG,GG,GG,GG,TT,GG,GG,GG,GG,GG,GG,GG,GG,GG,GG,GG,GG,GG,GG,GG,GG,GG,GG,GG,GG,GG,GG,GG,GG,GG,GG,GG,GG,GG,GG,GG,GG,GG,GG,GG,GG,GG,GG,GG,TT,GG,GG,GG,GG,NN,GG,GG,GG,GG,GG,GG,GG,GG,GG,GG,TT,GG,GG,GG,GG,GG,GG,GG,GG,GG,GG,GG,GG,GG,GG,GG,GG,GG,GG,GG,GG,GG,GG,GG,GG,GG,GG,GG,GG,GG,GG,TT,GG,GG,GG,GG,GG,TT,GG,GG,GG,GG,GG,GG,GG,GG,GG,GG,GG,GG,GG,GG,GG,TT,TT,TT,TT,GG,GG,GG,GG,GG,GG,GG,GG,GG,GG,GG,GG,TT,GG,GG,GG,GG,GG,GG,GG,GG,GG,GG,GG,GG,GG,GG,GG,GG,GG,GG,GG,GG,GG,TT,GG,GG,GG,GG,GG,GG,GG,GG,GG,GG,GG,GG,GG,GG,GG,GG,GG,GG,GG,GG,GG,GG,GG,GG,GG,GG,GG,GG,GG,GG,GG,GG,GG,GG,GG,GG,GG,GG,GG,GG,GG,TT,GG,GG,GG,GG,GG,GG,GG,GG,GG,GG,GG,GG,GG,GG,GG,GG,GG,GG,GG,GG,GG,GG,GG,GG,GG,GG,TT,GG,GG,GG,GG,GG,GG,GG,GG,GG,GG,GG,GG,GG,GG,GG,GG,GG,GG,GG,GG,GG,GG,GG,GG,GG,GG,GG,GG,GG,GG,GG,GG,GG,GG,GG,GG,GG,GG,GG,GG,GG,GG,GG,GG,GG,GG,GG,GG,GG,GG,GG,GG,GG,GG,GG,GG,GG,GG,GG,GG,GG,GG,GG,GG,GG,GG,GG,GG,GG,GG,GG,GG,GG,GG,GG,GG,GG,GG,GG,GG,GG,GG,GG,GG,GG,GG,GG,GG,GG,GG,GG,GG,GG,GG,GG,GG,GG,GG,GG,GG,GG,GG,GG,GG,GG,GG,GG,GG,GG,GG,GG,GG,GG
IWA4169*,0.47,,TT,GG,GG,TT,GG,TT,TT,TT,TT,TT,TT,TT,TT,TT,TT,TT,TT,TT,TT,TT,TT,TT,TT,GG,TT,TT,GG,TT,TT,TT,TT,GG,GG,TT,TT,TT,TT,TT,TT,TT,TT,GG,TT,TT,GG,GG,TT,GG,TT,GG,TT,TT,TT,TT,TT,GG,GG,GG,GG,GG,GG,TT,TT,GG,TT,TT,TT,TT,GG,TT,TT,GG,GG,GG,GG,GG,GG,TT,GG,GG,GG,GG,TT,GG,GG,GG,TT,TT,GG,GG,GG,GG,GG,TT,GG,TT,TT,TT,GG,GG,TT,TT,TT,TT,TT,GG,TT,GG,GG,GG,GG,GG,GG,GG,GG,GG,GG,GG,GG,GG,GG,TT,TT,TT,TT,TT,GG,GG,GG,GG,TT,GG,GG,GG,TT,TT,TT,TT,TT,GG,TT,TT,TT,TT,TT,GG,GG,TT,TT,GG,TT,TT,TT,GG,TT,TT,GG,GG,GG,GG,GG,TT,GG,GG,TT,TT,TT,TT,TT,TT,TT,TT,GG,GG,TT,TT,GG,TT,TT,GG,GG,TT,GG,TT,TT,GG,GG,TT,TT,TT,TT,GG,TT,GG,GG,GG,GG,GG,TT,GG,GG,TT,TT,GG,GG,GG,GG,GG,TT,TT,GG,TT,GG,TT,GG,GG,TT,GG,GG,GG,GG,TT,TT,GG,GG,GG,GG,GG,GG,GG,TT,TT,TT,GG,TT,TT,TT,TT,GG,GG,TT,GG,TT,TT,GG,TT,TT,GG,TT,GG,GG,GG,GG,GG,GG,GG,GG,GG,GG,GG,GG,TT,GG,TT,GG,TT,TT,TT,GG,TT,TT,TT,GG,TT,GG,GG,GG,TT,TT,TT,TT,GG,TT,TT,TT,GG,GG,GG,TT,GG,TT,TT,TT,GG,GG,GG,TT,TT,TT,GG,GG,GG,GG,GG,GG,GG,GG,GG,GG,GG,GG,TT,TT,GG,GG,GG,GG,TT,TT,TT,GG,TT,TT,TT,GG,TT,GG,TT,TT,TT,TT,TT,GG,GG,GG,TT,GG,TT,GG,GG,GG,GG,GG,GG,TT,TT,GG,GG,TT,TT,GG,GG,TT,GG,GG,GG,TT,GG,TT,GG,GG,TT,TT,TT,TT,TT,TT,GG,GG,TT,TT,GG,GG,TT,GG,GG,TT,GG,TT,GG,GG,GG,TT,GG,TT,GG,GG,TT,GG,GG,GG,GG,GG,GG,GG,TT,TT,GG,TT,TT,TT,TT,TT,GG,GG,TT,GG,GG,TT,TT,GG,TT,TT,TT,TT,GG,TT,TT,GG,GG,GG,GG,GG,GG,GG,GG,TT,TT,TT,TT,TT,TT,GG,GG,GG,GG,TT,GG,TT,GG,TT,TT,GG,GG,TT,TT,TT,GG,TT,GG,GG,GG,TT,GG,TT,GG,GG,TT,TT,GG,TT,TT,GG,TT,GG,GG,TT,TT,TT,GG,GG,TT,TT,TT,GG,GG,GG,GG,TT,TT,TT,TT,GG,GG,GG,TT,TT,GG,GG,GG,GG,GG,GG,TT,GG,GG,TT,GG,GG,GG,GG,GG,GG,TT,GG,GG,TT,GG,GG,GG,TT,TT,TT,TT,GG,GG,GG,TT,GG,GG,GG,GG,TT,TT,GG,TT,GG,GG,TT,TT,TT,GG,TT,TT,GG,GG,TT,TT,TT,GG,TT,TT,GG,GG,GG,GG,GG,GG,TT,GG,TT,GG,GG,TT,GG,GG,GG,GG,TT,TT,TT,TT,GG,GG,GG,GG,GG,GG,GG,GG,GG,GG,GG,GG,GG,GG,TT,TT,TT,TT,TT,GG,GG,GG,TT,TT,GG,TT,TT,TT,GG,GG,TT,TT,GG,GG,GG,TT,TT,TT,TT,GG,GG,GG,TT,TT,GG,TT,GG,GG,TT,GG,GG,GG,TT,TT,TT,GG,TT,GG,TT,GG,GG,GG,TT,GG,GG,GG,TT,TT,GG,TT,GG,GG,TT,TT,TT,TT,GG,GG,GG,TT,GG,TT,GG,TT,TT,TT,TT,GG,TT,GG,GG,TT,GG,TT,TT,TT,GG,TT,TT,TT,TT,GG,GG,GG,GG,GG,TT,TT,TT,TT,TT,TT,TT,TT,GG,TT,GG,GG,GG,GG,TT,GG,GG,GG,TT,GG,GG,GG,GG,TT,TT,GG,GG,TT,GG,TT,TT,TT,TT,TT,TT,GG,GG,TT,TT,GG,TT,TT,GG,GG,GG,TT,GG,TT,GG,GG,TT,GG,GG,GG,GG,TT,TT,GG,TT,GG,TT,TT,TT,TT,TT,TT,GG,TT,TT,TT,TT,TT,TT,GG,TT,TT,TT,GG,TT,TT,TT,GG,GG,GG,GG,TT,GG,TT,GG,TT,TT,GG,GG,TT,TT,TT,GG,TT,TT,TT,GG,TT,TT,GG,TT,TT,GG,GG,GG,GG,GG,TT,TT,GG,TT,TT,GG,TT,GG,TT,TT,TT,GG,GG,TT,TT,TT,TT,GG,TT,TT,GG,GG,GG,TT,GG,TT,TT,GG,TT,TT,TT,GG,GG,TT,GG,GG,TT,TT,GG,TT,GG,TT,TT,GG,TT,GG,TT,TT,TT,GG,TT,GG,GG,TT,GG,TT,GG,TT,GG,GG,GG,TT,TT,TT,GG,GG,TT,TT,TT,TT,TT,TT,GG,GG,GG,GG,TT,GG,GG,GG,TT,TT,TT,TT,TT,GG,TT,TT,TT,TT,TT,GG,GG,TT,TT,TT,TT,GG,GG,GG,GG,TT,TT,TT,GG,GG,GG,GG,GG,TT,TT,NN,TT,TT,TT,GG,GG,TT,TT,TT,TT,GG,GG,GG,TT,TT,TT,TT,TT,TT,GG,TT,GG,GG,TT,GG,GG,TT,GG,GG,TT,TT,TT,TT,TT,TT,GG,TT,TT,GG,GG,TT,NN,GG,GG,GG,GG,TT,TT,GG,GG,GG,TT,TT,GG,TT,TT,GG,TT,GG,TT,TT,TT,GG,TT,GG,GG,GG,GG,GG,GG,GG,GG,GG,GG,GG,TT,TT,TT,GG,TT,TT,TT,GG,TT,TT,GG,TT,TT,TT,TT,TT,GG,TT,GG,TT,TT,TT,TT,GG,GG,GG,GG,GG,TT,GG,TT,GG,TT,TT,TT,TT,TT,TT,TT,GG,TT,TT,GG,TT,GG,TT,GG,GG,TT,GG,TT,TT,TT,TT,GG,TT,TT,TT,TT,TT,GG,TT,GG,GG,TT,GG,GG,TT,GG,TT,GG,TT,GG,TT,TT,GG,TT,GG,GG,GG,TT,TT,TT,GG,TT,GG,TT,GG,GG,TT,TT,TT,GG,GG,TT,TT,GG,TT,TT,GG,GG,GG,TT,GG,GG,TT,GG,TT,GG,TT,TT,GG,TT,TT,TT,GG,TT,TT,TT,TT,GG,GG,GG,TT,GG,GG,TT,GG,GG,TT,TT,GG,TT,TT,TT,GG,GG,GG,TT,TT,GG,TT,TT,TT,TT,TT,GG,TT,GG,TT,TT,TT,TT,TT,TT,TT,TT,TT,TT,TT,GG,GG,GG,TT,TT,GG,TT,TT,TT,TT,GG,TT,TT,TT,TT,TT,TT,TT,TT,TT,GG,GG,TT,TT,GG,TT,TT,TT,GG,TT,TT,TT,TT,TT,TT,TT,GG,TT,TT,TT,TT,TT,GG,TT,GG,TT,TT,TT,TT,TT
IWA4338*,0.92,,CC,CC,CC,TT,CC,CC,CC,CC,CC,CC,CC,CC,CC,CC,TT,TT,CC,CC,CC,CC,CC,CC,CC,CC,CC,TT,CC,CC,CC,CC,CC,TT,CC,CC,CC,CC,CC,CC,CC,CC,CC,CC,CC,CC,CC,CC,CC,CC,CC,CC,CC,CC,CC,CC,CC,TT,TT,TT,TT,CC,CC,CC,CC,CC,CC,CC,CC,CC,CC,CC,CC,CC,CC,CC,CC,CC,CC,CC,CC,CC,CC,CC,CC,CC,CC,CC,CC,CC,CC,CC,CC,CC,CC,CC,CC,CC,CC,CC,TT,CC,CC,CC,CC,CC,CC,CC,CC,CC,CC,CC,CC,CC,CC,CC,CC,CC,CC,CC,CC,CC,CC,CC,CC,CC,CC,CC,CC,CC,CC,CC,CC,CC,CC,CC,CC,TT,CC,CC,CC,CC,CC,CC,CC,CC,CC,CC,CC,CC,CC,CC,CC,CC,CC,CC,CC,CC,CC,CC,CC,CC,CC,CC,CC,CC,CC,CC,CC,CC,CC,CC,CC,CC,CC,CC,CC,CC,CC,CC,CC,CC,CC,CC,CC,CC,CC,CC,CC,CC,CC,CC,CC,CC,CC,CC,CC,CC,CC,CC,CC,CC,CC,CC,TT,CC,CC,CC,TT,CC,TT,CC,CC,CC,CC,CC,CC,CC,CC,CC,CC,CC,CC,CC,CC,CC,CC,CC,CC,CC,CC,CC,CC,CC,CC,CC,CC,CC,CC,CC,CC,CC,CC,CC,CC,TT,CC,CC,CC,CC,CC,CC,CC,CC,CC,CC,CC,CC,CC,CC,CC,CC,CC,CC,CC,CC,CC,CC,CC,CC,CC,CC,CC,CC,CC,CC,CC,CC,CC,CC,CC,CC,CC,CC,CC,CC,CC,CC,CC,CC,CC,CC,CC,CC,CC,CC,CC,CC,CC,CC,CC,CC,CC,CC,CC,CC,CC,CC,CC,CC,CC,CC,CC,CC,CC,CC,CC,CC,CC,CC,CC,CC,CC,CC,CC,CC,CC,CC,CC,CC,CC,CC,CC,CC,CC,CC,CC,CC,CC,CC,CC,CC,CC,CC,CC,CC,CC,TT,CC,CC,CC,CC,CC,CC,CC,CC,CC,CC,CC,CC,CC,CC,CC,CC,CC,CC,CC,CC,CC,CC,CC,CC,CC,CC,CC,CC,CC,CC,TT,CC,CC,CC,CC,CC,CC,CC,CC,CC,CC,CC,CC,CC,CC,CC,TT,CC,CC,CC,CC,CC,CC,CC,CC,CC,CC,CC,CC,CC,CC,CC,CC,CC,CC,CC,CC,CC,TT,CC,CC,CC,CC,CC,CC,CC,CC,CC,CC,CC,CC,TT,TT,CC,CC,CC,CC,CC,CC,CC,CC,CC,CC,TT,CC,NN,TT,CC,CC,CC,CC,CC,CC,CC,CC,CC,CC,TT,CC,CC,CC,CC,CC,CC,TT,TT,CC,CC,CC,CC,CC,CC,CC,CC,CC,CC,CC,CC,CC,CC,CC,CC,CC,CC,CC,TT,CC,CC,CC,CC,CC,CC,CC,CC,CC,CC,CC,CC,TT,CC,CC,CC,CC,CC,CC,CC,TT,CC,TT,CC,CC,CC,CC,CC,CC,CC,CC,CC,CC,CC,CC,CC,CC,CC,CC,CC,CC,CC,CC,CC,CC,NN,CC,CC,CC,CC,CC,CC,CC,CC,CC,CC,CC,CC,CC,CC,CC,CC,CC,CC,CC,CC,CC,CC,CC,TT,CC,CC,CC,CC,CC,CC,CC,CC,CC,CC,CC,CC,CC,CC,CC,CC,CC,CC,CC,CC,CC,CC,CC,CC,CC,CC,CC,CC,CC,CC,TT,CC,CC,TT,CC,CC,CC,CC,CC,CC,CC,CC,CC,TT,CC,CC,CC,CC,TT,CC,CC,CC,CC,TT,CC,CC,CC,CC,CC,CC,CC,CC,CC,CC,TT,CC,CC,CC,CC,CC,CC,CC,CC,CC,CC,CC,CC,CC,CC,CC,TT,CC,CC,CC,CC,CC,CC,CC,CC,CC,CC,CC,CC,CC,CC,CC,CC,CC,CC,CC,CC,CC,CC,CC,TT,CC,CC,CC,CC,CC,TT,CC,CC,CC,TT,TT,CC,CC,CC,CC,CC,CC,TT,CC,CC,CC,CC,CC,CC,CC,TT,CC,CC,CC,CC,CC,CC,CC,CC,TT,CC,CC,TT,CC,CC,CC,CC,CC,CC,CC,CC,CC,TT,CC,CC,CC,CC,CC,CC,NN,CC,CC,CC,CC,CC,CC,CC,CC,CC,CC,CC,CC,CC,CC,CC,CC,CC,CC,CC,CC,CC,CC,CC,CC,CC,CC,CC,CC,CC,CC,CC,CC,CC,CC,CC,TT,CC,CC,CC,CC,CC,CC,CC,CC,CC,CC,CC,TT,CC,CC,CC,CC,CC,CC,CC,CC,CC,TT,CC,CC,CC,CC,CC,CC,CC,CC,CC,CC,CC,CC,CC,CC,CC,CC,CC,CC,CC,CC,CC,CC,CC,CC,CC,CC,CC,TT,TT,CC,CC,CC,CC,CC,CC,CC,CC,TT,CC,CC,CC,CC,CC,CC,CC,CC,CC,CC,CC,CC,CC,CC,CC,CC,CC,CC,CC,CC,TT,TT,CC,CC,CC,CC,CC,CC,CC,CC,CC,CC,CC,CC,CC,CC,CC,TT,CC,CC,CC,CC,TT,CC,TT,CC,CC,CC,CC,CC,CC,CC,CC,CC,CC,CC,CC,CC,CC,CC,CC,CC,TT,CC,CC,CC,CC,TT,CC,CC,CC,CC,CC,CC,CC,CC,CC,CC,TT,CC,CC,CC,TT,CC,CC,CC,CC,CC,CC,CC,CC,CC,CC,CC,CC,CC,CC,CC,CC,CC,CC,CC,CC,CC,CC,CC,CC,CC,CC,CC,CC,CC,CC,CC,CC,CC,CC,CC,CC,CC,CC,CC,CC,CC,CC,CC,CC,CC,CC,CC,CC,CC,CC,CC,CC,CC,CC,CC,CC,CC,CC,CC,CC,CC,CC,CC,CC,CC,CC,CC,TT,CC,CC,TT,CC,TT,TT,CC,TT,CC,CC,CC,TT,CC,TT,CC,CC,CC,CC,CC,CC,CC,CC,CC,CC,CC,CC,CC,CC,CC,CC,CC,CC,CC,TT,TT,CC,CC,CC,CC,CC,CC,CC,CC,CC,CC,CC,CC,CC,CC,CC,CC,CC,CC,CC,CC,CC,CC,CC,CC,CC,CC,CC,CC,CC,CC,CC,CC,CC,CC,CC,TT,CC,CC,CC,CC,CC,CC,CC,CC,CC,CC,CC,CC,CC,CC,CC,CC,CC,CC,CC,CC,CC,CC,CC,CC,CC,CC,CC,CC,CC,CC,CC,CC,TT,TT,CC,CC,CC,CC,TT,CC,CC,TT,TT,CC,TT,CC,CC,CC,CC,CC,CC,CC,CC,CC,CC,CC,CC,CC,TT,CC,TT,CC,TT,TT,CC,CC,CC,TT,CC,CC,CC,CC,TT,CC,CC,CC,CC,CC,CC,CC,CC,CC,CC,CC,CC,CC,CC,TT,CC,CC,CC,CC,CC,CC,CC,CC,CC,CC,CC,CC,CC,CC,CC,TT,CC,CC,CC,CC,CC,CC,CC,CC,CC,CC,CC,CC,CC,CC,CC,CC,CC,CC,CC,CC,TT,TT,CC,CC,CC,CC,TT,CC,TT,CC,CC,CC,TT,CC,CC,CC,TT,CC,CC,CC,CC
IWA349*,0.46,,CC,TT,CC,CC,CC,TT,TT,CC,CC,CC,CC,CC,CC,TT,CC,CC,CC,CC,CC,TT,TT,TT,TT,TT,CC,CC,CC,CC,CC,TT,TT,CC,TT,CC,CC,TT,CC,CC,TT,TT,CC,CC,CC,CC,TT,TT,TT,CC,CC,TT,CC,TT,CC,CC,CC,TT,TT,TT,TT,TT,CC,CC,CC,CC,TT,CC,CC,TT,CC,TT,CC,TT,CC,TT,CC,TT,TT,CC,CC,CC,CC,CC,TT,TT,CC,CC,CC,TT,TT,CC,CC,CC,CC,TT,CC,TT,TT,TT,TT,TT,TT,TT,CC,TT,TT,CC,CC,CC,TT,CC,CC,CC,CC,TT,CC,TT,CC,CC,TT,TT,TT,CC,CC,CC,CC,TT,TT,CC,CC,CC,TT,TT,TT,TT,TT,TT,TT,CC,TT,CC,CC,CC,TT,CC,TT,TT,CC,CC,TT,TT,CC,CC,CC,TT,CC,TT,CC,TT,TT,TT,TT,CC,TT,TT,TT,TT,TT,TT,TT,TT,TT,TT,TT,TT,TT,CC,CC,CC,CC,CC,CC,CC,CC,TT,TT,TT,TT,TT,CC,TT,TT,CC,CC,CC,TT,TT,TT,TT,TT,TT,CC,TT,CC,TT,TT,TT,TT,TT,CC,TT,TT,TT,TT,CC,TT,TT,TT,CC,TT,CC,CC,TT,TT,CC,TT,TT,CC,TT,TT,TT,TT,TT,CC,TT,TT,TT,TT,TT,TT,CC,CC,TT,CC,TT,TT,TT,TT,TT,CC,CC,TT,TT,TT,TT,TT,TT,TT,TT,TT,TT,TT,TT,TT,CC,CC,CC,CC,CC,CC,TT,TT,TT,TT,NN,TT,TT,TT,CC,TT,TT,TT,CC,CC,TT,CC,TT,TT,CC,CC,CC,CC,CC,TT,TT,TT,CC,CC,TT,TT,TT,TT,TT,CC,TT,TT,TT,TT,TT,CC,CC,CC,TT,TT,TT,TT,TT,TT,TT,TT,TT,CC,TT,TT,TT,TT,TT,TT,TT,CC,CC,CC,CC,TT,CC,TT,CC,CC,CC,CC,TT,TT,TT,TT,TT,TT,TT,TT,CC,CC,CC,CC,CC,CC,TT,TT,TT,TT,TT,TT,TT,TT,TT,TT,TT,TT,CC,TT,TT,CC,CC,CC,TT,TT,CC,TT,TT,CC,TT,CC,TT,TT,TT,TT,TT,TT,CC,TT,CC,TT,TT,TT,TT,TT,TT,TT,TT,CC,TT,CC,CC,TT,TT,TT,TT,CC,TT,TT,CC,TT,TT,TT,CC,TT,CC,CC,TT,TT,TT,CC,TT,TT,TT,CC,CC,TT,TT,TT,TT,TT,TT,CC,TT,CC,CC,TT,TT,TT,TT,TT,TT,CC,CC,CC,TT,TT,TT,CC,TT,TT,TT,TT,TT,TT,CC,TT,TT,CC,CC,CC,TT,TT,CC,CC,TT,TT,TT,TT,TT,CC,CC,CC,CC,CC,TT,TT,TT,TT,TT,TT,CC,TT,TT,TT,TT,CC,TT,TT,TT,TT,CC,CC,CC,TT,TT,TT,TT,TT,CC,TT,CC,TT,TT,TT,TT,TT,CC,CC,CC,CC,CC,CC,TT,CC,TT,TT,TT,TT,CC,TT,NN,TT,TT,TT,TT,TT,TT,TT,TT,CC,TT,TT,TT,TT,CC,CC,CC,CC,CC,TT,TT,TT,TT,TT,TT,TT,TT,TT,CC,TT,CC,CC,TT,TT,CC,TT,TT,TT,CC,TT,TT,CC,CC,CC,TT,TT,TT,TT,TT,TT,TT,TT,TT,TT,TT,TT,TT,CC,TT,TT,TT,CC,TT,TT,TT,TT,TT,CC,CC,CC,CC,TT,TT,CC,TT,TT,TT,TT,TT,CC,CC,CC,TT,TT,TT,TT,CC,CC,CC,CC,TT,CC,TT,CC,CC,CC,TT,TT,TT,TT,CC,TT,TT,CC,TT,TT,TT,TT,TT,TT,TT,CC,TT,TT,CC,CC,TT,TT,TT,TT,TT,TT,TT,CC,CC,TT,CC,CC,CC,CC,CC,CC,TT,TT,TT,TT,CC,TT,CC,TT,TT,CC,CC,TT,CC,TT,TT,TT,TT,CC,TT,CC,TT,CC,TT,TT,CC,CC,CC,CC,CC,CC,TT,TT,TT,TT,TT,CC,TT,TT,TT,TT,TT,TT,TT,TT,CC,CC,CC,CC,CC,CC,CC,CC,TT,TT,CC,CC,TT,CC,CC,TT,TT,TT,CC,CC,CC,CC,CC,CC,CC,CC,CC,CC,CC,CC,TT,CC,CC,CC,CC,CC,CC,CC,CC,CC,CC,CC,CC,CC,CC,CC,CC,CC,CC,CC,CC,TT,TT,TT,TT,CC,TT,CC,CC,TT,TT,TT,TT,TT,TT,TT,CC,CC,CC,TT,CC,TT,CC,TT,TT,CC,TT,CC,TT,CC,TT,TT,TT,TT,TT,TT,TT,CC,CC,CC,CC,CC,CC,CC,CC,CC,CC,CC,CC,CC,CC,TT,TT,TT,TT,CC,CC,TT,TT,TT,TT,CC,CC,CC,TT,TT,TT,TT,TT,CC,CC,CC,CC,CC,CC,TT,CC,CC,CC,CC,TT,TT,CC,CC,TT,TT,TT,TT,TT,CC,CC,TT,TT,TT,TT,CC,CC,CC,TT,TT,CC,CC,TT,TT,TT,TT,TT,TT,CC,CC,CC,CC,CC,CC,TT,TT,CC,CC,CC,CC,TT,CC,CC,CC,TT,CC,TT,TT,CC,TT,TT,TT,TT,NN,CC,CC,CC,TT,CC,CC,CC,TT,CC,TT,CC,TT,TT,TT,TT,CC,CC,TT,TT,TT,NN,TT,TT,TT,TT,TT,TT,CC,CC,CC,CC,CC,CC,CC,CC,CC,CC,CC,CC,CC,CC,CC,CC,CC,TT,TT,TT,TT,CC,CC,CC,TT,TT,TT,TT,TT,TT,TT,TT,NN,CC,CC,CC,CC,TT,CC,CC,CC,CC,CC,CC,CC,CC,TT,TT,TT,TT,TT,TT,TT,TT,TT,TT,TT,TT,TT,TT,TT,CC,CC,CC,TT,CC,CC,TT,TT,TT,CC,TT,CC,CC,CC,CC,CC,CC,CC,TT,TT,TT,CC,CC,CC,CC,TT,TT,TT,TT,TT,TT,TT,TT,TT,TT,CC,TT,TT,CC,TT,CC,CC,CC,CC,CC,CC,CC,CC,TT,TT,CC,CC,CC,CC,CC,CC,CC,CC,CC,CC,CC,TT,CC,CC,TT,TT,CC,CC,TT,CC,TT,CC,TT,TT,TT,TT,CC,CC,CC,CC,CC,CC,CC,CC,CC,CC,NN,CC,CC,CC,CC,CC,CC,CC,TT,TT,TT,TT,TT,TT,CC,CC,TT,TT,CC,TT,TT,TT,CC,CC,CC,CC,CC,CC,CC,TT,TT,TT,CC,CC,CC,CC,TT,TT,TT,TT,TT,TT,TT,TT,TT,CC,TT,TT,TT,TT,CC,CC,CC,CC,CC,TT,TT,TT,CC,CC,CC,CC,TT,TT,CC,TT,CC,TT,TT,CC,CC,CC,CC,CC,CC,TT,CC,CC,TT,TT,CC,CC,CC,TT,TT,TT,CC,TT,TT,TT,TT,TT,TT,CC,CC,CC,CC,CC,TT,CC,TT,TT,TT,TT,CC,TT,CC,TT,CC,TT,CC,CC,TT,CC,CC,TT,CC,CC,TT,CC,CC,TT
IWA7098†,0.59,,AA,AA,AA,AA,AA,AA,AA,AA,AA,AA,AA,AA,AA,AA,AA,AA,AA,CC,AA,AA,AA,AA,AA,AA,AA,AA,AA,AA,AA,AA,AA,CC,AA,AA,AA,AA,AA,AA,AA,AA,AA,AA,CC,CC,AA,AA,AA,CC,AA,AA,CC,AA,AA,AA,AA,CC,CC,CC,CC,AA,AA,AA,AA,CC,AA,AA,AA,AA,AA,AA,AA,CC,AA,CC,AA,CC,AA,AA,AA,AA,AA,AA,AA,CC,AA,AA,AA,AA,CC,AA,AA,AA,CC,AA,AA,AA,AA,AA,AA,CC,AA,AA,AA,AA,CC,AA,AA,AA,CC,AA,AA,AA,AA,AA,AA,AA,AA,AA,CC,AA,AA,AA,AA,AA,AA,AA,CC,AA,AA,AA,AA,AA,AA,AA,AA,AA,AA,AA,AA,AA,AA,CC,AA,AA,AA,AA,AA,AA,AA,AA,AA,AA,AA,CC,AA,AA,CC,CC,CC,AA,AA,AA,CC,CC,AA,AA,AA,AA,CC,AA,CC,AA,AA,AA,AA,AA,AA,AA,AA,AA,AA,AA,CC,AA,AA,AA,AA,AA,AA,AA,AA,CC,AA,CC,CC,CC,CC,CC,AA,AA,AA,AA,AA,AA,AA,CC,AA,AA,AA,AA,CC,AA,CC,CC,CC,AA,AA,AA,AA,AA,AA,AA,AA,AA,CC,AA,CC,AA,AA,AA,AA,AA,AA,AA,AA,AA,AA,AA,AA,AA,AA,AA,AA,CC,AA,AA,AA,AA,AA,CC,AA,AA,AA,AA,AA,AA,AA,AA,AA,AA,AA,AA,AA,CC,AA,CC,AA,AA,CC,AA,AA,AA,CC,AA,AA,CC,AA,AA,AA,AA,AA,AA,AA,AA,AA,AA,AA,AA,AA,AA,CC,AA,CC,AA,AA,AA,AA,AA,CC,CC,NN,CC,AA,AA,AA,CC,CC,CC,AA,CC,CC,AA,AA,CC,AA,AA,CC,AA,AA,AA,AA,AA,CC,CC,AA,AA,AA,AA,AA,AA,AA,CC,CC,CC,CC,AA,AA,AA,CC,NN,AA,CC,AA,AA,AA,AA,AA,AA,AA,AA,NN,CC,AA,AA,CC,CC,AA,AA,AA,CC,AA,AA,AA,AA,NN,AA,AA,AA,AA,AA,AA,CC,CC,CC,CC,AA,CC,CC,AA,AA,CC,AA,CC,AA,CC,CC,CC,AA,CC,CC,AA,AA,AA,AA,CC,AA,AA,AA,AA,AA,AA,AA,AA,CC,AA,NN,AA,CC,AA,AA,NN,CC,AA,AA,AA,AA,CC,CC,CC,CC,CC,AA,AA,AA,AA,AA,AA,AA,AA,AA,CC,CC,AA,AA,CC,CC,CC,AA,AA,CC,AA,CC,AA,AA,AA,CC,AA,AA,AA,AA,CC,CC,CC,AA,AA,CC,AA,AA,AA,CC,CC,AA,AA,AA,CC,AA,AA,AA,AA,AA,AA,AA,AA,AA,CC,AA,AA,AA,CC,AA,AA,AA,AA,CC,AA,CC,CC,AA,AA,AA,AA,AA,AA,AA,AA,AA,CC,AA,CC,AA,CC,AA,CC,CC,AA,AA,AA,AA,CC,CC,CC,AA,AA,AA,AA,AA,AA,AA,CC,AA,CC,CC,CC,AA,AA,AA,CC,AA,CC,AA,CC,AA,CC,CC,AA,AA,AA,AA,CC,CC,CC,CC,AA,AA,CC,CC,CC,AA,CC,NN,CC,AA,CC,CC,AA,AA,AA,CC,AA,AA,AA,CC,AA,AA,AA,CC,CC,CC,CC,CC,CC,CC,CC,CC,CC,CC,AA,AA,AA,AA,AA,AA,AA,CC,NN,CC,AA,AA,AA,CC,CC,CC,AA,AA,AA,AA,AA,CC,CC,AA,AA,CC,CC,CC,AA,CC,AA,CC,AA,CC,CC,CC,AA,AA,AA,CC,CC,AA,CC,AA,CC,CC,AA,AA,AA,AA,AA,AA,CC,CC,CC,CC,AA,CC,CC,AA,AA,AA,CC,AA,CC,CC,AA,AA,CC,CC,CC,CC,CC,AA,CC,CC,CC,CC,CC,AA,CC,AA,AA,AA,CC,CC,CC,CC,AA,AA,AA,AA,CC,CC,AA,NN,AA,CC,CC,CC,AA,CC,AA,AA,AA,CC,AA,CC,CC,AA,AA,CC,CC,AA,AA,AA,AA,CC,AA,AA,AA,CC,CC,CC,CC,CC,CC,AA,AA,CC,AA,CC,CC,AA,AA,AA,CC,AA,AA,AA,AA,CC,CC,AA,AA,AA,CC,CC,AA,CC,AA,AA,AA,AA,AA,AA,AA,AA,AA,AA,AA,CC,AA,AA,AA,AA,AA,AA,AA,CC,CC,CC,AA,CC,CC,CC,CC,AA,CC,CC,CC,AA,AA,AA,AA,AA,AA,AA,CC,CC,AA,AA,CC,CC,CC,AA,CC,AA,AA,CC,CC,CC,CC,CC,CC,NN,CC,CC,AA,CC,CC,AA,AA,AA,AA,AA,AA,AA,AA,AA,CC,CC,CC,CC,AA,CC,AA,CC,CC,AA,NN,CC,CC,CC,CC,CC,AA,AA,AA,CC,AA,AA,CC,AA,CC,AA,AA,AA,AA,CC,CC,CC,CC,CC,CC,CC,AA,AA,CC,AA,CC,CC,CC,CC,CC,CC,AA,CC,CC,CC,CC,AA,AA,CC,AA,AA,AA,AA,CC,AA,AA,AA,AA,AA,AA,AA,AA,AA,CC,CC,CC,CC,CC,CC,CC,AA,AA,CC,CC,AA,CC,AA,NN,CC,AA,AA,AA,AA,CC,AA,CC,AA,CC,AA,AA,AA,CC,CC,CC,CC,CC,CC,CC,CC,AA,AA,CC,CC,CC,CC,AA,NN,CC,CC,CC,AA,CC,CC,AA,AA,CC,AA,AA,AA,AA,AA,AA,CC,AA,CC,CC,AA,AA,AA,CC,AA,CC,CC,CC,CC,CC,CC,NN,CC,CC,CC,AA,AA,CC,CC,AA,CC,AA,AA,AA,AA,CC,AA,CC,CC,CC,AA,AA,CC,AA,AA,CC,CC,CC,AA,AA,CC,AA,CC,CC,CC,CC,CC,AA,AA,CC,AA,CC,AA,AA,AA,AA,AA,AA,CC,CC,AA,AA,AA,CC,CC,AA,CC,AA,CC,AA,CC,CC,CC,CC,AA,CC,CC,CC,CC,CC,AA,CC,AA,AA,CC,AA,AA,CC,CC,CC,AA,CC,AA,CC,AA,AA,AA,CC,AA,CC,CC,CC,CC,AA,AA,AA,AA,CC,CC,AA,CC,AA,AA,CC,CC,CC,CC,CC,CC,CC,CC,CC,CC,CC,CC,AA,CC,CC,CC,CC,AA,AA,AA,AA,CC,CC,CC,CC,CC,CC,CC,CC,CC,CC,CC,CC,CC,CC,AA,AA,CC,AA,AA,AA,CC,CC,CC,CC,AA,CC,CC,CC,CC,AA,CC,CC,CC,AA,AA,CC,CC,CC,AA,AA,AA,AA,CC,CC,CC,CC,AA,CC,AA,CC,CC,CC,AA,AA,CC,AA,AA,CC,AA,AA,CC,CC,CC,CC,AA,AA,AA,CC,CC,AA,CC,CC,CC,AA,AA,CC,AA,CC,CC,AA,CC,CC,CC,CC,AA,AA,CC,AA,CC,AA,CC,CC,CC,CC,CC,AA,CC,AA,CC,CC,CC,CC,AA,AA,AA,CC,AA,AA,CC,CC,CC,AA,CC,AA
IWA6360*,0.27,,TT,GG,GG,TT,TT,GG,TT,TT,TT,TT,TT,TT,TT,TT,TT,TT,GG,TT,TT,TT,TT,TT,TT,TT,TT,TT,TT,TT,TT,TT,GG,TT,TT,TT,GG,TT,TT,TT,TT,TT,TT,GG,TT,TT,GG,GG,TT,GG,TT,GG,TT,TT,TT,TT,TT,TT,TT,TT,TT,GG,TT,TT,TT,TT,TT,TT,TT,TT,GG,TT,TT,TT,GG,TT,TT,TT,TT,TT,GG,GG,GG,GG,TT,TT,TT,GG,GG,TT,TT,GG,GG,GG,TT,TT,TT,TT,GG,TT,TT,TT,TT,TT,TT,TT,GG,TT,TT,GG,TT,GG,GG,GG,GG,TT,TT,TT,GG,GG,TT,TT,TT,TT,TT,TT,TT,TT,TT,GG,GG,GG,TT,TT,TT,TT,TT,TT,TT,TT,TT,TT,TT,TT,TT,TT,TT,TT,GG,GG,GG,GG,TT,TT,TT,GG,TT,TT,GG,TT,TT,GG,GG,TT,TT,TT,TT,TT,TT,TT,GG,TT,GG,GG,TT,TT,TT,TT,TT,GG,TT,GG,TT,TT,TT,TT,GG,TT,TT,TT,TT,TT,TT,TT,NN,GG,TT,TT,TT,TT,TT,TT,TT,TT,TT,TT,GG,GG,TT,TT,TT,TT,TT,TT,TT,GG,TT,TT,GG,TT,TT,GG,GG,TT,TT,GG,TT,GG,GG,GG,GG,GG,TT,TT,TT,GG,TT,TT,TT,TT,TT,GG,TT,TT,TT,TT,TT,TT,TT,TT,TT,GG,GG,TT,TT,TT,TT,TT,TT,TT,TT,TT,GG,TT,TT,GG,TT,GG,GG,TT,GG,TT,GG,TT,TT,GG,GG,TT,GG,TT,TT,TT,TT,TT,GG,TT,TT,TT,TT,GG,GG,TT,GG,GG,TT,TT,TT,TT,TT,TT,TT,GG,TT,TT,TT,GG,TT,TT,TT,TT,TT,TT,TT,TT,TT,TT,TT,TT,GG,TT,TT,TT,TT,TT,TT,TT,TT,TT,TT,TT,TT,GG,GG,GG,TT,TT,TT,TT,TT,GG,TT,TT,TT,TT,TT,GG,TT,TT,TT,TT,GG,TT,GG,GG,TT,TT,TT,TT,TT,TT,TT,TT,TT,TT,TT,TT,GG,TT,TT,TT,TT,TT,TT,TT,TT,TT,TT,GG,TT,TT,TT,GG,GG,TT,GG,GG,TT,GG,TT,TT,TT,TT,TT,TT,TT,TT,GG,TT,TT,TT,TT,TT,TT,TT,GG,TT,GG,TT,TT,GG,TT,GG,TT,TT,TT,TT,TT,TT,TT,TT,TT,GG,TT,GG,TT,GG,GG,TT,TT,TT,TT,TT,GG,TT,TT,TT,TT,GG,TT,TT,TT,TT,TT,TT,TT,TT,TT,TT,GG,TT,TT,TT,TT,TT,TT,TT,TT,TT,TT,TT,TT,GG,GG,TT,TT,TT,TT,TT,TT,TT,TT,GG,TT,TT,GG,TT,TT,TT,TT,TT,TT,TT,TT,TT,TT,TT,GG,TT,TT,GG,TT,GG,GG,GG,TT,TT,TT,TT,TT,GG,TT,TT,TT,TT,GG,TT,TT,GG,GG,GG,GG,GG,TT,TT,GG,GG,TT,TT,GG,TT,GG,TT,TT,GG,TT,TT,TT,GG,TT,GG,TT,TT,TT,TT,TT,TT,TT,TT,GG,TT,TT,TT,GG,TT,TT,GG,TT,GG,GG,TT,TT,TT,TT,GG,TT,TT,GG,TT,GG,TT,GG,TT,GG,GG,GG,GG,TT,TT,TT,TT,TT,TT,TT,GG,TT,TT,TT,TT,TT,TT,TT,TT,TT,GG,GG,TT,TT,TT,TT,TT,TT,TT,TT,TT,TT,TT,GG,TT,TT,TT,TT,TT,GG,TT,TT,TT,TT,TT,TT,TT,TT,TT,GG,TT,GG,GG,GG,TT,GG,TT,TT,TT,TT,GG,TT,TT,TT,TT,TT,TT,TT,TT,TT,GG,TT,TT,GG,GG,TT,GG,TT,TT,TT,TT,GG,GG,GG,GG,GG,TT,GG,GG,TT,TT,TT,TT,TT,GG,TT,GG,TT,GG,TT,TT,TT,TT,TT,TT,TT,TT,TT,TT,GG,TT,TT,TT,TT,TT,GG,GG,GG,TT,TT,TT,TT,TT,GG,TT,TT,TT,TT,TT,TT,TT,TT,TT,TT,GG,TT,TT,GG,GG,GG,GG,GG,GG,TT,GG,GG,TT,TT,TT,TT,TT,TT,TT,TT,GG,GG,GG,TT,GG,TT,GG,TT,GG,GG,TT,GG,TT,GG,GG,GG,GG,GG,GG,TT,GG,GG,TT,GG,GG,GG,TT,GG,GG,GG,TT,TT,TT,TT,TT,TT,GG,TT,TT,TT,TT,TT,TT,TT,TT,TT,TT,TT,TT,NN,TT,TT,TT,TT,TT,TT,TT,TT,TT,TT,TT,TT,TT,TT,TT,TT,TT,TT,GG,GG,GG,GG,GG,GG,GG,GG,GG,GG,GG,GG,TT,TT,TT,TT,TT,TT,TT,TT,TT,GG,GG,TT,TT,GG,TT,TT,TT,TT,TT,TT,GG,GG,TT,GG,TT,GG,GG,GG,TT,GG,TT,TT,GG,TT,TT,TT,TT,TT,TT,TT,TT,TT,TT,TT,TT,TT,TT,GG,TT,TT,TT,TT,TT,TT,TT,TT,TT,TT,GG,GG,GG,TT,TT,TT,TT,TT,GG,GG,TT,TT,TT,GG,GG,GG,TT,TT,TT,TT,GG,GG,TT,TT,TT,TT,GG,TT,TT,TT,TT,GG,TT,TT,TT,TT,TT,TT,TT,GG,TT,TT,TT,TT,TT,TT,TT,TT,TT,TT,TT,TT,TT,TT,GG,TT,GG,GG,TT,TT,GG,TT,TT,GG,TT,TT,GG,GG,TT,GG,TT,TT,TT,TT,TT,GG,TT,TT,TT,TT,TT,TT,TT,TT,TT,TT,TT,TT,TT,GG,TT,GG,TT,TT,TT,TT,TT,TT,TT,TT,TT,TT,TT,TT,TT,TT,TT,TT,TT,TT,TT,TT,TT,TT,TT,TT,TT,TT,TT,TT,TT,TT,TT,TT,TT,TT,GG,TT,GG,TT,TT,TT,GG,GG,TT,GG,GG,GG,GG,TT,TT,TT,TT,TT,GG,GG,TT,TT,TT,GG,TT,TT,GG,GG,TT,TT,TT,TT,GG,TT,TT,TT,TT,GG,GG,TT,TT,GG,GG,TT,GG,TT,GG,GG,GG,TT,GG,TT,TT,GG,GG,TT,TT,TT,TT,GG,TT,TT,TT,TT,GG,TT,TT,TT,TT,GG,TT,TT,TT,GG,TT,TT,TT,GG,GG,GG,TT,TT,TT,TT,TT,TT,TT,TT,GG,TT,TT,TT,TT,TT,TT,TT,TT,GG,TT,TT,GG,TT,TT,TT,GG,TT,TT,TT,TT,TT,TT,TT,GG,TT,TT,GG,TT,TT,TT,GG,TT,TT,TT,TT,GG,TT,TT,TT,GG,TT,TT,GG,TT,TT,GG,GG,TT,TT,TT,TT,TT,TT,TT,TT,GG,GG,GG,GG,GG,TT,TT,GG,GG,GG,TT,TT,GG,TT,TT,TT,TT,GG,TT,TT,TT,GG,TT,GG,TT,TT,GG,TT,TT,TT,TT,TT,TT,TT,TT,GG,TT,TT,TT,TT,GG,TT,TT,TT,GG,TT,GG,TT,TT,TT,GG,TT
IWA4307*,0.14,,GG,AA,AA,AA,AA,GG,AA,AA,GG,GG,GG,GG,GG,AA,AA,AA,AA,GG,GG,AA,AA,GG,GG,GG,AA,GG,AA,AA,AA,GG,AA,AA,GG,GG,AA,AA,GG,AA,GG,AA,GG,GG,GG,GG,GG,GG,AA,GG,AA,GG,GG,AA,AA,GG,AA,GG,GG,GG,GG,GG,AA,AA,GG,AA,AA,AA,AA,AA,AA,AA,GG,GG,GG,GG,AA,GG,GG,GG,GG,GG,GG,GG,GG,GG,GG,GG,AA,AA,GG,GG,GG,GG,GG,AA,AA,AA,GG,AA,AA,AA,GG,AA,AA,AA,GG,GG,GG,GG,GG,GG,GG,GG,GG,AA,GG,GG,GG,GG,GG,GG,GG,GG,GG,GG,AA,GG,GG,GG,GG,GG,AA,GG,GG,GG,AA,GG,AA,AA,GG,GG,AA,GG,AA,GG,AA,GG,AA,GG,GG,GG,GG,GG,GG,GG,GG,AA,AA,GG,GG,GG,GG,AA,GG,GG,GG,AA,AA,GG,AA,AA,AA,AA,GG,GG,GG,GG,GG,GG,GG,GG,GG,AA,GG,AA,GG,GG,GG,AA,GG,GG,AA,GG,GG,GG,GG,GG,GG,GG,AA,GG,AA,AA,GG,GG,GG,GG,GG,GG,GG,AA,AA,AA,GG,GG,GG,GG,GG,GG,GG,GG,GG,AA,GG,GG,GG,GG,GG,GG,GG,GG,AA,AA,AA,GG,AA,AA,GG,AA,GG,GG,GG,GG,GG,GG,GG,GG,AA,GG,GG,GG,GG,GG,GG,GG,GG,GG,GG,GG,GG,GG,GG,AA,GG,GG,GG,GG,GG,GG,GG,GG,GG,GG,GG,GG,GG,AA,GG,GG,GG,AA,AA,AA,AA,GG,GG,GG,GG,GG,GG,GG,GG,GG,AA,GG,GG,GG,GG,AA,GG,GG,GG,AA,GG,GG,GG,GG,GG,GG,GG,GG,GG,GG,AA,GG,GG,GG,GG,AA,AA,GG,GG,GG,GG,AA,GG,AA,GG,AA,GG,GG,GG,GG,GG,AA,GG,GG,GG,GG,GG,GG,GG,GG,GG,GG,GG,AA,GG,GG,GG,AA,GG,GG,GG,GG,GG,GG,GG,AA,GG,GG,GG,AA,GG,GG,AA,AA,GG,GG,GG,GG,AA,GG,AA,GG,GG,GG,GG,GG,AA,GG,GG,GG,GG,GG,GG,GG,GG,GG,GG,GG,GG,GG,GG,GG,GG,AA,GG,AA,GG,GG,AA,AA,GG,GG,GG,GG,AA,GG,GG,GG,GG,AA,GG,GG,AA,GG,AA,GG,GG,GG,GG,GG,GG,GG,GG,GG,GG,AA,AA,AA,GG,GG,GG,GG,GG,GG,GG,GG,GG,GG,GG,GG,AA,GG,GG,GG,AA,GG,AA,GG,GG,GG,AA,GG,GG,GG,GG,GG,GG,GG,GG,GG,GG,AA,GG,GG,AA,AA,GG,GG,GG,GG,GG,GG,GG,GG,GG,GG,AA,GG,AA,AA,GG,GG,GG,AA,GG,GG,GG,GG,GG,GG,GG,GG,GG,GG,GG,GG,GG,GG,GG,GG,GG,GG,AA,GG,GG,AA,GG,GG,AA,GG,GG,GG,GG,GG,GG,GG,GG,GG,GG,GG,GG,AA,GG,GG,GG,GG,GG,GG,GG,GG,GG,AA,GG,GG,GG,GG,GG,GG,GG,AA,GG,GG,GG,GG,GG,GG,GG,GG,GG,GG,GG,GG,GG,GG,GG,GG,GG,GG,GG,GG,GG,GG,GG,GG,GG,GG,GG,GG,GG,GG,GG,GG,GG,GG,NN,AA,GG,GG,GG,GG,GG,GG,AA,GG,GG,GG,GG,GG,GG,GG,GG,GG,GG,GG,GG,GG,GG,GG,GG,GG,GG,GG,AA,GG,GG,GG,GG,GG,GG,GG,GG,GG,GG,GG,GG,GG,GG,GG,GG,GG,GG,GG,AA,GG,GG,GG,GG,GG,GG,GG,GG,GG,GG,AA,GG,GG,GG,GG,GG,GG,GG,GG,GG,GG,GG,GG,GG,GG,GG,GG,GG,GG,GG,GG,GG,GG,GG,GG,GG,GG,GG,GG,GG,GG,GG,GG,GG,GG,GG,GG,GG,GG,GG,GG,GG,GG,GG,GG,GG,GG,GG,GG,GG,GG,GG,GG,GG,GG,GG,GG,GG,GG,AA,GG,GG,GG,GG,GG,GG,GG,GG,GG,GG,GG,GG,GG,AA,AA,GG,GG,GG,GG,GG,GG,GG,GG,GG,GG,GG,GG,GG,GG,GG,GG,GG,GG,GG,GG,GG,GG,GG,GG,GG,GG,GG,GG,GG,GG,GG,GG,GG,GG,GG,GG,GG,GG,GG,GG,GG,GG,GG,GG,GG,GG,GG,GG,GG,AA,GG,GG,GG,GG,GG,GG,GG,GG,GG,GG,GG,GG,GG,GG,GG,GG,GG,GG,GG,GG,GG,GG,GG,GG,GG,GG,GG,GG,GG,GG,GG,GG,GG,GG,GG,GG,GG,GG,GG,GG,GG,GG,GG,GG,GG,GG,GG,GG,GG,GG,AA,GG,GG,GG,GG,GG,GG,GG,GG,GG,GG,GG,GG,GG,GG,GG,GG,GG,GG,GG,GG,GG,GG,GG,GG,GG,GG,GG,GG,AA,GG,GG,GG,GG,GG,GG,GG,AA,AA,AA,GG,GG,AA,GG,GG,GG,GG,GG,GG,GG,GG,GG,GG,GG,GG,GG,GG,GG,GG,GG,GG,GG,GG,GG,GG,NN,GG,AA,GG,GG,GG,GG,GG,GG,GG,GG,GG,GG,GG,GG,GG,GG,AA,GG,GG,GG,AA,AA,GG,GG,GG,GG,AA,GG,GG,GG,GG,GG,GG,GG,GG,GG,GG,GG,GG,GG,GG,GG,GG,GG,GG,GG,GG,GG,GG,GG,GG,GG,GG,GG,GG,AA,GG,GG,GG,GG,GG,GG,GG,GG,GG,GG,GG,GG,GG,GG,GG,GG,GG,GG,GG,GG,GG,GG,GG,GG,GG,GG,GG,GG,GG,GG,GG,GG,GG,GG,GG,GG,GG,GG,GG,GG,GG,GG,GG,GG,GG,AA,GG,GG,GG,GG,GG,GG,GG,GG,GG,GG,GG,GG,GG,GG,GG,GG,GG,GG,GG,GG,GG,GG,GG,GG,GG,GG,GG,GG,GG,GG,GG,GG,GG,GG,GG,GG,GG,GG,GG,GG,GG,GG,GG,GG,GG,GG,GG,GG,GG,GG,GG,GG,GG,GG,GG,GG,GG,GG,GG,GG,GG,GG,GG,GG,GG,GG,GG,GG,GG,GG,GG,GG,GG,GG,GG,GG,GG,GG,GG,GG,GG,GG,GG,GG,GG,GG,GG,GG,GG,AA,GG,GG,GG,GG,GG,GG,GG,GG,GG,GG,GG,GG,GG,GG,GG,GG,GG,GG,GG,GG,GG,GG,GG,GG,GG,GG,GG,GG,GG,GG,GG,GG,GG,GG,GG,GG,GG,GG,GG,GG,GG,GG,GG,GG,GG,GG,GG,GG,GG,GG,AA,GG,GG,GG,GG,GG,GG,GG,GG,GG,GG,GG,GG,GG,GG,GG,GG,GG,GG,GG,GG,GG,GG,GG,GG,GG,GG,GG,GG,GG,GG,GG,GG,GG,GG,GG,GG,GG,GG,GG,GG,GG,GG,GG,AA,GG,GG,GG,GG,GG,GG,GG,GG,GG,GG,GG,GG
IWA954†,0.78,,AA,AA,AA,AA,AA,AA,AA,AA,AA,AA,AA,AA,AA,AA,AA,AA,AA,AA,AA,AA,AA,AA,AA,AA,AA,AA,AA,AA,AA,AA,AA,AA,AA,AA,AA,AA,AA,AA,AA,AA,AA,AA,AA,AA,GG,GG,GG,GG,AA,AA,AA,AA,AA,AA,AA,GG,GG,GG,GG,GG,GG,AA,AA,AA,AA,AA,GG,AA,AA,AA,AA,AA,AA,GG,GG,AA,AA,AA,AA,AA,AA,AA,AA,GG,GG,GG,AA,AA,AA,GG,GG,GG,AA,AA,GG,AA,AA,AA,AA,AA,AA,AA,AA,AA,AA,GG,AA,AA,GG,GG,GG,GG,GG,AA,AA,AA,GG,GG,AA,GG,AA,AA,AA,AA,AA,AA,AA,GG,GG,GG,AA,AA,AA,AA,AA,AA,AA,AA,AA,AA,AA,AA,AA,AA,AA,AA,GG,AA,AA,GG,AA,AA,AA,AA,AA,AA,AA,AA,GG,AA,AA,AA,AA,AA,AA,AA,AA,AA,AA,AA,AA,AA,AA,AA,AA,AA,GG,AA,AA,AA,AA,AA,AA,AA,AA,AA,AA,AA,AA,AA,AA,AA,AA,AA,AA,AA,AA,GG,AA,GG,AA,AA,AA,AA,GG,AA,AA,AA,AA,AA,GG,AA,GG,AA,GG,AA,AA,AA,AA,GG,AA,AA,AA,GG,AA,AA,AA,AA,AA,AA,AA,GG,AA,AA,AA,AA,AA,AA,AA,AA,AA,GG,GG,AA,AA,AA,AA,AA,AA,GG,AA,AA,AA,AA,AA,AA,AA,GG,GG,AA,AA,AA,AA,AA,AA,AA,AA,AA,AA,AA,GG,AA,AA,AA,AA,AA,AA,GG,AA,AA,AA,AA,AA,AA,AA,GG,GG,AA,AA,AA,GG,AA,AA,AA,AA,GG,AA,AA,AA,AA,AA,GG,AA,AA,GG,GG,AA,GG,AA,AA,AA,AA,AA,AA,AA,AA,GG,AA,AA,AA,AA,GG,AA,AA,GG,AA,GG,AA,AA,AA,AA,AA,AA,GG,AA,AA,AA,AA,AA,AA,AA,AA,AA,AA,AA,AA,GG,AA,AA,AA,AA,AA,GG,GG,AA,AA,AA,AA,GG,AA,AA,GG,AA,AA,AA,AA,AA,AA,GG,AA,GG,AA,GG,AA,GG,GG,AA,GG,AA,AA,AA,GG,GG,GG,GG,GG,AA,GG,AA,AA,GG,GG,AA,AA,GG,AA,AA,AA,AA,AA,AA,AA,GG,GG,AA,GG,AA,AA,AA,GG,GG,AA,AA,AA,AA,AA,GG,AA,GG,AA,AA,AA,AA,GG,AA,AA,AA,AA,AA,AA,AA,GG,AA,AA,GG,AA,AA,AA,AA,GG,AA,AA,AA,GG,AA,AA,GG,GG,AA,GG,AA,AA,AA,AA,AA,AA,AA,AA,AA,AA,GG,GG,AA,AA,GG,AA,AA,AA,AA,AA,AA,AA,AA,AA,GG,AA,AA,AA,AA,GG,AA,AA,GG,GG,GG,AA,AA,GG,GG,AA,AA,AA,AA,AA,AA,AA,AA,AA,GG,GG,AA,AA,AA,AA,AA,AA,AA,AA,AA,AA,AA,AA,AA,GG,AA,GG,AA,GG,AA,AA,AA,GG,AA,AA,GG,GG,GG,AA,AA,AA,AA,GG,AA,GG,AA,AA,AA,AA,AA,GG,GG,AA,AA,GG,AA,AA,GG,AA,AA,GG,AA,AA,GG,AA,AA,GG,GG,AA,AA,AA,AA,AA,AA,NN,AA,AA,AA,AA,AA,AA,AA,AA,AA,AA,AA,AA,AA,GG,GG,GG,AA,GG,AA,GG,AA,AA,GG,AA,AA,GG,AA,AA,AA,GG,GG,AA,AA,AA,AA,AA,AA,AA,AA,AA,AA,AA,AA,AA,AA,GG,AA,GG,AA,AA,AA,GG,AA,AA,AA,AA,AA,AA,AA,GG,AA,AA,AA,AA,AA,GG,GG,GG,GG,GG,AA,GG,AA,AA,GG,GG,GG,AA,AA,AA,AA,AA,AA,AA,AA,AA,GG,AA,AA,AA,AA,AA,GG,AA,AA,GG,GG,GG,GG,AA,AA,AA,AA,AA,GG,AA,AA,GG,AA,AA,GG,AA,AA,AA,AA,AA,AA,AA,AA,AA,AA,GG,GG,AA,GG,AA,AA,AA,AA,AA,AA,GG,AA,GG,GG,GG,GG,GG,AA,AA,AA,AA,GG,AA,AA,GG,GG,AA,AA,GG,AA,AA,AA,AA,AA,AA,AA,AA,AA,AA,AA,AA,AA,AA,AA,AA,AA,AA,AA,AA,AA,AA,AA,AA,AA,AA,AA,AA,AA,AA,AA,AA,GG,AA,AA,GG,AA,AA,AA,GG,GG,AA,GG,GG,GG,AA,AA,AA,AA,AA,AA,AA,GG,AA,AA,GG,AA,AA,AA,GG,AA,AA,AA,AA,AA,AA,AA,GG,AA,AA,AA,AA,AA,AA,AA,AA,AA,AA,AA,AA,AA,AA,AA,AA,AA,AA,GG,GG,GG,AA,AA,AA,AA,AA,AA,AA,AA,GG,GG,AA,AA,AA,AA,AA,AA,AA,AA,AA,AA,AA,AA,GG,AA,AA,AA,AA,GG,AA,AA,AA,AA,AA,AA,AA,AA,GG,GG,GG,AA,GG,GG,AA,AA,GG,GG,AA,GG,GG,AA,AA,AA,AA,AA,AA,AA,AA,AA,AA,AA,AA,AA,AA,AA,AA,AA,AA,GG,AA,AA,AA,GG,AA,AA,AA,AA,AA,AA,AA,AA,AA,NN,GG,AA,AA,AA,AA,GG,AA,AA,AA,AA,GG,GG,AA,AA,GG,GG,AA,AA,AA,AA,AA,AA,AA,AA,AA,AA,AA,AA,AA,AA,AA,AA,AA,AA,AA,AA,AA,AA,GG,AA,GG,AA,GG,AA,AA,AA,AA,GG,AA,AA,AA,AA,AA,GG,AA,AA,AA,AA,AA,AA,AA,AA,AA,AA,AA,AA,AA,GG,GG,AA,AA,GG,GG,AA,GG,GG,AA,GG,AA,AA,AA,AA,GG,AA,AA,AA,GG,AA,AA,AA,GG,GG,AA,GG,AA,AA,AA,AA,AA,AA,AA,AA,AA,GG,AA,AA,AA,GG,GG,AA,AA,GG,GG,AA,AA,AA,AA,AA,GG,AA,AA,AA,AA,AA,AA,AA,AA,AA,AA,AA,AA,AA,AA,AA,AA,AA,AA,AA,AA,AA,AA,AA,AA,AA,AA,GG,GG,AA,GG,AA,GG,AA,AA,GG,AA,GG,GG,AA,AA,AA,AA,AA,AA,AA,AA,AA,AA,AA,AA,AA,AA,AA,AA,AA,AA,AA,GG,AA,AA,GG,GG,GG,GG,GG,GG,AA,GG,GG,AA,AA,AA,AA,AA,AA,AA,AA,AA,AA,AA,AA,AA,AA,AA,GG,GG,GG,GG,GG,GG,AA,AA,AA,GG,AA,GG,AA,AA,GG,AA,AA,AA,AA,AA,AA,AA,AA,AA,AA,AA,AA,AA,AA,GG,AA,AA,AA,AA,AA,AA,AA,AA,AA,AA,AA,AA,AA,AA,AA,AA,AA,AA,AA,AA,AA,GG,AA,AA,AA,AA,AA,AA,AA,AA,AA,AA,AA,AA,AA,AA,GG,GG,AA,AA,AA,AA,GG,GG,AA,AA,AA,AA,AA,AA,AA,AA,GG,AA,AA,AA,AA
IWA3737†,0.90,,CC,CC,CC,CC,AA,CC,CC,CC,CC,CC,CC,CC,CC,CC,CC,CC,CC,CC,CC,CC,CC,CC,CC,CC,CC,CC,CC,CC,CC,CC,CC,CC,CC,CC,CC,CC,CC,CC,CC,CC,CC,CC,CC,CC,CC,CC,CC,CC,CC,CC,CC,CC,CC,CC,CC,CC,CC,CC,CC,CC,AA,CC,CC,CC,CC,CC,CC,CC,AA,CC,AA,CC,CC,CC,CC,CC,CC,CC,CC,CC,CC,CC,CC,CC,CC,CC,CC,CC,CC,CC,CC,CC,CC,CC,AA,CC,CC,CC,CC,CC,CC,CC,CC,CC,CC,CC,AA,CC,CC,CC,CC,CC,CC,AA,CC,CC,CC,CC,CC,CC,CC,CC,CC,CC,CC,AA,CC,CC,CC,CC,CC,CC,CC,CC,CC,CC,CC,CC,CC,AA,CC,CC,CC,CC,AA,CC,CC,CC,CC,CC,CC,CC,CC,CC,CC,CC,CC,CC,CC,CC,CC,CC,CC,CC,CC,CC,CC,CC,CC,CC,CC,CC,CC,CC,CC,CC,CC,CC,CC,CC,CC,AA,CC,CC,CC,CC,CC,CC,CC,CC,CC,AA,AA,CC,CC,CC,CC,CC,CC,CC,CC,CC,CC,CC,CC,CC,CC,CC,AA,AA,CC,CC,CC,CC,CC,CC,CC,CC,CC,CC,CC,CC,CC,CC,CC,CC,CC,CC,CC,CC,CC,CC,CC,CC,CC,CC,AA,AA,AA,CC,CC,CC,AA,CC,CC,CC,CC,AA,CC,CC,CC,CC,CC,CC,CC,CC,CC,CC,CC,CC,CC,CC,CC,CC,CC,CC,CC,CC,CC,CC,CC,CC,CC,CC,CC,CC,CC,CC,CC,AA,CC,CC,CC,CC,CC,AA,CC,CC,CC,CC,CC,CC,CC,CC,CC,CC,CC,CC,CC,CC,CC,CC,CC,AA,CC,CC,CC,CC,CC,CC,CC,AA,CC,CC,CC,CC,CC,CC,CC,CC,AA,CC,CC,CC,AA,CC,AA,CC,CC,CC,CC,CC,CC,CC,CC,AA,AA,CC,CC,CC,AA,CC,CC,AA,CC,AA,CC,CC,CC,CC,CC,CC,CC,CC,CC,CC,CC,AA,CC,CC,CC,CC,CC,CC,AA,CC,AA,CC,CC,CC,CC,CC,CC,CC,CC,AA,AA,CC,NN,AA,CC,CC,CC,CC,CC,CC,CC,CC,CC,CC,CC,CC,AA,CC,CC,AA,CC,CC,AA,AA,AA,CC,CC,AA,CC,CC,CC,CC,CC,CC,CC,AA,CC,CC,NN,CC,CC,CC,CC,CC,CC,CC,CC,CC,CC,CC,CC,AA,AA,AA,CC,CC,CC,CC,CC,CC,CC,CC,AA,CC,CC,CC,CC,CC,AA,CC,CC,CC,AA,CC,CC,CC,CC,CC,CC,CC,CC,CC,CC,CC,CC,CC,CC,AA,CC,CC,CC,CC,CC,CC,CC,CC,CC,CC,CC,CC,CC,CC,CC,CC,AA,AA,CC,AA,AA,AA,CC,CC,CC,CC,CC,CC,CC,CC,CC,CC,AA,CC,CC,CC,AA,CC,CC,CC,CC,CC,CC,AA,CC,CC,CC,AA,CC,CC,CC,CC,CC,CC,CC,CC,CC,CC,CC,CC,CC,CC,CC,CC,CC,AA,AA,AA,CC,CC,CC,CC,CC,CC,AA,CC,CC,CC,CC,CC,CC,CC,CC,CC,CC,CC,CC,CC,CC,CC,CC,CC,CC,CC,CC,AA,CC,CC,CC,CC,CC,CC,CC,CC,CC,CC,CC,CC,CC,CC,CC,CC,CC,AA,CC,CC,CC,CC,CC,CC,AA,CC,CC,CC,CC,CC,CC,CC,CC,CC,CC,CC,CC,CC,CC,CC,CC,CC,AA,CC,AA,CC,CC,CC,CC,CC,CC,CC,CC,CC,CC,CC,AA,CC,CC,CC,CC,CC,CC,CC,AA,CC,CC,CC,CC,CC,CC,CC,CC,CC,AA,AA,AA,CC,CC,CC,CC,CC,CC,CC,CC,CC,CC,CC,CC,CC,CC,CC,CC,AA,CC,CC,CC,CC,CC,AA,CC,CC,CC,CC,CC,CC,CC,CC,CC,CC,CC,AA,CC,CC,CC,CC,CC,CC,CC,CC,CC,CC,CC,CC,CC,CC,CC,CC,CC,CC,CC,AA,AA,CC,AA,CC,CC,CC,CC,CC,CC,CC,CC,CC,AA,CC,CC,CC,CC,AA,AA,CC,CC,AA,CC,CC,CC,CC,CC,CC,CC,CC,CC,CC,CC,CC,CC,CC,CC,CC,CC,CC,CC,CC,CC,CC,CC,CC,CC,CC,CC,CC,CC,CC,CC,CC,CC,CC,CC,CC,AA,CC,CC,CC,CC,CC,CC,CC,CC,AA,CC,CC,CC,CC,CC,CC,CC,CC,CC,CC,CC,AA,CC,CC,CC,CC,CC,CC,CC,CC,CC,CC,CC,CC,CC,CC,CC,CC,CC,CC,CC,CC,CC,CC,CC,CC,CC,CC,CC,CC,AA,CC,CC,CC,CC,CC,CC,CC,CC,CC,AA,CC,AA,CC,CC,CC,CC,CC,CC,CC,CC,CC,CC,CC,CC,CC,CC,CC,AA,CC,CC,CC,CC,CC,CC,CC,AA,CC,AA,CC,CC,CC,CC,CC,CC,CC,CC,AA,AA,CC,AA,CC,CC,CC,CC,CC,CC,CC,CC,CC,CC,CC,CC,CC,CC,CC,CC,CC,CC,CC,CC,CC,CC,AA,CC,CC,CC,CC,CC,CC,CC,CC,CC,CC,CC,CC,CC,CC,CC,CC,CC,CC,CC,CC,CC,CC,AA,CC,AA,CC,CC,CC,CC,CC,CC,CC,CC,CC,CC,CC,CC,CC,CC,CC,CC,CC,CC,CC,CC,CC,CC,CC,CC,CC,CC,CC,AA,CC,CC,CC,AA,AA,CC,AA,CC,CC,CC,CC,CC,CC,CC,CC,CC,CC,CC,CC,CC,CC,CC,CC,CC,CC,CC,CC,CC,CC,CC,CC,CC,CC,CC,AA,CC,CC,CC,CC,CC,CC,CC,CC,CC,CC,AA,AA,CC,CC,CC,CC,CC,CC,CC,CC,CC,CC,CC,CC,CC,CC,CC,CC,CC,CC,CC,CC,CC,CC,CC,CC,CC,CC,CC,CC,CC,CC,CC,CC,CC,CC,CC,CC,CC,CC,CC,CC,CC,CC,CC,CC,CC,CC,CC,CC,CC,CC,CC,CC,CC,AA,CC,CC,CC,CC,CC,CC,CC,CC,CC,CC,CC,CC,CC,CC,CC,CC,CC,CC,CC,CC,CC,CC,CC,CC,CC,CC,CC,CC,CC,CC,CC,CC,CC,CC,CC,CC,CC,CC,CC,CC,CC,CC,CC,CC,AA,CC,CC,CC,CC,CC,CC,CC,CC,CC,CC,CC,CC,CC,CC,CC,CC,CC,CC,CC,CC,CC,CC,CC,CC,CC,CC,CC,CC,CC,CC,CC,CC,CC,CC,CC,CC,CC,CC,CC,CC,CC,CC,CC,CC,AA,CC,CC,CC,CC,CC,CC,CC,CC,CC,CC,CC,CC,CC,CC,CC,NN,CC,CC,CC,CC,CC,CC,CC,CC,CC,CC,CC,CC,CC,CC,CC,AA,CC,CC,CC,CC,CC,CC,CC,CC,CC,CC,CC,CC,CC,CC,CC,NN,CC,CC,CC,CC,CC,CC,CC,AA,CC
IWA3351‡,0.75,,TT,CC,CC,CC,CC,TT,CC,CC,TT,TT,TT,TT,TT,TT,CC,CC,CC,CC,TT,TT,TT,TT,CC,TT,CC,CC,TT,CC,CC,CC,TT,TT,TT,TT,CC,TT,CC,TT,TT,CC,TT,TT,TT,TT,TT,TT,CC,TT,CC,TT,TT,CC,CC,TT,CC,TT,TT,TT,TT,TT,TT,CC,CC,TT,CC,CC,TT,CC,CC,CC,CC,TT,CC,TT,TT,TT,TT,TT,TT,TT,TT,TT,TT,TT,TT,TT,CC,CC,TT,TT,TT,TT,CC,TT,TT,CC,TT,CC,TT,TT,CC,CC,CC,TT,CC,CC,CC,TT,TT,TT,TT,TT,CC,CC,TT,TT,TT,TT,TT,TT,TT,TT,CC,CC,TT,TT,CC,TT,TT,TT,TT,TT,TT,TT,CC,TT,CC,CC,CC,NN,TT,CC,CC,CC,CC,CC,TT,TT,TT,TT,TT,TT,CC,TT,CC,TT,TT,TT,TT,TT,TT,TT,CC,TT,CC,TT,TT,CC,CC,TT,CC,CC,TT,TT,TT,TT,TT,TT,TT,TT,TT,TT,TT,TT,TT,TT,TT,TT,CC,CC,CC,CC,TT,TT,TT,TT,TT,CC,TT,TT,TT,CC,CC,TT,CC,CC,CC,TT,CC,TT,CC,CC,TT,TT,TT,TT,TT,TT,TT,TT,TT,TT,TT,TT,TT,TT,TT,TT,TT,TT,CC,CC,CC,TT,CC,TT,CC,TT,TT,TT,TT,TT,CC,TT,TT,CC,CC,CC,TT,TT,TT,TT,TT,TT,TT,TT,TT,TT,TT,TT,TT,TT,TT,TT,TT,TT,TT,TT,TT,TT,TT,TT,TT,CC,TT,CC,TT,TT,CC,CC,TT,TT,TT,TT,TT,TT,TT,TT,TT,TT,TT,TT,TT,TT,TT,TT,TT,TT,TT,CC,TT,TT,TT,TT,TT,TT,TT,TT,TT,TT,TT,CC,TT,TT,TT,TT,TT,TT,CC,TT,CC,TT,TT,TT,CC,TT,CC,TT,TT,TT,TT,TT,TT,CC,TT,CC,TT,TT,TT,TT,TT,TT,TT,TT,TT,CC,TT,TT,TT,CC,TT,TT,TT,TT,TT,TT,CC,CC,TT,TT,CC,TT,CC,TT,TT,CC,TT,TT,TT,CC,CC,TT,CC,CC,TT,CC,CC,TT,CC,TT,TT,TT,TT,CC,TT,TT,CC,TT,TT,TT,TT,TT,CC,TT,TT,CC,CC,CC,TT,TT,TT,TT,TT,CC,TT,TT,CC,CC,TT,TT,CC,CC,CC,CC,CC,CC,TT,TT,CC,TT,TT,TT,TT,TT,CC,CC,TT,CC,CC,TT,TT,CC,TT,TT,TT,TT,TT,TT,CC,TT,TT,TT,CC,CC,TT,TT,CC,TT,CC,CC,TT,TT,CC,TT,TT,TT,CC,TT,TT,TT,TT,CC,TT,CC,TT,CC,TT,CC,TT,TT,TT,TT,TT,TT,TT,TT,TT,TT,CC,TT,CC,CC,CC,CC,TT,TT,CC,TT,TT,TT,TT,TT,CC,TT,TT,TT,CC,TT,TT,TT,TT,TT,TT,TT,CC,TT,TT,TT,TT,TT,TT,CC,CC,TT,TT,TT,TT,TT,TT,TT,CC,TT,CC,CC,TT,TT,TT,TT,CC,TT,CC,CC,TT,TT,TT,TT,TT,TT,TT,TT,TT,CC,TT,TT,TT,TT,TT,TT,TT,TT,TT,TT,TT,CC,TT,TT,CC,CC,TT,TT,TT,TT,TT,NN,CC,CC,CC,CC,CC,CC,CC,CC,CC,CC,CC,CC,CC,CC,TT,TT,TT,TT,TT,CC,CC,CC,TT,TT,TT,TT,TT,TT,TT,CC,TT,TT,TT,CC,TT,TT,TT,TT,TT,TT,CC,CC,TT,TT,TT,TT,TT,TT,TT,TT,TT,CC,TT,CC,CC,TT,TT,CC,TT,TT,CC,TT,TT,TT,CC,CC,CC,TT,TT,TT,CC,CC,CC,TT,TT,TT,TT,TT,TT,TT,TT,TT,TT,TT,TT,TT,TT,CC,TT,CC,TT,TT,TT,TT,CC,TT,CC,CC,TT,TT,TT,TT,TT,TT,CC,TT,CC,CC,CC,CC,TT,CC,TT,TT,TT,TT,TT,CC,CC,CC,TT,CC,CC,CC,CC,TT,TT,CC,CC,TT,CC,TT,TT,TT,CC,CC,CC,CC,TT,TT,TT,TT,TT,TT,CC,CC,TT,TT,CC,TT,TT,TT,TT,TT,TT,TT,TT,TT,TT,TT,TT,TT,TT,TT,TT,TT,TT,TT,TT,TT,TT,TT,TT,TT,TT,TT,TT,TT,TT,TT,TT,TT,CC,CC,CC,CC,CC,CC,CC,TT,CC,CC,TT,TT,TT,CC,TT,TT,TT,TT,TT,TT,TT,TT,TT,TT,CC,TT,CC,CC,TT,TT,CC,CC,TT,CC,CC,TT,TT,TT,TT,TT,TT,TT,TT,TT,TT,TT,TT,TT,TT,TT,CC,CC,CC,CC,CC,TT,TT,TT,TT,CC,TT,CC,TT,CC,CC,TT,CC,TT,TT,TT,TT,TT,TT,TT,TT,TT,TT,TT,TT,CC,CC,TT,TT,TT,CC,TT,TT,TT,TT,TT,CC,TT,TT,TT,CC,CC,TT,TT,TT,CC,TT,CC,CC,CC,CC,TT,CC,TT,TT,TT,TT,TT,TT,TT,TT,TT,TT,TT,TT,CC,TT,TT,TT,CC,CC,TT,TT,TT,TT,TT,TT,CC,TT,TT,CC,CC,TT,TT,TT,TT,TT,TT,CC,TT,TT,TT,TT,TT,TT,CC,CC,CC,CC,CC,TT,TT,CC,CC,CC,CC,TT,TT,TT,TT,TT,TT,TT,TT,TT,TT,TT,TT,TT,TT,TT,TT,TT,TT,TT,TT,CC,TT,TT,TT,TT,CC,CC,TT,TT,TT,TT,CC,CC,TT,TT,TT,TT,TT,TT,TT,TT,TT,TT,TT,TT,TT,CC,CC,CC,CC,CC,CC,TT,TT,TT,TT,TT,TT,TT,TT,TT,CC,TT,TT,CC,TT,CC,TT,CC,TT,CC,TT,CC,TT,TT,TT,TT,TT,TT,TT,TT,TT,TT,TT,TT,TT,TT,TT,TT,TT,TT,TT,CC,TT,CC,TT,TT,TT,TT,TT,TT,TT,TT,TT,TT,TT,TT,TT,TT,TT,TT,TT,TT,TT,TT,TT,TT,TT,TT,TT,TT,TT,TT,TT,TT,TT,TT,TT,TT,TT,TT,TT,CC,TT,TT,TT,TT,TT,TT,TT,TT,TT,TT,TT,TT,TT,TT,TT,TT,TT,TT,TT,TT,TT,TT,CC,TT,TT,TT,TT,TT,TT,TT,TT,TT,TT,CC,CC,CC,TT,TT,TT,TT,TT,TT,TT,TT,TT,TT,TT,TT,TT,TT,TT,TT,TT,TT,TT,TT,TT,TT,TT,CC,TT,TT,TT,TT,TT,TT,TT,TT,TT,TT,TT,TT,TT,TT,TT,TT,TT,TT,TT,CC,TT,CC,CC,TT,TT,TT,TT,TT,TT,TT,TT,TT,TT,TT,TT,TT,TT,TT,TT,TT,TT,TT,TT,TT,TT,TT,CC,TT,TT,TT,TT,TT,CC,TT,TT,TT,TT,TT,TT,TT,TT,CC,CC,TT,TT,TT,TT,TT,TT,TT,TT,CC,TT,TT,TT,TT
IWA4574*,0.06,,CC,CC,CC,CC,CC,CC,CC,CC,CC,CC,CC,CC,CC,CC,CC,CC,CC,CC,CC,CC,CC,CC,CC,CC,CC,CC,CC,CC,CC,CC,CC,CC,CC,CC,CC,CC,CC,CC,CC,CC,CC,CC,CC,CC,CC,CC,CC,CC,CC,CC,CC,CC,CC,CC,CC,CC,CC,CC,CC,CC,CC,CC,CC,CC,CC,CC,CC,CC,CC,CC,CC,CC,TT,CC,CC,CC,CC,CC,CC,CC,CC,CC,CC,CC,CC,CC,CC,CC,CC,CC,CC,CC,NN,CC,CC,CC,CC,CC,CC,CC,CC,CC,CC,CC,CC,CC,CC,CC,NN,CC,CC,CC,CC,CC,CC,CC,CC,CC,CC,CC,CC,CC,CC,CC,CC,CC,CC,CC,CC,CC,CC,CC,CC,CC,CC,CC,CC,CC,CC,CC,CC,CC,CC,CC,CC,CC,CC,NN,CC,CC,CC,CC,CC,TT,CC,CC,CC,NN,CC,CC,CC,CC,CC,CC,CC,CC,CC,CC,CC,CC,CC,NN,CC,CC,CC,TT,CC,CC,CC,CC,CC,CC,CC,CC,NN,CC,CC,CC,CC,CC,CC,CC,CC,CC,CC,CC,CC,CC,CC,CC,CC,CC,CC,CC,CC,CC,CC,CC,CC,CC,CC,CC,CC,NN,NN,CC,CC,CC,CC,CC,CC,CC,CC,CC,CC,CC,CC,CC,CC,NN,CC,CC,CC,TT,CC,CC,CC,CC,CC,CC,CC,CC,CC,CC,CC,CC,CC,CC,CC,CC,CC,CC,CC,CC,CC,CC,CC,TT,CC,TT,CC,CC,CC,CC,CC,CC,CC,CC,CC,CC,CC,CC,CC,CC,CC,CC,CC,CC,CC,CC,CC,CC,CC,CC,CC,TT,CC,CC,CC,CC,CC,NN,CC,CC,CC,CC,CC,CC,CC,CC,CC,CC,CC,CC,CC,CC,CC,CC,CC,CC,TT,CC,CC,CC,CC,CC,CC,CC,CC,CC,CC,CC,CC,CC,CC,CC,CC,CC,CC,NN,NN,CC,CC,CC,TT,CC,CC,CC,CC,CC,CC,CC,CC,CC,CC,CC,CC,CC,CC,CC,CC,CC,CC,CC,CC,CC,CC,CC,NN,CC,CC,CC,CC,CC,CC,CC,CC,CC,CC,CC,CC,CC,CC,CC,CC,CC,CC,CC,CC,CC,CC,CC,CC,CC,CC,CC,CC,CC,CC,CC,CC,CC,CC,CC,NN,CC,CC,CC,CC,CC,CC,CC,NN,CC,CC,CC,CC,CC,CC,CC,CC,CC,CC,CC,CC,CC,CC,CC,CC,CC,CC,CC,CC,CC,TT,TT,CC,CC,CC,CC,CC,CC,CC,CC,CC,NN,CC,CC,CC,CC,CC,CC,CC,CC,CC,CC,CC,CC,CC,CC,CC,CC,CC,CC,CC,CC,NN,CC,CC,CC,TT,CC,CC,CC,CC,TT,CC,CC,CC,CC,CC,CC,CC,CC,CC,CC,CC,CC,CC,TT,CC,CC,CC,CC,CC,TT,CC,CC,CC,CC,CC,CC,CC,CC,NN,CC,CC,CC,CC,CC,CC,CC,NN,TT,CC,CC,CC,CC,CC,CC,CC,CC,CC,CC,NN,CC,CC,CC,CC,CC,CC,NN,CC,CC,CC,CC,CC,CC,CC,CC,CC,CC,CC,CC,CC,CC,CC,NN,CC,CC,CC,NN,TT,CC,CC,CC,CC,CC,CC,CC,TT,CC,CC,CC,CC,CC,NN,CC,CC,CC,CC,CC,CC,CC,CC,CC,CC,CC,CC,CC,CC,CC,CC,CC,CC,CC,CC,CC,NN,NN,CC,CC,NN,CC,CC,CC,CC,CC,CC,CC,NN,CC,TT,CC,CC,CC,CC,CC,TT,CC,CC,TT,TT,TT,CC,CC,CC,CC,CC,CC,CC,CC,CC,CC,CC,CC,CC,CC,CC,CC,TT,CC,CC,CC,CC,CC,CC,CC,CC,CC,CC,NN,CC,TT,CC,CC,CC,CC,CC,CC,CC,CC,CC,CC,CC,CC,CC,CC,CC,CC,CC,CC,CC,CC,CC,CC,CC,CC,CC,CC,CC,CC,CC,CC,CC,CC,CC,CC,CC,CC,CC,CC,CC,CC,CC,CC,CC,CC,CC,NN,CC,CC,CC,CC,CC,CC,CC,CC,CC,CC,CC,CC,CC,CC,CC,CC,CC,TT,CC,CC,CC,CC,CC,CC,CC,CC,CC,CC,CC,CC,CC,CC,CC,CC,CC,CC,CC,CC,CC,CC,CC,CC,CC,CC,CC,CC,CC,CC,CC,CC,CC,CC,CC,CC,CC,CC,CC,CC,CC,CC,CC,CC,CC,CC,CC,NN,CC,NN,CC,CC,CC,CC,CC,TT,CC,CC,NN,TT,TT,CC,CC,CC,CC,CC,CC,CC,CC,CC,CC,CC,CC,CC,CC,CC,CC,CC,CC,CC,CC,CC,CC,CC,CC,CC,CC,CC,CC,CC,CC,CC,CC,CC,CC,CC,CC,CC,CC,CC,CC,CC,CC,CC,TT,CC,CC,CC,CC,CC,CC,CC,CC,CC,CC,CC,CC,CC,CC,CC,CC,CC,CC,CC,CC,CC,CC,CC,CC,CC,CC,CC,CC,TT,CC,CC,CC,CC,CC,CC,CC,CC,CC,CC,CC,TT,TT,CC,CC,CC,CC,CC,CC,CC,CC,NN,CC,NN,CC,CC,CC,CC,CC,CC,CC,CC,CC,CC,CC,CC,CC,CC,TT,CC,CC,CC,CC,CC,CC,CC,CC,CC,CC,CC,TT,CC,CC,CC,CC,CC,CC,CC,CC,TT,CC,CC,CC,CC,CC,CC,CC,CC,CC,CC,CC,CC,CC,CC,CC,CC,CC,CC,CC,CC,CC,CC,NN,NN,CC,CC,CC,NN,CC,CC,CC,CC,CC,CC,CC,CC,CC,CC,CC,CC,CC,CC,CC,CC,CC,CC,CC,CC,CC,CC,CC,CC,CC,TT,CC,CC,CC,CC,CC,CC,CC,CC,CC,CC,CC,CC,CC,TT,TT,CC,CC,CC,CC,CC,CC,CC,CC,CC,CC,CC,CC,CC,CC,CC,CC,CC,CC,CC,CC,CC,CC,CC,CC,CC,CC,CC,CC,CC,CC,CC,TT,NN,CC,CC,CC,CC,CC,CC,CC,CC,CC,CC,CC,CC,CC,NN,CC,NN,NN,CC,NN,NN,NN,CC,CC,NN,CC,CC,CC,CC,NN,NN,CC,CC,CC,CC,CC,CC,CC,CC,CC,CC,CC,CC,CC,CC,CC,TT,CC,CC,CC,CC,CC,CC,CC,CC,CC,CC,NN,CC,CC,CC,CC,CC,CC,CC,CC,CC,CC,CC,CC,CC,CC,CC,CC,CC,CC,CC,CC,CC,CC,CC,CC,CC,CC,CC,CC,CC,NN,CC,CC,CC,CC,CC,CC,CC,CC,CC,CC,CC,CC,CC,CC,CC,CC,CC,CC,CC,CC,CC,TT,CC,CC,CC,CC,CC,CC,CC,CC,CC,CC,NN,CC,CC,CC,TT,CC,CC,CC,CC,CC,CC,CC,CC,CC,CC,CC,CC,CC,CC,CC,CC,CC,CC,CC,CC,CC,CC,CC,CC,CC,CC,CC,CC,CC,CC,CC,CC,NN,CC,CC,CC,CC,CC,CC,CC,CC,CC,CC,CC,CC,CC,NN,CC,CC,CC,CC,CC,CC,CC,NN,CC,CC
IWA2252‡,0.68,,CC,TT,TT,TT,TT,CC,TT,TT,CC,CC,CC,CC,CC,CC,TT,TT,TT,TT,CC,CC,CC,CC,TT,CC,TT,TT,TT,CC,TT,TT,TT,TT,CC,CC,CC,TT,TT,TT,CC,TT,TT,TT,CC,CC,CC,CC,NN,CC,CC,CC,CC,TT,TT,CC,CC,CC,CC,CC,CC,CC,TT,TT,TT,TT,CC,TT,CC,TT,TT,CC,TT,CC,CC,CC,CC,CC,CC,CC,CC,CC,CC,CC,CC,CC,CC,CC,TT,TT,NN,CC,CC,CC,TT,TT,TT,TT,CC,TT,TT,CC,TT,TT,TT,TT,TT,TT,TT,CC,CC,CC,CC,CC,CC,TT,TT,TT,CC,CC,CC,CC,CC,CC,TT,TT,TT,TT,CC,CC,CC,CC,CC,CC,CC,CC,TT,TT,TT,TT,TT,NN,TT,TT,TT,TT,TT,TT,TT,CC,CC,CC,TT,NN,CC,TT,TT,TT,CC,CC,CC,CC,CC,CC,TT,TT,TT,TT,TT,TT,TT,TT,TT,TT,CC,CC,CC,TT,CC,CC,CC,CC,CC,TT,CC,CC,CC,CC,CC,CC,TT,TT,TT,CC,TT,CC,CC,CC,CC,CC,TT,CC,TT,TT,CC,CC,TT,CC,TT,CC,CC,TT,TT,TT,CC,CC,CC,CC,CC,CC,CC,CC,CC,TT,CC,CC,CC,CC,CC,CC,CC,CC,TT,TT,TT,CC,TT,TT,TT,TT,TT,CC,TT,CC,TT,CC,CC,TT,TT,TT,CC,CC,CC,CC,CC,CC,CC,CC,CC,TT,NN,TT,TT,TT,CC,CC,CC,CC,CC,CC,CC,TT,CC,CC,CC,TT,CC,TT,CC,CC,CC,CC,CC,TT,TT,CC,CC,TT,CC,CC,CC,CC,CC,CC,CC,CC,CC,TT,TT,CC,CC,TT,CC,TT,CC,CC,CC,CC,CC,CC,CC,CC,TT,TT,TT,CC,TT,TT,CC,CC,CC,CC,CC,CC,CC,TT,TT,CC,CC,TT,TT,CC,CC,CC,TT,TT,TT,TT,TT,CC,CC,CC,TT,CC,CC,CC,TT,TT,CC,CC,CC,TT,CC,TT,CC,CC,CC,CC,TT,TT,CC,CC,CC,CC,CC,CC,TT,TT,TT,CC,CC,TT,TT,CC,TT,TT,TT,TT,CC,CC,CC,CC,TT,CC,CC,TT,TT,CC,TT,CC,CC,TT,CC,CC,TT,CC,TT,TT,CC,NN,TT,TT,TT,TT,TT,CC,CC,CC,TT,TT,CC,CC,CC,CC,TT,CC,TT,CC,TT,TT,CC,CC,CC,CC,NN,CC,CC,CC,CC,TT,TT,CC,TT,TT,CC,CC,CC,CC,CC,CC,TT,CC,CC,CC,TT,TT,TT,CC,CC,CC,CC,CC,CC,CC,CC,TT,CC,CC,CC,CC,CC,CC,TT,CC,TT,TT,CC,CC,CC,TT,CC,CC,CC,CC,CC,CC,CC,CC,CC,TT,CC,TT,TT,TT,TT,TT,TT,TT,TT,TT,CC,CC,NN,CC,CC,TT,CC,CC,TT,CC,CC,TT,CC,CC,CC,TT,CC,CC,CC,CC,CC,CC,TT,TT,CC,CC,CC,CC,CC,CC,CC,CC,CC,TT,CC,TT,CC,CC,CC,CC,TT,TT,CC,TT,TT,CC,CC,CC,CC,CC,CC,CC,CC,TT,TT,CC,CC,CC,CC,CC,CC,CC,TT,TT,CC,TT,CC,CC,TT,TT,CC,TT,CC,CC,CC,CC,CC,CC,CC,CC,CC,CC,CC,TT,CC,CC,CC,CC,NN,TT,TT,TT,CC,CC,CC,CC,TT,CC,CC,CC,CC,CC,CC,CC,TT,CC,CC,CC,CC,CC,TT,CC,CC,TT,TT,TT,TT,CC,CC,CC,CC,CC,CC,CC,CC,CC,CC,TT,CC,CC,TT,CC,TT,TT,CC,CC,TT,CC,CC,CC,CC,TT,CC,CC,CC,TT,CC,TT,TT,TT,TT,TT,CC,TT,CC,CC,CC,CC,CC,CC,CC,CC,TT,CC,CC,TT,CC,CC,CC,CC,TT,TT,TT,TT,TT,CC,CC,CC,CC,CC,TT,CC,TT,TT,TT,CC,CC,CC,CC,CC,CC,CC,CC,TT,CC,CC,CC,CC,TT,TT,TT,NN,CC,TT,TT,TT,TT,CC,CC,TT,TT,TT,TT,TT,CC,CC,CC,CC,CC,CC,CC,TT,TT,TT,TT,TT,CC,CC,CC,CC,CC,CC,CC,CC,CC,CC,CC,NN,CC,CC,CC,CC,CC,CC,CC,CC,CC,CC,CC,CC,CC,CC,CC,CC,CC,CC,CC,CC,CC,CC,CC,TT,TT,CC,TT,TT,TT,CC,CC,TT,TT,TT,CC,CC,CC,CC,CC,TT,CC,CC,CC,CC,TT,CC,CC,TT,CC,TT,CC,TT,CC,TT,TT,TT,CC,CC,CC,CC,CC,CC,CC,CC,CC,CC,CC,CC,CC,CC,TT,CC,CC,CC,TT,CC,TT,CC,CC,TT,CC,TT,CC,CC,TT,CC,TT,CC,CC,CC,CC,CC,CC,CC,CC,CC,CC,CC,CC,TT,CC,CC,TT,CC,TT,TT,CC,CC,TT,CC,TT,CC,TT,TT,TT,TT,CC,TT,TT,TT,TT,TT,TT,TT,TT,TT,TT,CC,CC,CC,CC,CC,CC,CC,CC,CC,CC,CC,CC,CC,CC,CC,CC,CC,TT,CC,TT,CC,NN,CC,TT,TT,CC,CC,CC,CC,TT,CC,CC,CC,CC,CC,TT,CC,CC,TT,TT,CC,TT,TT,TT,TT,TT,CC,TT,CC,TT,TT,TT,TT,CC,CC,CC,CC,CC,CC,CC,CC,CC,CC,CC,CC,CC,CC,CC,CC,CC,TT,CC,CC,TT,CC,CC,CC,TT,TT,TT,TT,TT,CC,CC,CC,CC,CC,CC,CC,CC,CC,CC,CC,CC,CC,CC,CC,CC,CC,TT,CC,CC,CC,TT,TT,TT,TT,CC,TT,CC,TT,TT,TT,TT,TT,CC,CC,CC,CC,CC,CC,TT,TT,TT,TT,TT,CC,CC,CC,CC,CC,NN,CC,CC,CC,CC,CC,CC,CC,TT,CC,TT,CC,CC,CC,TT,CC,TT,CC,CC,CC,TT,CC,CC,CC,CC,CC,CC,CC,CC,CC,CC,TT,CC,CC,CC,CC,CC,CC,CC,CC,CC,CC,CC,CC,CC,CC,CC,CC,CC,TT,CC,TT,NN,NN,CC,TT,TT,TT,CC,CC,CC,CC,CC,CC,CC,CC,CC,CC,CC,NN,CC,CC,CC,CC,CC,CC,CC,TT,CC,TT,CC,TT,CC,CC,TT,CC,TT,TT,CC,TT,TT,CC,CC,CC,CC,CC,CC,CC,CC,CC,CC,CC,CC,CC,CC,CC,TT,CC,TT,TT,CC,CC,TT,TT,TT,CC,TT,TT,TT,CC,CC,CC,CC,CC,CC,CC,CC,CC,CC,CC,CC,CC,CC,TT,TT,CC,CC,TT,CC,CC,CC,CC,CC,CC,CC,CC,CC,CC,CC,CC,CC,NN,TT,CC,CC,CC,CC,CC,CC,CC,CC,TT,CC,CC,CC,CC,CC,CC,CC,CC,CC,TT,CC,CC,CC,CC,TT,TT,NN,CC,CC,TT,CC,CC,CC,CC,TT,CC,CC,CC,CC
IWA6868*,0.61,,AA,AA,AA,AA,GG,GG,AA,GG,AA,AA,AA,AA,AA,AA,AA,AA,AA,GG,AA,AA,AA,AA,AA,AA,AA,AA,AA,AA,AA,AA,AA,AA,AA,AA,AA,GG,GG,AA,AA,AA,AA,AA,GG,GG,AA,AA,AA,AA,GG,GG,GG,AA,AA,GG,GG,GG,GG,GG,GG,AA,AA,AA,AA,AA,AA,AA,AA,AA,AA,AA,GG,GG,GG,AA,AA,GG,GG,AA,AA,AA,AA,AA,AA,AA,AA,AA,AA,AA,NN,AA,AA,AA,GG,AA,AA,AA,AA,AA,AA,AA,AA,AA,GG,AA,AA,AA,GG,AA,GG,AA,AA,AA,GG,AA,GG,GG,AA,AA,GG,GG,GG,AA,AA,AA,AA,AA,AA,AA,AA,AA,AA,GG,GG,GG,AA,AA,AA,AA,AA,GG,GG,AA,AA,GG,GG,AA,GG,GG,AA,AA,AA,AA,AA,GG,AA,AA,AA,GG,AA,GG,GG,AA,GG,AA,AA,AA,AA,AA,AA,AA,AA,AA,GG,GG,GG,AA,GG,AA,AA,AA,AA,AA,AA,GG,GG,GG,AA,AA,AA,AA,AA,AA,AA,AA,GG,GG,GG,AA,AA,AA,AA,AA,AA,GG,AA,AA,AA,GG,GG,AA,AA,GG,AA,GG,GG,AA,AA,AA,AA,AA,AA,AA,GG,AA,GG,GG,AA,AA,AA,AA,AA,AA,AA,AA,AA,AA,AA,AA,GG,AA,AA,AA,GG,GG,GG,AA,AA,GG,AA,AA,AA,GG,GG,GG,GG,GG,GG,GG,NN,GG,AA,AA,AA,AA,AA,AA,AA,GG,AA,AA,AA,GG,GG,AA,GG,AA,AA,AA,GG,AA,GG,AA,AA,GG,GG,GG,AA,AA,AA,AA,GG,AA,GG,GG,GG,GG,GG,GG,GG,GG,GG,GG,AA,GG,GG,AA,GG,AA,AA,AA,AA,AA,GG,GG,GG,GG,GG,AA,GG,GG,AA,GG,GG,AA,GG,AA,GG,AA,AA,AA,AA,AA,GG,AA,GG,GG,GG,AA,AA,GG,GG,AA,GG,GG,GG,GG,GG,AA,AA,AA,AA,AA,GG,AA,GG,GG,AA,GG,GG,GG,GG,AA,GG,GG,GG,AA,AA,GG,AA,GG,AA,GG,AA,GG,AA,AA,GG,GG,AA,GG,AA,GG,AA,GG,GG,AA,GG,GG,GG,NN,GG,GG,GG,AA,GG,GG,GG,AA,AA,AA,AA,GG,AA,GG,AA,AA,AA,AA,AA,GG,GG,GG,AA,AA,AA,GG,AA,AA,GG,AA,AA,AA,AA,AA,GG,GG,AA,GG,GG,AA,GG,AA,AA,AA,GG,GG,AA,AA,GG,AA,AA,AA,GG,GG,GG,AA,AA,GG,AA,GG,GG,GG,AA,AA,GG,GG,AA,AA,AA,GG,GG,GG,AA,GG,AA,GG,AA,AA,GG,AA,AA,AA,AA,GG,AA,GG,AA,AA,GG,AA,GG,AA,AA,GG,AA,GG,AA,GG,AA,AA,AA,AA,GG,GG,GG,GG,GG,AA,AA,GG,GG,AA,GG,AA,GG,GG,AA,AA,AA,AA,AA,GG,GG,GG,GG,GG,AA,AA,GG,GG,GG,GG,GG,AA,GG,GG,GG,AA,AA,GG,AA,GG,AA,AA,AA,AA,AA,AA,GG,AA,GG,AA,AA,AA,GG,AA,AA,AA,AA,GG,GG,AA,GG,GG,GG,GG,GG,AA,GG,GG,AA,AA,AA,NN,GG,GG,GG,GG,GG,GG,GG,AA,GG,GG,NN,GG,AA,GG,GG,AA,AA,AA,AA,GG,GG,GG,AA,AA,AA,AA,AA,AA,GG,GG,AA,GG,GG,GG,GG,AA,GG,GG,GG,GG,GG,AA,AA,AA,AA,AA,AA,AA,AA,AA,AA,GG,GG,GG,GG,AA,AA,AA,AA,GG,GG,GG,GG,GG,GG,GG,GG,GG,GG,GG,GG,GG,GG,AA,GG,GG,GG,AA,AA,AA,AA,AA,AA,AA,AA,AA,GG,GG,AA,GG,AA,AA,AA,AA,GG,GG,GG,GG,GG,AA,GG,GG,GG,GG,AA,GG,AA,AA,GG,AA,GG,GG,AA,AA,AA,AA,AA,AA,GG,GG,GG,GG,AA,GG,AA,AA,AA,GG,GG,GG,GG,GG,AA,GG,GG,GG,GG,GG,AA,GG,AA,AA,AA,GG,GG,GG,GG,AA,AA,GG,AA,AA,AA,AA,AA,GG,AA,AA,AA,AA,AA,AA,AA,AA,AA,AA,AA,AA,AA,AA,AA,AA,AA,GG,AA,AA,AA,AA,AA,AA,AA,AA,AA,GG,GG,GG,AA,GG,AA,AA,AA,GG,GG,AA,AA,GG,GG,AA,AA,AA,AA,GG,AA,AA,AA,AA,GG,GG,GG,GG,AA,GG,NN,GG,AA,AA,AA,GG,AA,AA,AA,AA,AA,AA,AA,AA,AA,AA,AA,AA,AA,AA,GG,GG,GG,AA,GG,AA,AA,AA,AA,AA,AA,GG,AA,GG,GG,GG,GG,AA,AA,AA,AA,AA,AA,AA,AA,AA,AA,AA,AA,AA,AA,AA,GG,GG,GG,AA,AA,AA,NN,AA,GG,GG,GG,AA,GG,GG,AA,GG,GG,GG,AA,GG,GG,GG,GG,GG,GG,AA,AA,AA,AA,AA,AA,AA,AA,AA,AA,AA,AA,AA,AA,AA,AA,GG,AA,AA,AA,AA,AA,AA,GG,AA,AA,AA,GG,GG,AA,GG,AA,AA,AA,AA,GG,AA,GG,GG,AA,GG,GG,GG,GG,AA,GG,AA,GG,GG,AA,GG,GG,NN,AA,AA,AA,AA,AA,AA,AA,AA,AA,AA,AA,AA,AA,AA,AA,AA,AA,GG,AA,AA,GG,AA,AA,GG,GG,GG,GG,GG,AA,AA,GG,GG,GG,GG,AA,AA,AA,AA,GG,AA,AA,AA,AA,AA,AA,AA,AA,GG,GG,AA,GG,GG,GG,GG,AA,GG,AA,GG,GG,AA,GG,GG,AA,AA,GG,AA,GG,AA,GG,GG,GG,AA,AA,AA,AA,AA,AA,AA,AA,GG,GG,AA,AA,AA,AA,AA,GG,GG,GG,AA,AA,AA,GG,GG,AA,GG,GG,AA,GG,GG,AA,AA,AA,AA,AA,AA,AA,AA,AA,AA,AA,AA,GG,AA,AA,AA,AA,AA,AA,AA,AA,AA,GG,AA,AA,AA,AA,GG,GG,GG,AA,NN,GG,GG,GG,GG,GG,GG,AA,AA,AA,AA,GG,AA,AA,AA,GG,AA,AA,AA,AA,GG,GG,AA,AA,AA,GG,GG,AA,AA,AA,AA,GG,AA,GG,AA,GG,AA,GG,AA,AA,AA,AA,AA,AA,AA,AA,AA,GG,AA,AA,AA,GG,AA,GG,GG,GG,GG,GG,AA,AA,AA,AA,AA,GG,GG,AA,GG,AA,AA,AA,AA,AA,GG,GG,AA,AA,AA,AA,GG,AA,GG,AA,AA,GG,AA,AA,GG,GG,AA,AA,AA,AA,AA,GG,AA,AA,AA,AA,AA,GG,GG,AA,GG,AA,AA,AA,AA,AA,AA,AA,AA,AA,AA,AA,GG,AA,AA,AA,GG,GG,AA,AA,AA,AA,AA,GG,AA,AA,GG,AA,AA,AA,AA,AA,GG,AA,AA,AA
IWA1031*,0.46,,TT,TT,TT,TT,TT,TT,TT,TT,TT,TT,TT,TT,TT,TT,TT,TT,TT,TT,TT,TT,TT,TT,TT,TT,TT,TT,TT,TT,TT,TT,TT,CC,TT,TT,TT,TT,TT,TT,CC,TT,TT,TT,TT,TT,TT,TT,TT,TT,TT,CC,TT,TT,TT,TT,TT,TT,TT,TT,TT,TT,TT,TT,TT,CC,TT,TT,TT,TT,TT,TT,TT,TT,TT,CC,TT,TT,CC,CC,TT,TT,CC,CC,TT,TT,TT,TT,CC,CC,TT,TT,TT,TT,TT,TT,TT,TT,TT,TT,CC,TT,TT,TT,TT,TT,TT,TT,TT,TT,TT,TT,TT,TT,TT,TT,TT,CC,TT,TT,CC,CC,TT,CC,TT,TT,TT,TT,TT,TT,TT,TT,TT,TT,TT,TT,TT,TT,TT,TT,TT,TT,TT,TT,TT,TT,TT,TT,TT,TT,TT,CC,TT,TT,TT,CC,TT,CC,CC,TT,CC,TT,TT,CC,CC,CC,TT,TT,TT,TT,TT,TT,TT,CC,CC,CC,CC,TT,TT,CC,TT,CC,TT,TT,CC,TT,CC,CC,CC,TT,TT,TT,TT,TT,TT,CC,TT,TT,TT,CC,TT,CC,CC,TT,TT,TT,TT,TT,CC,TT,TT,TT,TT,TT,TT,CC,TT,CC,TT,CC,TT,TT,CC,CC,CC,TT,CC,TT,CC,CC,CC,CC,TT,CC,TT,CC,TT,CC,TT,CC,CC,CC,CC,CC,TT,TT,CC,TT,CC,CC,CC,TT,CC,CC,CC,CC,CC,CC,CC,TT,CC,CC,TT,CC,CC,CC,CC,TT,CC,CC,CC,CC,CC,TT,TT,CC,TT,TT,CC,CC,TT,TT,TT,CC,TT,TT,CC,CC,TT,CC,TT,CC,TT,TT,TT,CC,CC,TT,TT,CC,TT,TT,CC,TT,TT,CC,TT,TT,CC,TT,TT,CC,TT,TT,TT,CC,TT,TT,CC,TT,CC,CC,CC,CC,CC,CC,TT,TT,TT,CC,TT,CC,TT,CC,CC,TT,TT,TT,CC,CC,TT,CC,CC,CC,CC,TT,CC,TT,TT,CC,TT,TT,CC,TT,TT,TT,TT,CC,TT,TT,TT,CC,CC,CC,TT,TT,TT,TT,TT,CC,TT,CC,TT,TT,TT,CC,TT,CC,TT,TT,TT,CC,CC,CC,CC,CC,TT,CC,TT,TT,TT,CC,TT,TT,TT,TT,CC,TT,TT,CC,TT,TT,TT,CC,CC,TT,TT,CC,TT,TT,CC,CC,CC,TT,CC,TT,TT,TT,CC,CC,TT,CC,CC,CC,TT,TT,TT,TT,CC,TT,CC,TT,CC,TT,TT,TT,TT,TT,TT,CC,CC,TT,CC,CC,TT,TT,CC,TT,CC,TT,TT,CC,CC,CC,TT,TT,TT,CC,TT,TT,TT,CC,TT,CC,CC,TT,CC,TT,TT,TT,CC,CC,TT,CC,CC,CC,CC,CC,CC,CC,TT,CC,CC,TT,TT,TT,TT,TT,CC,TT,TT,CC,CC,TT,CC,CC,CC,TT,CC,CC,TT,TT,TT,TT,CC,TT,TT,CC,CC,CC,CC,CC,TT,TT,TT,CC,TT,CC,TT,CC,TT,NN,CC,TT,TT,CC,TT,TT,CC,TT,CC,TT,CC,CC,TT,TT,CC,CC,CC,TT,TT,TT,TT,TT,CC,CC,TT,CC,CC,CC,CC,TT,CC,TT,CC,TT,TT,TT,CC,TT,CC,CC,CC,CC,CC,NN,CC,CC,CC,CC,CC,CC,CC,CC,CC,CC,CC,CC,NN,CC,TT,CC,CC,CC,CC,CC,TT,CC,CC,CC,CC,CC,TT,TT,TT,TT,CC,TT,TT,TT,TT,CC,CC,CC,TT,CC,CC,TT,CC,CC,CC,TT,CC,CC,TT,CC,CC,CC,CC,CC,NN,TT,TT,CC,CC,CC,TT,TT,TT,TT,CC,TT,CC,CC,CC,TT,CC,TT,CC,TT,TT,TT,CC,TT,CC,CC,CC,CC,CC,TT,CC,TT,TT,CC,TT,CC,CC,CC,CC,TT,CC,TT,TT,TT,TT,NN,TT,TT,TT,CC,TT,TT,TT,TT,CC,TT,CC,CC,TT,TT,CC,CC,TT,CC,CC,CC,CC,CC,TT,TT,CC,TT,TT,TT,CC,TT,TT,TT,TT,CC,TT,TT,TT,TT,TT,TT,TT,CC,TT,CC,CC,TT,TT,CC,CC,TT,CC,CC,CC,CC,TT,CC,CC,TT,CC,TT,CC,TT,CC,TT,CC,CC,CC,CC,CC,CC,TT,CC,CC,TT,CC,CC,CC,CC,CC,CC,CC,CC,CC,TT,TT,TT,CC,CC,TT,CC,CC,CC,TT,CC,CC,TT,CC,TT,TT,TT,TT,CC,TT,CC,TT,CC,CC,TT,CC,CC,CC,CC,CC,CC,CC,CC,CC,TT,TT,CC,CC,CC,TT,CC,CC,CC,CC,CC,CC,CC,CC,TT,CC,CC,CC,CC,CC,CC,CC,CC,CC,TT,CC,CC,CC,CC,TT,TT,CC,CC,CC,CC,CC,CC,NN,CC,CC,CC,CC,TT,TT,CC,TT,TT,CC,CC,TT,TT,TT,TT,CC,CC,TT,TT,CC,CC,CC,CC,CC,CC,CC,CC,CC,CC,CC,CC,CC,CC,TT,CC,CC,CC,CC,CC,CC,CC,CC,CC,CC,TT,TT,TT,TT,TT,TT,CC,TT,TT,TT,CC,TT,TT,TT,TT,TT,CC,CC,CC,CC,CC,CC,CC,TT,CC,TT,CC,TT,CC,CC,CC,TT,CC,CC,CC,CC,TT,TT,TT,CC,CC,CC,CC,TT,CC,CC,TT,CC,CC,TT,CC,CC,CC,CC,CC,CC,CC,CC,CC,CC,TT,TT,CC,CC,CC,CC,CC,TT,CC,TT,CC,TT,CC,CC,TT,TT,CC,CC,CC,CC,CC,NN,CC,TT,CC,CC,CC,TT,TT,CC,CC,CC,CC,TT,CC,TT,TT,CC,TT,CC,TT,TT,CC,TT,CC,CC,CC,CC,CC,CC,CC,CC,CC,CC,CC,TT,CC,TT,CC,CC,CC,CC,CC,CC,CC,CC,CC,CC,CC,TT,TT,TT,CC,TT,TT,CC,CC,CC,CC,CC,CC,CC,CC,CC,CC,CC,CC,CC,CC,CC,CC,CC,CC,CC,CC,TT,TT,CC,CC,CC,CC,CC,CC,CC,CC,CC,CC,CC,CC,CC,CC,TT,TT,CC,CC,CC,CC,TT,TT,CC,CC,CC,CC,CC,CC,CC,CC,CC,CC,CC,CC,CC,CC,CC,CC,CC,TT,CC,CC,CC,CC,CC,CC,CC,CC,TT,TT,TT,TT,CC,CC,TT,CC,CC,CC,CC,CC,CC,CC,CC,CC,CC,CC,CC,CC,TT,TT,TT,CC,TT,TT,CC,TT,TT,TT,CC,CC,TT,TT,TT,CC,CC,CC,CC,CC,CC,CC,TT,CC,CC,CC,CC,TT,CC,CC,TT,CC,CC,CC,CC,CC,CC,TT,TT,TT,CC,CC,TT,CC,CC,CC,CC,CC,CC,CC,TT,CC,CC,CC,CC,CC,CC,CC,CC,CC,CC,CC,CC,CC,TT,CC,CC,CC,CC,CC,CC,CC,CC,CC,TT,TT,CC,TT,CC,CC,CC,CC,CC,CC,CC,CC,CC
IWA1525†,0.80,,TT,TT,CC,TT,TT,TT,TT,TT,TT,TT,TT,TT,TT,CC,TT,TT,TT,TT,TT,TT,TT,TT,TT,TT,TT,TT,CC,TT,TT,CC,TT,TT,TT,TT,TT,TT,TT,CC,TT,TT,CC,TT,TT,TT,TT,TT,TT,TT,TT,TT,TT,TT,CC,TT,TT,TT,TT,TT,TT,TT,CC,CC,CC,TT,TT,CC,CC,TT,TT,CC,TT,TT,TT,TT,TT,TT,TT,TT,TT,TT,TT,TT,TT,TT,TT,CC,TT,TT,TT,TT,TT,TT,TT,TT,CC,CC,TT,CC,TT,TT,CC,TT,TT,CC,TT,TT,TT,TT,TT,CC,CC,CC,TT,TT,TT,TT,TT,TT,TT,TT,TT,CC,CC,CC,TT,TT,TT,TT,TT,TT,CC,TT,TT,TT,TT,TT,CC,CC,TT,TT,TT,CC,CC,TT,TT,TT,TT,TT,TT,TT,CC,CC,TT,TT,CC,CC,CC,TT,TT,CC,CC,TT,TT,TT,CC,TT,TT,CC,TT,CC,TT,TT,TT,TT,TT,TT,TT,TT,TT,TT,TT,CC,TT,TT,TT,TT,TT,TT,TT,TT,CC,TT,TT,TT,TT,TT,TT,CC,CC,TT,TT,CC,CC,TT,TT,TT,TT,TT,TT,TT,TT,TT,TT,CC,TT,CC,TT,TT,TT,CC,TT,TT,TT,TT,TT,TT,TT,TT,TT,TT,CC,TT,TT,TT,CC,TT,TT,TT,TT,TT,CC,TT,TT,TT,TT,TT,TT,TT,TT,TT,TT,TT,TT,TT,TT,TT,TT,TT,TT,TT,CC,CC,TT,TT,TT,CC,TT,TT,TT,TT,TT,TT,TT,CC,TT,TT,TT,TT,TT,TT,TT,CC,TT,TT,TT,TT,CC,TT,TT,TT,TT,TT,TT,TT,TT,TT,TT,TT,TT,TT,TT,TT,TT,TT,CC,CC,TT,CC,TT,TT,CC,TT,TT,TT,TT,TT,TT,TT,TT,TT,TT,CC,TT,TT,TT,CC,TT,TT,CC,TT,TT,TT,TT,TT,TT,TT,TT,TT,TT,TT,TT,TT,TT,TT,TT,TT,CC,TT,TT,TT,TT,TT,TT,TT,CC,TT,TT,TT,TT,TT,TT,TT,CC,TT,TT,CC,CC,TT,TT,TT,TT,TT,TT,TT,TT,TT,CC,TT,TT,TT,TT,TT,TT,CC,TT,CC,TT,TT,TT,TT,CC,TT,TT,TT,CC,TT,TT,TT,CC,CC,TT,TT,CC,TT,TT,TT,TT,TT,TT,TT,TT,CC,TT,CC,TT,TT,TT,TT,TT,TT,TT,TT,TT,CC,TT,TT,TT,TT,TT,TT,TT,TT,TT,TT,TT,TT,TT,TT,TT,TT,TT,TT,CC,TT,TT,TT,TT,TT,CC,TT,TT,TT,CC,TT,TT,TT,TT,TT,TT,TT,TT,CC,TT,TT,TT,TT,TT,TT,TT,TT,TT,TT,TT,CC,CC,TT,TT,TT,CC,CC,TT,TT,TT,TT,CC,CC,CC,TT,TT,TT,TT,TT,TT,TT,TT,TT,TT,TT,TT,TT,TT,TT,CC,TT,CC,CC,TT,TT,TT,TT,CC,CC,TT,TT,TT,TT,TT,CC,TT,TT,TT,NN,TT,CC,CC,CC,CC,CC,TT,TT,CC,TT,TT,TT,TT,TT,TT,TT,TT,TT,CC,TT,TT,TT,CC,TT,TT,TT,TT,CC,TT,TT,TT,TT,TT,TT,TT,TT,TT,TT,TT,TT,TT,CC,TT,TT,TT,TT,TT,TT,TT,CC,TT,TT,TT,TT,CC,TT,TT,CC,TT,TT,CC,TT,CC,TT,TT,TT,TT,CC,TT,TT,TT,TT,TT,TT,TT,CC,TT,TT,TT,TT,TT,TT,TT,CC,TT,TT,TT,CC,TT,TT,TT,TT,TT,TT,TT,CC,TT,TT,TT,TT,TT,TT,NN,TT,TT,TT,TT,TT,TT,TT,TT,TT,CC,TT,TT,TT,TT,CC,TT,CC,TT,TT,TT,TT,TT,TT,TT,TT,TT,TT,TT,TT,CC,TT,CC,CC,CC,TT,CC,CC,TT,TT,TT,TT,TT,CC,TT,TT,CC,CC,TT,TT,TT,TT,TT,TT,TT,TT,TT,CC,TT,TT,TT,TT,CC,TT,CC,TT,TT,TT,TT,TT,CC,TT,TT,TT,CC,CC,CC,CC,TT,TT,TT,TT,TT,TT,CC,TT,TT,TT,CC,CC,TT,TT,TT,TT,TT,TT,TT,TT,TT,TT,TT,TT,TT,TT,TT,TT,TT,TT,TT,TT,TT,TT,TT,TT,TT,TT,TT,TT,TT,TT,TT,TT,CC,CC,CC,TT,TT,CC,TT,TT,CC,TT,TT,TT,TT,CC,TT,TT,TT,TT,TT,TT,TT,TT,TT,TT,TT,TT,TT,TT,TT,CC,TT,TT,CC,TT,TT,TT,TT,TT,TT,TT,CC,TT,TT,TT,TT,TT,TT,TT,TT,TT,TT,TT,TT,TT,TT,TT,TT,TT,TT,CC,CC,CC,TT,TT,TT,CC,TT,TT,TT,TT,TT,TT,TT,TT,CC,TT,TT,TT,TT,CC,TT,TT,TT,TT,TT,TT,TT,TT,TT,TT,TT,CC,TT,NN,CC,CC,TT,TT,TT,CC,TT,TT,TT,TT,TT,TT,CC,TT,TT,TT,TT,TT,TT,TT,CC,TT,TT,TT,TT,NN,TT,TT,TT,TT,CC,TT,TT,TT,TT,NN,TT,TT,TT,TT,CC,CC,TT,TT,TT,CC,CC,TT,TT,TT,CC,TT,TT,TT,TT,CC,TT,CC,TT,TT,TT,CC,CC,TT,TT,TT,TT,TT,TT,TT,TT,TT,TT,TT,TT,TT,TT,TT,TT,TT,TT,TT,TT,TT,TT,TT,TT,TT,TT,TT,TT,TT,CC,TT,TT,TT,TT,TT,TT,CC,TT,TT,TT,TT,TT,TT,TT,TT,TT,TT,TT,TT,CC,CC,CC,TT,CC,CC,TT,CC,TT,TT,TT,TT,TT,CC,TT,TT,TT,CC,TT,CC,TT,CC,CC,TT,TT,TT,CC,TT,TT,TT,TT,TT,TT,TT,TT,CC,TT,TT,TT,TT,CC,CC,TT,TT,CC,TT,TT,TT,TT,TT,TT,TT,TT,TT,CC,TT,TT,TT,TT,TT,TT,TT,TT,TT,CC,TT,TT,TT,TT,TT,TT,TT,TT,TT,TT,TT,TT,TT,CC,TT,CC,TT,TT,TT,NN,CC,TT,TT,CC,TT,TT,TT,TT,TT,TT,TT,TT,TT,TT,TT,TT,TT,TT,TT,TT,TT,TT,TT,TT,CC,TT,TT,TT,TT,TT,TT,CC,TT,TT,CC,TT,CC,TT,TT,TT,TT,TT,TT,TT,TT,TT,CC,CC,TT,TT,TT,TT,TT,CC,TT,CC,CC,TT,TT,TT,TT,CC,CC,CC,CC,CC,CC,TT,TT,TT,TT,CC,TT,CC,TT,TT,TT,TT,CC,TT,CC,TT,TT,CC,CC,CC,TT,CC,TT,TT,TT,CC,TT,TT,CC,CC,CC,TT,TT,TT,CC,TT,TT,CC,TT,TT,TT,TT,CC,TT,TT,CC,TT,TT,CC,TT,CC,TT,CC,CC,TT,NN,TT,CC,CC,CC,TT,TT,TT,CC,TT,TT,TT,CC,TT,TT,TT,TT
IWA2568*,0.88,,GG,GG,GG,GG,GG,GG,GG,GG,GG,GG,GG,GG,GG,GG,GG,GG,GG,GG,GG,GG,GG,GG,GG,GG,GG,GG,GG,GG,GG,GG,GG,GG,GG,GG,GG,GG,GG,GG,GG,GG,GG,GG,GG,GG,GG,GG,GG,GG,GG,GG,GG,GG,GG,GG,GG,GG,GG,GG,GG,GG,GG,GG,GG,GG,GG,GG,GG,GG,GG,GG,GG,GG,GG,GG,GG,GG,GG,GG,AA,AA,GG,GG,GG,GG,GG,GG,GG,GG,GG,GG,GG,GG,GG,GG,GG,GG,GG,GG,GG,GG,GG,GG,GG,GG,GG,GG,GG,GG,GG,GG,GG,GG,GG,GG,GG,GG,GG,GG,GG,GG,GG,GG,GG,GG,GG,GG,GG,GG,GG,GG,GG,GG,GG,GG,GG,GG,GG,GG,GG,GG,GG,GG,GG,GG,GG,GG,GG,GG,GG,GG,GG,GG,GG,GG,GG,GG,AA,GG,GG,GG,GG,GG,AA,GG,GG,GG,GG,GG,GG,GG,GG,GG,GG,AA,GG,AA,GG,GG,GG,GG,GG,GG,GG,GG,GG,GG,GG,GG,GG,GG,GG,GG,AA,GG,GG,GG,GG,GG,GG,GG,GG,GG,GG,GG,GG,GG,GG,AA,GG,GG,GG,GG,GG,GG,GG,GG,GG,GG,GG,GG,GG,GG,GG,GG,GG,GG,GG,GG,GG,GG,GG,GG,GG,GG,GG,GG,GG,GG,GG,GG,GG,GG,GG,GG,AA,GG,GG,GG,GG,AA,GG,GG,GG,GG,GG,GG,GG,GG,GG,GG,GG,GG,GG,GG,GG,AA,NN,GG,GG,GG,GG,GG,GG,GG,GG,GG,GG,GG,AA,GG,GG,GG,GG,GG,GG,GG,GG,GG,GG,GG,GG,GG,GG,AA,AA,GG,GG,GG,GG,GG,GG,GG,GG,GG,GG,GG,GG,GG,GG,GG,GG,GG,GG,GG,GG,GG,GG,GG,GG,GG,GG,GG,GG,GG,GG,GG,GG,GG,GG,GG,GG,GG,AA,GG,GG,NN,GG,NN,GG,GG,GG,GG,GG,GG,GG,GG,GG,GG,AA,GG,GG,GG,GG,GG,GG,AA,GG,GG,AA,GG,GG,AA,GG,GG,GG,GG,GG,GG,GG,GG,GG,GG,GG,GG,GG,GG,GG,GG,GG,GG,GG,GG,GG,AA,GG,GG,GG,GG,GG,GG,GG,GG,AA,GG,AA,GG,GG,GG,GG,GG,GG,GG,GG,GG,GG,GG,AA,GG,GG,GG,GG,GG,GG,GG,GG,GG,AA,GG,AA,GG,GG,GG,GG,GG,GG,GG,AA,GG,GG,GG,GG,GG,AA,AA,GG,GG,GG,GG,GG,GG,GG,GG,GG,GG,GG,GG,GG,GG,GG,AA,AA,AA,GG,GG,AA,GG,AA,GG,AA,GG,GG,GG,GG,GG,GG,GG,GG,GG,AA,GG,AA,NN,AA,GG,GG,GG,GG,GG,GG,AA,GG,GG,GG,GG,GG,GG,GG,GG,GG,GG,GG,GG,AA,GG,GG,GG,GG,GG,GG,GG,GG,GG,GG,GG,GG,GG,GG,GG,AA,GG,GG,GG,GG,GG,GG,GG,GG,GG,GG,GG,GG,NN,GG,GG,GG,GG,GG,GG,AA,GG,GG,GG,GG,GG,GG,GG,GG,GG,AA,GG,AA,GG,GG,GG,GG,GG,GG,GG,GG,GG,AA,GG,GG,GG,GG,GG,GG,GG,GG,GG,GG,GG,GG,GG,AA,AA,AA,AA,AA,AA,AA,AA,AA,AA,AA,AA,GG,GG,NN,AA,GG,GG,GG,AA,GG,GG,GG,GG,GG,GG,GG,GG,GG,GG,GG,GG,GG,AA,GG,AA,AA,GG,GG,GG,GG,AA,GG,GG,GG,AA,GG,AA,GG,GG,GG,GG,GG,AA,GG,AA,GG,GG,AA,GG,GG,GG,GG,GG,GG,GG,AA,GG,GG,GG,GG,GG,GG,GG,GG,GG,AA,GG,GG,GG,GG,GG,GG,GG,GG,GG,GG,AA,GG,AA,GG,GG,GG,GG,GG,GG,GG,GG,GG,GG,GG,GG,GG,GG,GG,GG,GG,GG,GG,GG,GG,GG,GG,GG,GG,GG,GG,GG,AA,AA,GG,GG,GG,AA,GG,GG,GG,GG,GG,NN,GG,GG,GG,GG,GG,GG,GG,GG,GG,GG,AA,GG,GG,GG,GG,GG,GG,GG,GG,GG,GG,GG,GG,GG,GG,GG,GG,GG,GG,GG,GG,NN,GG,GG,GG,GG,GG,GG,GG,GG,GG,GG,GG,GG,GG,GG,GG,GG,GG,GG,GG,GG,AA,NN,GG,AA,AA,AA,GG,GG,GG,GG,GG,GG,GG,GG,GG,GG,GG,GG,GG,GG,AA,GG,GG,GG,GG,GG,GG,AA,GG,GG,AA,GG,GG,GG,GG,GG,GG,GG,GG,GG,GG,NN,NN,NN,GG,GG,GG,GG,GG,GG,GG,AA,GG,AA,GG,GG,GG,GG,AA,GG,GG,AA,GG,GG,GG,GG,GG,GG,AA,GG,GG,GG,GG,GG,GG,GG,GG,GG,GG,AA,AA,GG,GG,GG,GG,GG,GG,GG,GG,GG,GG,GG,GG,GG,GG,GG,GG,GG,GG,AA,GG,GG,GG,GG,GG,GG,GG,GG,GG,GG,GG,GG,GG,GG,GG,GG,GG,GG,GG,AA,GG,GG,GG,GG,AA,GG,GG,GG,GG,GG,GG,GG,AA,GG,GG,GG,GG,GG,GG,GG,GG,AA,GG,GG,GG,AA,GG,GG,GG,GG,GG,GG,GG,GG,GG,GG,GG,GG,GG,GG,GG,GG,GG,GG,GG,GG,GG,GG,GG,GG,GG,GG,GG,GG,GG,GG,GG,AA,AA,GG,GG,GG,GG,GG,AA,GG,GG,AA,GG,AA,GG,AA,AA,GG,GG,GG,GG,GG,NN,GG,GG,GG,GG,GG,GG,GG,AA,GG,AA,GG,GG,GG,GG,GG,GG,AA,GG,GG,GG,GG,GG,GG,AA,GG,GG,GG,GG,GG,GG,GG,GG,GG,AA,GG,GG,GG,GG,GG,GG,GG,GG,GG,AA,GG,GG,GG,AA,AA,GG,GG,GG,GG,GG,GG,GG,AA,NN,GG,GG,AA,GG,GG,GG,GG,GG,GG,GG,GG,GG,GG,GG,GG,AA,GG,GG,GG,GG,GG,GG,GG,GG,GG,GG,GG,GG,GG,GG,GG,AA,GG,GG,GG,GG,AA,GG,GG,AA,GG,GG,GG,GG,GG,AA,GG,GG,GG,GG,GG,GG,GG,GG,GG,GG,GG,GG,GG,GG,AA,GG,GG,GG,GG,GG,GG,GG,GG,GG,GG,GG,GG,GG,GG,GG,GG,GG,GG,AA,GG,GG,GG,GG,GG,GG,GG,GG,AA,GG,GG,GG,GG,GG,GG,AA,GG,GG,GG,GG,GG,GG,GG,AA,GG,GG,GG,AA,GG,GG,GG,GG,GG,AA,GG,GG,AA,GG,GG,GG,GG,GG,GG,GG,GG,GG,GG,AA,GG,GG,GG,GG,GG,GG,GG,GG,GG,GG,AA,AA,AA,GG,GG,GG,GG,GG,GG,AA,GG,GG,GG,GG,GG,AA,AA,GG,GG,GG,AA,GG,GG,AA,AA,AA,GG,GG,GG,AA,GG,GG,GG,GG
IWA4549‡,0.66,,TT,TT,TT,TT,TT,TT,TT,TT,TT,TT,TT,TT,TT,TT,TT,TT,TT,TT,TT,TT,TT,CC,CC,TT,CC,TT,CC,CC,CC,TT,CC,TT,TT,TT,TT,TT,TT,TT,CC,CC,CC,TT,TT,TT,TT,TT,CC,TT,TT,TT,CC,TT,TT,CC,TT,TT,TT,TT,TT,TT,TT,TT,TT,TT,TT,NN,TT,TT,TT,CC,TT,TT,TT,TT,CC,TT,TT,TT,TT,TT,TT,TT,CC,TT,TT,TT,TT,TT,TT,TT,TT,TT,TT,TT,TT,TT,TT,TT,TT,TT,CC,TT,TT,TT,TT,TT,TT,TT,TT,TT,TT,TT,TT,TT,CC,TT,TT,TT,TT,CC,TT,TT,TT,TT,TT,TT,TT,TT,TT,TT,TT,TT,TT,TT,TT,TT,TT,TT,CC,TT,TT,TT,TT,TT,TT,CC,TT,TT,TT,CC,CC,CC,TT,CC,TT,CC,CC,CC,TT,CC,CC,TT,TT,TT,CC,CC,CC,CC,TT,TT,TT,TT,TT,TT,TT,CC,TT,TT,TT,CC,TT,TT,CC,TT,TT,TT,CC,TT,TT,TT,CC,TT,TT,TT,TT,TT,TT,CC,TT,CC,TT,TT,CC,TT,TT,CC,TT,TT,TT,TT,CC,TT,TT,TT,TT,TT,CC,TT,TT,TT,TT,TT,TT,TT,CC,TT,TT,TT,TT,CC,TT,TT,TT,TT,TT,TT,TT,TT,TT,TT,TT,TT,TT,TT,CC,CC,TT,TT,TT,CC,CC,TT,TT,TT,TT,TT,TT,CC,TT,TT,TT,CC,TT,TT,TT,TT,TT,TT,CC,TT,TT,TT,TT,TT,CC,CC,TT,TT,TT,TT,TT,TT,TT,TT,TT,TT,CC,TT,TT,TT,TT,TT,TT,CC,CC,TT,CC,TT,TT,TT,TT,TT,TT,CC,CC,TT,TT,TT,TT,TT,TT,TT,TT,CC,TT,TT,TT,TT,TT,CC,TT,TT,CC,TT,TT,TT,TT,TT,TT,TT,TT,CC,CC,TT,TT,TT,TT,TT,TT,TT,CC,CC,TT,CC,TT,TT,CC,TT,TT,TT,TT,CC,TT,CC,CC,CC,CC,TT,TT,CC,CC,TT,TT,TT,TT,CC,TT,TT,TT,TT,CC,CC,TT,CC,CC,TT,TT,CC,TT,CC,CC,TT,TT,TT,TT,TT,CC,CC,TT,CC,TT,TT,CC,TT,CC,TT,TT,TT,TT,TT,TT,TT,TT,TT,TT,TT,TT,CC,TT,CC,TT,TT,TT,TT,TT,CC,CC,CC,CC,CC,CC,CC,TT,TT,CC,TT,TT,TT,TT,TT,CC,CC,TT,TT,CC,TT,TT,CC,TT,TT,CC,TT,CC,CC,TT,TT,TT,TT,TT,CC,CC,CC,TT,TT,TT,CC,CC,TT,TT,TT,TT,TT,TT,TT,CC,TT,TT,TT,TT,TT,TT,TT,TT,CC,TT,CC,TT,CC,TT,CC,TT,TT,CC,CC,TT,TT,CC,CC,TT,CC,TT,TT,CC,TT,TT,TT,TT,TT,TT,TT,CC,TT,TT,CC,TT,TT,TT,TT,TT,TT,TT,TT,TT,TT,TT,CC,TT,TT,CC,TT,CC,CC,TT,TT,TT,TT,TT,TT,CC,TT,CC,TT,TT,TT,CC,TT,TT,TT,CC,TT,TT,CC,TT,CC,CC,CC,CC,TT,CC,CC,TT,TT,TT,CC,TT,TT,CC,CC,TT,TT,TT,TT,CC,CC,CC,CC,CC,CC,CC,CC,CC,CC,CC,CC,CC,CC,TT,CC,TT,CC,CC,CC,TT,CC,TT,CC,CC,TT,TT,TT,TT,TT,CC,TT,TT,TT,TT,CC,CC,CC,TT,TT,TT,TT,TT,TT,TT,TT,TT,CC,TT,TT,TT,TT,CC,TT,TT,CC,CC,CC,CC,TT,TT,CC,NN,CC,CC,CC,TT,CC,CC,CC,CC,TT,CC,TT,TT,TT,CC,TT,TT,TT,TT,TT,CC,TT,TT,TT,TT,TT,TT,CC,TT,TT,CC,TT,TT,TT,CC,TT,CC,CC,CC,TT,CC,CC,TT,TT,CC,CC,TT,TT,TT,TT,CC,TT,TT,CC,TT,TT,TT,TT,CC,CC,TT,CC,TT,CC,CC,TT,TT,TT,CC,TT,CC,CC,TT,CC,CC,CC,CC,CC,TT,TT,CC,TT,TT,TT,TT,TT,CC,TT,TT,CC,TT,TT,TT,CC,TT,TT,TT,CC,TT,TT,TT,TT,TT,TT,TT,TT,TT,TT,TT,TT,TT,TT,TT,TT,TT,TT,TT,TT,TT,TT,TT,CC,CC,CC,CC,CC,CC,CC,CC,TT,CC,CC,TT,CC,CC,CC,TT,TT,TT,TT,TT,CC,TT,TT,TT,CC,CC,TT,TT,CC,TT,CC,CC,CC,CC,TT,TT,CC,TT,TT,TT,TT,TT,TT,TT,TT,TT,TT,TT,TT,TT,TT,CC,CC,CC,CC,TT,TT,CC,TT,TT,TT,CC,CC,TT,TT,TT,CC,TT,TT,TT,TT,TT,TT,CC,TT,TT,TT,TT,TT,TT,CC,TT,TT,TT,TT,TT,CC,TT,TT,CC,TT,TT,TT,TT,CC,CC,CC,TT,CC,CC,CC,TT,TT,TT,TT,TT,CC,CC,CC,TT,TT,TT,TT,CC,TT,TT,TT,TT,TT,TT,NN,TT,TT,TT,CC,CC,TT,TT,TT,TT,TT,CC,CC,TT,TT,TT,TT,TT,TT,TT,CC,CC,TT,CC,TT,TT,TT,CC,TT,CC,CC,TT,TT,TT,TT,CC,CC,TT,CC,CC,CC,TT,CC,TT,TT,CC,TT,TT,CC,CC,CC,TT,TT,TT,CC,CC,TT,TT,CC,CC,TT,TT,CC,TT,TT,CC,TT,CC,TT,CC,TT,CC,CC,CC,TT,TT,CC,TT,TT,TT,TT,CC,TT,TT,CC,TT,TT,CC,TT,CC,TT,CC,CC,CC,CC,CC,CC,TT,CC,CC,CC,CC,TT,TT,CC,CC,CC,TT,TT,CC,CC,TT,TT,CC,TT,TT,TT,TT,TT,TT,TT,TT,TT,CC,TT,TT,TT,CC,CC,CC,TT,TT,TT,TT,TT,CC,TT,TT,TT,CC,TT,TT,TT,TT,CC,TT,TT,CC,TT,TT,CC,TT,CC,TT,TT,TT,CC,TT,CC,CC,TT,TT,TT,CC,CC,CC,TT,TT,CC,CC,TT,TT,CC,CC,CC,CC,CC,TT,TT,TT,CC,CC,CC,TT,TT,CC,TT,TT,CC,TT,TT,TT,TT,TT,NN,TT,CC,CC,TT,CC,TT,TT,CC,CC,CC,CC,CC,TT,TT,CC,TT,CC,TT,TT,CC,CC,CC,CC,TT,TT,TT,TT,TT,TT,CC,CC,TT,CC,CC,TT,CC,TT,CC,CC,TT,CC,CC,CC,CC,TT,TT,TT,CC,CC,TT,TT,TT,TT,TT,TT,CC,CC,CC,TT,TT,CC,CC,CC,TT,CC,TT,TT,TT,CC,TT,TT,TT,TT,TT,CC,TT,CC,TT,CC,TT,TT,CC,CC,CC,TT,CC,CC,TT,TT,TT,CC,TT,TT,CC,CC,CC,TT,TT,NN,TT,CC,CC,NN,TT,CC,CC,TT,CC,CC,TT,CC,CC,TT,TT,CC
IWA418‡,0.93,,TT,TT,TT,TT,TT,TT,TT,TT,TT,TT,TT,TT,TT,TT,TT,TT,TT,TT,NN,TT,TT,CC,TT,TT,TT,TT,TT,TT,TT,TT,TT,TT,TT,TT,TT,TT,TT,TT,TT,TT,TT,TT,TT,TT,TT,TT,TT,TT,TT,TT,TT,TT,TT,TT,TT,TT,TT,TT,TT,TT,TT,TT,TT,TT,TT,TT,TT,CC,TT,CC,TT,TT,TT,TT,TT,TT,TT,TT,TT,TT,TT,TT,CC,TT,TT,TT,TT,TT,TT,TT,TT,TT,TT,TT,TT,TT,TT,TT,TT,TT,TT,TT,TT,TT,TT,TT,TT,TT,TT,TT,TT,TT,TT,TT,TT,TT,TT,TT,TT,TT,TT,TT,TT,TT,TT,TT,TT,TT,TT,TT,TT,TT,TT,TT,TT,TT,TT,TT,TT,TT,TT,TT,TT,TT,TT,TT,TT,TT,TT,TT,TT,TT,TT,TT,TT,TT,TT,TT,TT,TT,TT,TT,TT,TT,TT,TT,TT,TT,TT,TT,TT,TT,TT,TT,TT,TT,TT,TT,TT,TT,TT,TT,TT,TT,TT,TT,TT,TT,TT,TT,TT,TT,TT,TT,TT,TT,TT,TT,TT,TT,TT,CC,TT,TT,TT,TT,TT,TT,TT,TT,CC,TT,TT,TT,TT,TT,TT,TT,TT,TT,TT,TT,TT,TT,TT,TT,TT,TT,TT,TT,TT,TT,TT,TT,TT,TT,TT,TT,TT,TT,CC,TT,TT,TT,TT,TT,TT,TT,TT,TT,TT,TT,TT,TT,TT,TT,TT,TT,TT,TT,TT,TT,TT,TT,TT,CC,TT,TT,TT,TT,TT,TT,TT,TT,TT,TT,TT,TT,CC,TT,TT,TT,TT,TT,TT,TT,TT,TT,TT,TT,TT,TT,TT,TT,TT,TT,TT,TT,CC,TT,TT,TT,TT,TT,TT,TT,TT,TT,TT,TT,TT,TT,TT,TT,TT,TT,TT,TT,TT,TT,TT,TT,TT,TT,TT,TT,TT,TT,CC,TT,TT,TT,TT,TT,TT,TT,TT,TT,TT,TT,TT,TT,TT,TT,TT,TT,TT,TT,TT,TT,CC,TT,TT,TT,TT,TT,TT,TT,TT,TT,TT,TT,TT,TT,TT,TT,TT,TT,TT,TT,TT,TT,TT,TT,TT,TT,TT,TT,TT,TT,TT,TT,TT,TT,TT,TT,CC,TT,TT,TT,TT,TT,TT,TT,TT,TT,TT,TT,TT,TT,TT,TT,TT,TT,TT,TT,TT,TT,TT,TT,TT,TT,TT,TT,TT,TT,TT,TT,TT,TT,TT,TT,TT,TT,TT,TT,TT,TT,TT,TT,TT,TT,TT,TT,TT,TT,TT,TT,TT,TT,TT,TT,TT,TT,TT,TT,TT,TT,TT,TT,TT,TT,TT,TT,TT,TT,CC,TT,TT,TT,TT,TT,TT,TT,TT,TT,TT,TT,TT,TT,TT,TT,TT,TT,TT,TT,TT,TT,TT,TT,TT,TT,TT,TT,TT,TT,TT,TT,TT,TT,TT,TT,TT,TT,TT,TT,TT,TT,CC,TT,TT,CC,TT,TT,TT,TT,TT,TT,TT,CC,TT,TT,TT,TT,TT,TT,TT,TT,TT,TT,TT,TT,TT,TT,TT,TT,TT,TT,TT,TT,TT,TT,TT,TT,TT,TT,TT,TT,TT,TT,TT,CC,TT,TT,TT,TT,TT,TT,TT,TT,TT,TT,TT,TT,TT,TT,TT,TT,TT,CC,TT,TT,TT,TT,TT,TT,TT,TT,TT,TT,TT,TT,TT,TT,TT,TT,CC,TT,TT,CC,CC,TT,TT,TT,TT,TT,TT,TT,TT,CC,TT,CC,TT,TT,TT,TT,TT,TT,TT,TT,CC,TT,TT,TT,TT,TT,TT,TT,CC,TT,TT,TT,TT,TT,TT,TT,TT,TT,TT,TT,TT,TT,CC,TT,TT,TT,TT,TT,TT,TT,TT,TT,TT,TT,CC,TT,TT,TT,TT,TT,TT,TT,TT,TT,TT,TT,TT,TT,TT,TT,TT,TT,TT,TT,TT,TT,TT,CC,TT,TT,TT,TT,TT,TT,TT,TT,TT,TT,TT,TT,TT,TT,TT,TT,TT,CC,TT,TT,TT,TT,TT,TT,TT,TT,TT,TT,TT,TT,CC,CC,CC,TT,TT,TT,TT,TT,TT,TT,TT,TT,TT,TT,TT,TT,TT,TT,CC,TT,TT,TT,TT,TT,TT,TT,TT,TT,TT,TT,TT,TT,TT,TT,TT,TT,TT,TT,TT,TT,TT,TT,TT,TT,TT,TT,TT,TT,TT,CC,TT,TT,TT,TT,TT,TT,TT,TT,TT,TT,TT,TT,TT,TT,TT,CC,CC,TT,TT,TT,TT,TT,TT,TT,TT,TT,TT,TT,CC,TT,TT,TT,TT,TT,CC,TT,TT,TT,TT,TT,TT,TT,TT,TT,TT,TT,CC,TT,TT,TT,TT,TT,TT,TT,TT,TT,TT,TT,TT,TT,TT,TT,TT,TT,TT,TT,TT,TT,TT,TT,TT,TT,TT,TT,TT,TT,TT,TT,TT,TT,TT,TT,TT,TT,TT,TT,TT,TT,TT,TT,TT,TT,TT,TT,CC,CC,TT,TT,TT,TT,CC,TT,TT,TT,TT,TT,TT,TT,TT,TT,TT,TT,TT,TT,TT,TT,TT,TT,TT,TT,TT,CC,CC,TT,TT,TT,TT,TT,TT,TT,TT,TT,TT,CC,CC,TT,CC,TT,TT,TT,TT,TT,TT,TT,TT,TT,TT,TT,TT,TT,TT,TT,TT,TT,TT,TT,TT,TT,TT,TT,TT,TT,TT,TT,TT,TT,TT,TT,TT,TT,TT,CC,TT,TT,TT,TT,TT,TT,TT,TT,TT,TT,TT,TT,TT,TT,TT,TT,TT,TT,TT,TT,TT,TT,TT,TT,TT,CC,TT,TT,TT,TT,TT,TT,TT,TT,TT,CC,TT,TT,TT,CC,TT,TT,TT,TT,TT,TT,TT,TT,TT,TT,TT,TT,TT,TT,TT,TT,TT,TT,TT,TT,TT,TT,TT,TT,CC,TT,TT,TT,TT,TT,TT,TT,TT,TT,TT,CC,CC,CC,TT,TT,TT,TT,TT,TT,TT,TT,CC,CC,TT,TT,TT,CC,TT,TT,TT,TT,TT,TT,TT,TT,TT,TT,TT,TT,TT,TT,TT,TT,CC,TT,TT,TT,TT,TT,TT,TT,TT,TT,TT,TT,TT,TT,TT,TT,TT,TT,NN,TT,TT,TT,TT,TT,TT,TT,TT,CC,CC,CC,TT,TT,TT,TT,TT,TT,TT,TT,TT,TT,TT,TT,CC,TT,TT,TT,TT,TT,TT,TT,TT,TT,TT,TT,TT,TT,TT,NN,TT,TT,TT,TT,TT,TT,TT,CC,TT,TT,TT,TT,TT,TT,TT,CC,TT,TT,TT,CC,TT,TT,TT,TT,TT,TT,TT,TT,TT,TT,TT,TT,TT,TT,TT,TT,TT,TT,TT,TT,CC,TT,TT,TT,TT,TT,TT,TT,TT,TT,TT,TT,TT,TT,CC,TT,TT,TT,TT,TT,CC,TT,CC,TT,CC,CC,CC,CC,CC,TT,TT,TT,TT,CC,TT,TT,TT,TT,TT,TT,CC,TT,CC,TT,TT,TT,TT,TT,TT,TT,CC,TT,TT,TT,TT,TT,TT,CC,CC
IWA2272‡,0.56,,GG,TT,TT,TT,TT,TT,TT,GG,TT,TT,TT,TT,TT,TT,TT,TT,GG,TT,TT,GG,GG,GG,TT,GG,GG,TT,TT,GG,GG,GG,TT,GG,GG,TT,GG,GG,TT,GG,GG,TT,TT,TT,GG,GG,GG,GG,GG,GG,TT,GG,GG,TT,GG,GG,TT,TT,TT,TT,TT,GG,GG,TT,TT,TT,GG,NN,GG,GG,TT,GG,TT,GG,GG,GG,GG,GG,GG,TT,GG,GG,TT,TT,GG,GG,GG,GG,TT,GG,GG,GG,GG,GG,GG,TT,GG,TT,TT,TT,GG,GG,GG,TT,TT,TT,TT,TT,TT,GG,TT,GG,GG,GG,GG,TT,GG,GG,GG,GG,GG,GG,GG,GG,GG,GG,TT,TT,GG,GG,GG,GG,GG,GG,GG,GG,TT,TT,GG,TT,GG,GG,TT,TT,GG,GG,TT,GG,GG,TT,TT,GG,GG,GG,TT,TT,GG,GG,GG,TT,GG,GG,GG,TT,GG,GG,GG,TT,TT,GG,TT,GG,TT,TT,GG,GG,GG,TT,GG,TT,GG,TT,GG,TT,GG,TT,GG,GG,GG,GG,GG,GG,TT,GG,GG,GG,GG,GG,GG,TT,GG,GG,GG,GG,TT,TT,GG,GG,TT,GG,TT,TT,GG,GG,GG,GG,TT,GG,GG,TT,GG,GG,TT,GG,TT,GG,GG,GG,GG,GG,GG,TT,TT,TT,GG,TT,TT,TT,TT,TT,TT,GG,GG,GG,GG,GG,GG,GG,TT,GG,TT,TT,GG,GG,GG,GG,GG,GG,GG,GG,GG,TT,TT,TT,GG,TT,GG,GG,TT,TT,GG,TT,GG,TT,GG,GG,TT,GG,GG,GG,GG,TT,GG,GG,GG,TT,TT,TT,TT,TT,TT,GG,TT,TT,TT,GG,GG,GG,GG,TT,GG,TT,GG,GG,GG,GG,GG,GG,GG,GG,GG,GG,TT,GG,TT,GG,GG,GG,GG,GG,GG,TT,GG,GG,GG,TT,TT,TT,GG,TT,GG,TT,TT,TT,GG,TT,TT,GG,GG,TT,GG,GG,TT,GG,GG,GG,GG,TT,GG,TT,TT,TT,GG,TT,GG,GG,TT,GG,TT,TT,GG,GG,GG,GG,NN,TT,TT,TT,TT,GG,GG,TT,TT,GG,TT,TT,GG,TT,TT,GG,GG,GG,GG,GG,GG,TT,GG,TT,TT,TT,GG,TT,TT,TT,GG,GG,TT,TT,TT,TT,TT,TT,GG,TT,TT,TT,GG,GG,TT,TT,GG,GG,GG,TT,TT,GG,TT,TT,GG,TT,GG,GG,GG,GG,GG,GG,GG,GG,GG,TT,TT,TT,GG,GG,TT,TT,GG,TT,GG,GG,TT,GG,GG,TT,GG,TT,TT,TT,TT,GG,GG,GG,GG,GG,TT,TT,GG,GG,GG,GG,TT,GG,TT,GG,GG,TT,GG,GG,TT,GG,TT,TT,TT,TT,TT,TT,GG,GG,GG,GG,TT,TT,TT,TT,GG,GG,TT,TT,TT,TT,GG,GG,TT,TT,GG,TT,GG,TT,TT,TT,TT,GG,GG,TT,GG,GG,TT,TT,TT,GG,TT,GG,TT,GG,TT,GG,TT,GG,GG,GG,TT,GG,GG,TT,TT,TT,GG,GG,GG,GG,GG,TT,TT,TT,TT,TT,GG,GG,GG,TT,GG,GG,TT,TT,GG,GG,GG,TT,GG,GG,GG,TT,TT,TT,GG,TT,GG,GG,TT,TT,TT,GG,TT,TT,GG,GG,GG,GG,GG,GG,GG,GG,GG,TT,GG,GG,GG,GG,GG,TT,TT,GG,TT,GG,GG,GG,TT,TT,GG,TT,TT,GG,GG,GG,TT,GG,GG,GG,GG,GG,TT,TT,GG,TT,GG,TT,TT,TT,GG,GG,GG,GG,GG,GG,TT,GG,TT,GG,TT,GG,TT,GG,GG,GG,GG,GG,NN,GG,GG,GG,GG,GG,GG,TT,GG,GG,TT,TT,TT,GG,GG,TT,GG,GG,GG,GG,TT,TT,TT,GG,TT,GG,GG,TT,GG,GG,TT,TT,GG,GG,TT,GG,TT,TT,TT,TT,GG,GG,GG,GG,TT,GG,TT,GG,TT,TT,GG,GG,TT,TT,TT,TT,GG,GG,GG,GG,GG,GG,GG,GG,GG,TT,GG,TT,TT,TT,TT,GG,GG,TT,TT,TT,TT,TT,GG,TT,GG,TT,GG,GG,GG,TT,TT,TT,TT,TT,GG,TT,GG,TT,GG,TT,GG,GG,GG,TT,GG,TT,GG,TT,GG,GG,GG,GG,GG,GG,TT,GG,GG,TT,GG,GG,GG,GG,GG,GG,GG,TT,GG,GG,GG,GG,GG,TT,TT,GG,GG,TT,GG,GG,GG,TT,TT,TT,TT,TT,GG,GG,TT,GG,TT,GG,TT,GG,GG,GG,TT,GG,GG,GG,GG,TT,TT,GG,TT,TT,GG,GG,GG,GG,GG,GG,GG,GG,TT,GG,GG,GG,TT,GG,GG,GG,TT,GG,GG,GG,TT,GG,TT,GG,TT,TT,GG,GG,TT,GG,TT,TT,GG,TT,TT,TT,TT,GG,TT,GG,GG,TT,TT,GG,TT,GG,TT,GG,GG,GG,GG,TT,TT,GG,GG,TT,TT,TT,TT,TT,TT,GG,GG,TT,TT,TT,GG,GG,TT,TT,GG,TT,TT,TT,GG,GG,TT,TT,GG,TT,GG,NN,GG,GG,GG,GG,TT,TT,TT,GG,TT,TT,GG,GG,TT,TT,TT,TT,TT,TT,TT,TT,TT,GG,GG,TT,GG,TT,TT,GG,GG,GG,TT,TT,GG,TT,GG,GG,TT,TT,TT,TT,TT,TT,GG,GG,GG,TT,GG,TT,TT,TT,TT,TT,TT,TT,GG,TT,TT,TT,GG,GG,TT,GG,TT,TT,GG,TT,GG,GG,GG,GG,GG,TT,NN,TT,TT,TT,GG,GG,TT,TT,TT,GG,TT,GG,GG,GG,TT,GG,GG,GG,GG,GG,GG,GG,GG,GG,GG,GG,GG,GG,TT,TT,TT,GG,TT,TT,TT,TT,TT,GG,TT,GG,TT,GG,TT,GG,GG,GG,GG,GG,GG,GG,TT,TT,GG,GG,TT,GG,TT,TT,GG,GG,GG,GG,TT,TT,TT,GG,TT,TT,TT,TT,TT,TT,TT,TT,TT,TT,TT,GG,TT,TT,GG,GG,GG,GG,TT,TT,TT,GG,TT,GG,TT,TT,TT,GG,TT,GG,GG,GG,TT,GG,TT,TT,GG,TT,GG,TT,TT,GG,GG,GG,TT,GG,TT,GG,TT,GG,GG,GG,GG,TT,TT,NN,GG,GG,GG,GG,GG,GG,GG,GG,GG,TT,GG,GG,TT,TT,GG,GG,TT,TT,TT,TT,TT,TT,GG,TT,TT,GG,GG,TT,GG,GG,TT,TT,GG,GG,NN,GG,TT,TT,GG,GG,TT,TT,TT,GG,TT,TT,TT,TT,GG,GG,GG,GG,GG,TT,TT,TT,GG,TT,TT,TT,TT,GG,TT,GG,GG,GG,GG,GG,GG,TT,TT,TT,TT,TT,TT,TT,TT,GG,GG,GG,GG,GG,GG,GG,GG,GG,GG,TT,GG,GG,TT,TT,TT,GG,TT,GG,GG,TT,TT,TT,TT,GG,NN,TT,TT,GG,TT,TT,GG,TT,TT,GG,TT,TT,GG
IWA1361†,0.93,,AA,AA,AA,AA,AA,AA,AA,AA,AA,AA,AA,AA,AA,AA,AA,AA,AA,AA,AA,AA,AA,AA,AA,AA,AA,AA,AA,AA,AA,AA,AA,AA,AA,AA,AA,AA,AA,AA,AA,AA,AA,GG,AA,AA,AA,AA,AA,AA,AA,AA,AA,AA,AA,AA,AA,AA,AA,AA,AA,AA,AA,AA,AA,AA,AA,AA,AA,AA,AA,AA,AA,AA,AA,AA,AA,AA,AA,AA,AA,AA,AA,AA,AA,AA,AA,AA,AA,AA,AA,AA,AA,AA,AA,AA,AA,AA,AA,AA,AA,AA,AA,AA,AA,AA,GG,AA,AA,AA,AA,AA,AA,AA,AA,AA,AA,AA,AA,AA,AA,AA,AA,AA,GG,GG,GG,AA,AA,AA,AA,AA,AA,AA,AA,AA,AA,AA,AA,AA,AA,AA,AA,AA,AA,AA,AA,AA,AA,AA,AA,AA,AA,AA,AA,AA,GG,AA,GG,AA,AA,AA,AA,AA,AA,AA,AA,AA,AA,AA,GG,AA,GG,AA,AA,AA,AA,GG,AA,AA,AA,AA,AA,AA,AA,AA,AA,AA,AA,AA,AA,AA,AA,AA,AA,AA,AA,AA,AA,GG,AA,AA,AA,AA,AA,AA,AA,AA,AA,AA,AA,GG,AA,AA,AA,AA,AA,AA,AA,AA,AA,AA,AA,AA,AA,AA,AA,AA,AA,AA,AA,AA,AA,AA,AA,AA,AA,AA,AA,AA,AA,AA,AA,AA,AA,AA,AA,AA,AA,AA,AA,GG,AA,AA,AA,AA,AA,AA,AA,AA,AA,AA,AA,AA,AA,AA,AA,AA,AA,AA,AA,AA,AA,AA,AA,AA,AA,AA,AA,AA,AA,AA,AA,AA,AA,AA,GG,AA,AA,AA,AA,AA,AA,AA,AA,AA,AA,AA,AA,AA,AA,AA,AA,AA,AA,AA,AA,AA,AA,AA,AA,AA,AA,AA,AA,AA,AA,AA,AA,AA,AA,AA,AA,AA,AA,AA,AA,AA,AA,AA,AA,AA,AA,AA,AA,AA,AA,AA,AA,AA,AA,AA,AA,AA,AA,AA,AA,AA,AA,AA,AA,AA,AA,AA,AA,AA,AA,AA,AA,AA,AA,AA,AA,AA,NN,GG,AA,AA,GG,AA,AA,AA,AA,AA,AA,AA,AA,AA,AA,AA,AA,AA,AA,AA,AA,AA,AA,AA,AA,GG,AA,AA,AA,AA,AA,AA,AA,AA,GG,AA,AA,GG,GG,AA,AA,AA,AA,AA,AA,AA,AA,AA,AA,AA,AA,AA,AA,AA,AA,GG,AA,AA,AA,AA,AA,AA,AA,AA,AA,AA,AA,AA,AA,AA,AA,AA,AA,AA,AA,AA,AA,AA,AA,AA,AA,AA,AA,AA,AA,AA,GG,AA,AA,AA,AA,AA,AA,AA,AA,AA,AA,AA,AA,GG,AA,AA,AA,AA,AA,AA,AA,AA,AA,AA,AA,GG,AA,AA,AA,AA,AA,AA,AA,GG,AA,AA,GG,AA,AA,AA,AA,AA,AA,AA,AA,AA,AA,AA,AA,AA,AA,AA,AA,AA,AA,AA,AA,AA,AA,AA,AA,AA,GG,GG,GG,AA,AA,AA,AA,AA,AA,AA,AA,AA,AA,AA,AA,AA,AA,AA,AA,AA,AA,AA,AA,AA,AA,AA,AA,AA,AA,AA,AA,AA,AA,AA,AA,AA,AA,AA,AA,GG,AA,AA,AA,AA,AA,AA,AA,AA,GG,AA,AA,AA,AA,AA,AA,AA,AA,AA,AA,AA,AA,AA,AA,AA,AA,AA,AA,AA,AA,AA,AA,AA,AA,AA,AA,AA,AA,AA,AA,AA,AA,AA,AA,AA,AA,AA,AA,AA,AA,AA,AA,GG,AA,GG,AA,AA,AA,AA,AA,AA,AA,AA,AA,AA,AA,AA,AA,AA,AA,AA,AA,AA,AA,AA,AA,AA,AA,AA,AA,AA,AA,AA,AA,AA,AA,AA,AA,AA,AA,AA,AA,AA,AA,AA,AA,AA,AA,AA,AA,AA,AA,AA,AA,AA,AA,AA,AA,AA,AA,AA,AA,AA,GG,AA,AA,AA,AA,AA,AA,AA,GG,AA,AA,AA,AA,AA,AA,AA,AA,AA,AA,AA,AA,AA,AA,AA,AA,AA,GG,AA,AA,AA,GG,GG,GG,AA,AA,AA,GG,GG,GG,GG,AA,GG,AA,AA,AA,AA,AA,GG,AA,AA,GG,AA,AA,AA,AA,AA,AA,AA,AA,AA,AA,AA,AA,AA,AA,AA,AA,AA,AA,AA,AA,AA,AA,AA,AA,AA,AA,AA,AA,AA,AA,AA,AA,AA,GG,AA,AA,AA,AA,AA,AA,AA,GG,AA,AA,AA,AA,GG,AA,AA,AA,AA,AA,AA,AA,AA,AA,AA,GG,AA,AA,AA,AA,AA,AA,AA,AA,GG,GG,AA,AA,AA,AA,AA,AA,AA,AA,AA,AA,AA,AA,AA,AA,AA,AA,AA,AA,AA,AA,AA,AA,AA,AA,AA,AA,AA,AA,AA,AA,AA,GG,AA,AA,AA,AA,AA,AA,AA,AA,AA,AA,AA,AA,GG,AA,AA,AA,AA,AA,AA,AA,AA,AA,AA,AA,AA,AA,AA,GG,GG,AA,GG,GG,AA,GG,AA,AA,AA,AA,AA,AA,AA,AA,AA,AA,AA,AA,AA,AA,AA,AA,AA,AA,AA,AA,AA,AA,AA,AA,AA,AA,AA,AA,AA,AA,AA,AA,AA,GG,GG,AA,AA,AA,AA,AA,AA,GG,AA,AA,AA,GG,AA,AA,AA,GG,GG,AA,GG,AA,AA,GG,AA,AA,AA,AA,AA,AA,AA,AA,AA,AA,AA,AA,AA,AA,AA,AA,AA,AA,AA,AA,AA,AA,AA,AA,AA,AA,AA,AA,AA,AA,AA,GG,AA,GG,AA,NN,AA,AA,AA,AA,AA,AA,AA,AA,AA,AA,AA,AA,AA,GG,AA,AA,AA,AA,AA,AA,AA,AA,AA,AA,AA,AA,AA,AA,AA,AA,AA,AA,AA,AA,GG,AA,AA,AA,AA,AA,AA,AA,AA,AA,AA,AA,AA,AA,AA,AA,AA,AA,AA,GG,AA,AA,AA,AA,AA,AA,AA,AA,AA,AA,AA,AA,AA,AA,AA,AA,AA,AA,AA,AA,AA,AA,AA,AA,AA,AA,AA,AA,AA,AA,AA,AA,AA,AA,AA,AA,GG,AA,AA,AA,GG,AA,AA,AA,AA,AA,AA,AA,AA,AA,AA,AA,AA,AA,AA,AA,AA,AA,AA,AA,AA,AA,AA,AA,AA,AA,AA,AA,AA,AA,AA,AA,AA,AA,AA,GG,AA,AA,AA,AA,GG,AA,AA,AA,AA,AA,AA,AA,AA,AA,AA,AA,AA,AA,AA,AA,AA,AA,AA,GG,GG,AA,AA,AA,AA,AA,AA,AA,AA,GG,AA,AA,AA,AA,AA,AA,AA,AA,AA,AA,AA,AA,AA,AA,AA,AA,AA,AA,AA,AA,AA,AA,AA,AA,AA,AA,AA,AA,AA,AA,AA,AA,AA,AA,AA,AA,AA,AA,AA,AA,AA,AA,GG,AA,AA,AA,AA,AA,AA,AA,AA,GG,AA,AA,AA,AA,AA,AA,AA,AA,AA,AA,AA,AA,AA,AA,AA,AA,AA,AA,AA,AA
IWA1971*,0.89,,CC,CC,CC,CC,CC,CC,CC,CC,CC,CC,CC,CC,CC,CC,CC,CC,CC,CC,CC,CC,CC,CC,CC,CC,CC,CC,CC,CC,CC,CC,CC,CC,CC,CC,CC,CC,CC,CC,CC,CC,CC,CC,CC,CC,CC,CC,CC,CC,CC,CC,CC,CC,CC,CC,CC,CC,CC,CC,CC,CC,CC,CC,CC,CC,CC,CC,CC,CC,CC,CC,CC,CC,CC,CC,CC,CC,CC,CC,CC,CC,CC,CC,CC,TT,CC,CC,CC,CC,CC,CC,CC,CC,TT,CC,CC,CC,CC,CC,CC,TT,CC,CC,CC,CC,CC,CC,CC,CC,CC,CC,CC,CC,CC,CC,CC,CC,CC,CC,CC,CC,TT,CC,CC,CC,CC,CC,CC,CC,CC,CC,CC,CC,CC,CC,CC,CC,CC,CC,CC,CC,CC,CC,CC,CC,CC,CC,CC,CC,CC,CC,CC,CC,CC,CC,CC,CC,CC,CC,CC,CC,CC,CC,CC,CC,CC,CC,CC,CC,CC,CC,CC,CC,CC,TT,CC,CC,CC,CC,CC,CC,CC,CC,CC,CC,CC,CC,CC,TT,CC,CC,CC,CC,CC,CC,CC,CC,CC,CC,CC,CC,CC,CC,CC,CC,CC,CC,CC,CC,CC,CC,CC,CC,TT,CC,CC,TT,CC,CC,CC,CC,CC,CC,CC,CC,CC,CC,CC,TT,TT,CC,CC,CC,CC,CC,CC,CC,CC,CC,CC,CC,CC,CC,CC,CC,CC,CC,CC,CC,CC,TT,CC,TT,TT,TT,TT,TT,TT,CC,CC,CC,CC,CC,CC,CC,CC,CC,CC,CC,CC,CC,CC,CC,TT,CC,CC,CC,TT,CC,CC,CC,TT,CC,CC,CC,CC,CC,CC,CC,CC,CC,CC,CC,CC,TT,TT,CC,CC,CC,CC,CC,TT,CC,CC,CC,CC,CC,CC,CC,CC,CC,CC,TT,CC,CC,CC,CC,CC,TT,CC,CC,CC,CC,CC,CC,CC,CC,CC,CC,CC,CC,CC,CC,CC,CC,CC,CC,CC,CC,CC,TT,CC,CC,CC,CC,CC,CC,CC,CC,CC,CC,CC,CC,CC,CC,CC,CC,CC,CC,CC,CC,TT,CC,CC,CC,CC,CC,CC,CC,CC,CC,CC,CC,CC,CC,CC,CC,CC,CC,CC,CC,CC,TT,CC,CC,CC,CC,CC,TT,TT,CC,CC,CC,CC,TT,CC,CC,CC,CC,CC,CC,CC,CC,CC,CC,CC,CC,CC,TT,CC,CC,CC,CC,CC,CC,CC,CC,CC,TT,CC,CC,CC,CC,CC,CC,CC,CC,CC,CC,CC,CC,CC,CC,CC,CC,CC,CC,CC,CC,CC,TT,CC,CC,TT,CC,CC,CC,CC,CC,CC,CC,CC,CC,CC,CC,CC,CC,CC,CC,CC,CC,TT,CC,CC,CC,CC,CC,CC,CC,CC,CC,CC,CC,CC,TT,CC,CC,CC,CC,CC,CC,CC,TT,CC,CC,CC,CC,CC,CC,CC,CC,CC,CC,CC,CC,CC,CC,CC,CC,CC,CC,CC,CC,TT,CC,CC,CC,CC,CC,CC,CC,CC,CC,TT,CC,CC,CC,CC,CC,CC,CC,CC,CC,CC,CC,CC,TT,CC,TT,CC,CC,CC,CC,CC,CC,CC,CC,CC,CC,CC,CC,TT,TT,CC,CC,CC,CC,CC,CC,CC,CC,CC,CC,TT,TT,CC,CC,CC,TT,TT,CC,CC,CC,CC,CC,CC,CC,CC,CC,CC,CC,CC,CC,CC,CC,CC,CC,CC,CC,CC,CC,CC,CC,CC,TT,CC,CC,CC,CC,CC,CC,TT,CC,TT,CC,CC,TT,CC,CC,TT,CC,CC,CC,CC,CC,CC,CC,CC,CC,CC,TT,CC,CC,CC,CC,CC,TT,CC,CC,CC,CC,CC,CC,CC,CC,CC,TT,TT,TT,TT,CC,CC,CC,CC,CC,CC,CC,CC,CC,CC,CC,CC,CC,CC,CC,CC,CC,CC,CC,CC,CC,CC,CC,CC,CC,CC,CC,CC,CC,TT,CC,TT,TT,CC,CC,TT,TT,TT,CC,TT,TT,CC,CC,CC,CC,CC,CC,CC,CC,CC,CC,CC,CC,CC,TT,TT,CC,CC,CC,TT,CC,CC,CC,CC,CC,TT,CC,CC,CC,TT,TT,TT,TT,CC,TT,CC,CC,CC,CC,CC,TT,CC,CC,TT,CC,CC,CC,CC,CC,CC,CC,CC,CC,CC,CC,CC,CC,CC,CC,CC,CC,CC,CC,CC,CC,CC,CC,CC,CC,CC,CC,CC,CC,CC,CC,CC,CC,CC,CC,CC,CC,CC,TT,TT,CC,TT,TT,TT,CC,CC,TT,CC,CC,CC,CC,CC,CC,CC,CC,CC,CC,TT,CC,CC,TT,CC,CC,CC,CC,CC,TT,TT,CC,CC,CC,CC,CC,CC,CC,CC,CC,CC,CC,CC,CC,CC,CC,CC,CC,TT,CC,CC,CC,CC,CC,CC,TT,CC,TT,CC,TT,CC,CC,CC,CC,CC,CC,CC,CC,CC,CC,CC,CC,CC,CC,CC,TT,CC,CC,CC,TT,TT,CC,CC,CC,TT,CC,TT,TT,TT,CC,TT,TT,CC,CC,CC,CC,TT,CC,CC,CC,CC,CC,TT,CC,CC,CC,CC,CC,CC,CC,CC,CC,CC,CC,CC,CC,CC,CC,CC,CC,CC,CC,CC,CC,CC,CC,CC,CC,CC,CC,CC,CC,CC,CC,CC,CC,TT,CC,CC,CC,TT,CC,CC,CC,CC,TT,CC,TT,TT,CC,CC,TT,TT,CC,CC,CC,CC,CC,CC,CC,CC,CC,CC,CC,CC,CC,CC,CC,CC,CC,CC,CC,CC,CC,CC,CC,TT,CC,CC,CC,CC,CC,CC,CC,CC,CC,TT,CC,CC,CC,CC,CC,CC,CC,CC,CC,CC,CC,CC,CC,CC,CC,TT,CC,CC,CC,CC,CC,CC,CC,CC,CC,CC,CC,CC,CC,CC,TT,CC,CC,CC,CC,CC,TT,TT,CC,TT,TT,CC,CC,CC,CC,CC,CC,CC,CC,CC,CC,CC,CC,CC,CC,CC,CC,CC,CC,CC,CC,CC,CC,CC,CC,CC,CC,CC,CC,CC,CC,CC,CC,CC,CC,CC,CC,CC,CC,CC,CC,CC,CC,CC,CC,CC,CC,CC,CC,CC,CC,CC,TT,CC,CC,CC,TT,CC,CC,CC,CC,CC,TT,CC,CC,CC,CC,CC,CC,CC,CC,CC,CC,CC,CC,CC,CC,CC,CC,CC,CC,CC,CC,CC,TT,CC,CC,CC,CC,CC,CC,CC,CC,CC,CC,CC,TT,CC,CC,CC,CC,CC,CC,CC,CC,TT,CC,CC,CC,CC,CC,CC,CC,CC,CC,CC,CC,CC,CC,CC,CC,CC,CC,CC,CC,CC,NN,CC,CC,CC,CC,CC,CC,CC,CC,CC,CC,CC,CC,CC,TT,TT,CC,CC,CC,CC,NN,TT,CC,CC,CC,CC,CC,CC,CC,CC,CC,CC,CC,CC,CC,CC,CC,CC,CC,CC,CC,CC,TT,CC,CC,CC,CC,CC,CC,CC,CC,CC,CC,CC,CC,CC,CC,CC,CC,CC,CC,CC,TT,CC,CC,CC,CC,CC,CC,CC,CC,CC
,,,,,,,,,,,,,,,,,,,,,,,,,,,,,,,,,,,,,,,,,,,,,,,,,,,,,,,,,,,,,,,,,,,,,,,,,,,,,,,,,,,,,,,,,,,,,,,,,,,,,,,,,,,,,,,,,,,,,,,,,,,,,,,,,,,,,,,,,,,,,,,,,,,,,,,,,,,,,,,,,,,,,,,,,,,,,,,,,,,,,,,,,,,,,,,,,,,,,,,,,,,,,,,,,,,,,,,,,,,,,,,,,,,,,,,,,,,,,,,,,,,,,,,,,,,,,,,,,,,,,,,,,,,,,,,,,,,,,,,,,,,,,,,,,,,,,,,,,,,,,,,,,,,,,,,,,,,,,,,,,,,,,,,,,,,,,,,,,,,,,,,,,,,,,,,,,,,,,,,,,,,,,,,,,,,,,,,,,,,,,,,,,,,,,,,,,,,,,,,,,,,,,,,,,,,,,,,,,,,,,,,,,,,,,,,,,,,,,,,,,,,,,,,,,,,,,,,,,,,,,,,,,,,,,,,,,,,,,,,,,,,,,,,,,,,,,,,,,,,,,,,,,,,,,,,,,,,,,,,,,,,,,,,,,,,,,,,,,,,,,,,,,,,,,,,,,,,,,,,,,,,,,,,,,,,,,,,,,,,,,,,,,,,,,,,,,,,,,,,,,,,,,,,,,,,,,,,,,,,,,,,,,,,,,,,,,,,,,,,,,,,,,,,,,,,,,,,,,,,,,,,,,,,,,,,,,,,,,,,,,,,,,,,,,,,,,,,,,,,,,,,,,,,,,,,,,,,,,,,,,,,,,,,,,,,,,,,,,,,,,,,,,,,,,,,,,,,,,,,,,,,,,,,,,,,,,,,,,,,,,,,,,,,,,,,,,,,,,,,,,,,,,,,,,,,,,,,,,,,,,,,,,,,,,,,,,,,,,,,,,,,,,,,,,,,,,,,,,,,,,,,,,,,,,,,,,,,,,,,,,,,,,,,,,,,,,,,,,,,,,,,,,,,,,,,,,,,,,,,,,,,,,,,,,,,,,,,,,,,,,,,,,,,,,,,,,,,,,,,,,,,,,,,,,,,,,,,,,,,,,,,,,,,,,,,,,,,,,,,,,,,,,,,,,,,,,,,,,,,,,,,,,,,,,,,,,,,,,,,,,,,,,,,,,,,,,,,,,,,,,,,,,,,,,,,,,,,,,,,,,,,,,,,,,,,,,,,,,,,,,,,,,,,,,,,,,,,,,,,,,,,,,,,,,,,,,,,,,,,,,,,,,,,,,,,,,,,,,,,,,,,,,,,,,,,,,,,,,
